FN,EAR_L,EAR_R,EAR,P1,P2,P3,P4,P5,P6,TIMESTAMP
1,0,0,0,0,0,0,0,0,0,1663658290640
2,0,0,0,0,0,0,0,0,0,1663658290657
3,0,0,0,0,0,0,0,0,0,1663658290670
4,0,0,0,0,0,0,0,0,0,1663658290684
5,0,0,0,0,0,0,0,0,0,1663658290700
6,0,0,0,0,0,0,0,0,0,1663658290711
7,0,0,0,0,0,0,0,0,0,1663658290723
8,0,0,0,0,0,0,0,0,0,1663658290736
9,0,0,0,0,0,0,0,0,0,1663658290747
10,0,0,0,0,0,0,0,0,0,1663658290759
11,0,0,0,0,0,0,0,0,0,1663658290774
12,0,0,0,0,0,0,0,0,0,1663658290787
13,0,0,0,0,0,0,0,0,0,1663658290803
14,0,0,0,0,0,0,0,0,0,1663658290822
15,0,0,0,0,0,0,0,0,0,1663658290838
16,0,0,0,0,0,0,0,0,0,1663658290858
17,0,0,0,0,0,0,0,0,0,1663658290875
18,0,0,0,0,0,0,0,0,0,1663658290893
19,0,0,0,0,0,0,0,0,0,1663658290908
20,0,0,0,0,0,0,0,0,0,1663658290926
21,0,0,0,0,0,0,0,0,0,1663658290942
22,0,0,0,0,0,0,0,0,0,1663658290962
23,0,0,0,0,0,0,0,0,0,1663658290981
24,0,0,0,0,0,0,0,0,0,1663658290996
25,0,0,0,0,0,0,0,0,0,1663658291010
26,0,0,0,0,0,0,0,0,0,1663658291023
27,0,0,0,0,0,0,0,0,0,1663658291036
28,0,0,0,0,0,0,0,0,0,1663658291051
29,0,0,0,0,0,0,0,0,0,1663658291070
30,0,0,0,0,0,0,0,0,0,1663658291098
31,0,0,0,0,0,0,0,0,0,1663658291113
32,0,0,0,0,0,0,0,0,0,1663658291132
33,0,0,0,0,0,0,0,0,0,1663658291149
34,0,0,0,0,0,0,0,0,0,1663658291167
35,0,0,0,0,0,0,0,0,0,1663658291184
36,0,0,0,0,0,0,0,0,0,1663658291203
37,0,0,0,0,0,0,0,0,0,1663658291221
38,0,0,0,0,0,0,0,0,0,1663658291239
39,0,0,0,0,0,0,0,0,0,1663658291256
40,0,0,0,0,0,0,0,0,0,1663658291272
41,0,0,0,0,0,0,0,0,0,1663658291291
42,0,0,0,0,0,0,0,0,0,1663658291306
43,0,0,0,0,0,0,0,0,0,1663658291333
44,0,0,0,0,0,0,0,0,0,1663658291350
45,0,0,0,0,0,0,0,0,0,1663658291366
46,0,0,0,0,0,0,0,0,0,1663658291384
47,0,0,0,0,0,0,0,0,0,1663658291403
48,0,0,0,0,0,0,0,0,0,1663658291420
49,0,0,0,0,0,0,0,0,0,1663658291435
50,0,0,0,0,0,0,0,0,0,1663658291458
51,0,0,0,0,0,0,0,0,0,1663658291475
52,0,0,0,0,0,0,0,0,0,1663658291491
53,0,0,0,0,0,0,0,0,0,1663658291506
54,0,0,0,0,0,0,0,0,0,1663658291523
55,0,0,0,0,0,0,0,0,0,1663658291541
56,0,0,0,0,0,0,0,0,0,1663658291556
57,0,0,0,0,0,0,0,0,0,1663658291575
58,0,0,0,0,0,0,0,0,0,1663658291593
59,0,0,0,0,0,0,0,0,0,1663658291609
60,0,0,0,0,0,0,0,0,0,1663658291623
61,0,0,0,0,0,0,0,0,0,1663658291639
62,0,0,0,0,0,0,0,0,0,1663658291655
63,0,0,0,0,0,0,0,0,0,1663658291671
64,0,0,0,0,0,0,0,0,0,1663658291687
65,0,0,0,0,0,0,0,0,0,1663658291705
66,0,0,0,0,0,0,0,0,0,1663658291722
67,0,0,0,0,0,0,0,0,0,1663658291739
68,0,0,0,0,0,0,0,0,0,1663658291756
69,0,0,0,0,0,0,0,0,0,1663658291774
70,0,0,0,0,0,0,0,0,0,1663658291792
71,0,0,0,0,0,0,0,0,0,1663658291809
72,0,0,0,0,0,0,0,0,0,1663658291827
73,0,0,0,0,0,0,0,0,0,1663658291845
74,0,0,0,0,0,0,0,0,0,1663658291863
75,0,0,0,0,0,0,0,0,0,1663658291880
76,0,0,0,0,0,0,0,0,0,1663658291897
77,0,0,0,0,0,0,0,0,0,1663658291914
78,0,0,0,0,0,0,0,0,0,1663658291932
79,0,0,0,0,0,0,0,0,0,1663658291948
80,0,0,0,0,0,0,0,0,0,1663658291965
81,0,0,0,0,0,0,0,0,0,1663658291981
82,0,0,0,0,0,0,0,0,0,1663658291998
83,0,0,0,0,0,0,0,0,0,1663658292014
84,0,0,0,0,0,0,0,0,0,1663658292030
85,0,0,0,0,0,0,0,0,0,1663658292047
86,0,0,0,0,0,0,0,0,0,1663658292064
87,0,0,0,0,0,0,0,0,0,1663658292080
88,0,0,0,0,0,0,0,0,0,1663658292094
89,0,0,0,0,0,0,0,0,0,1663658292109
90,0,0,0,0,0,0,0,0,0,1663658292124
91,0,0,0,0,0,0,0,0,0,1663658292139
92,0,0,0,0,0,0,0,0,0,1663658292154
93,0,0,0,0,0,0,0,0,0,1663658292170
94,0,0,0,0,0,0,0,0,0,1663658292186
95,0,0,0,0,0,0,0,0,0,1663658292202
96,0,0,0,0,0,0,0,0,0,1663658292219
97,0,0,0,0,0,0,0,0,0,1663658292236
98,0,0,0,0,0,0,0,0,0,1663658292254
99,0,0,0,0,0,0,0,0,0,1663658292271
100,0,0,0,0,0,0,0,0,0,1663658292289
101,0,0,0,0,0,0,0,0,0,1663658292305
102,0,0,0,0,0,0,0,0,0,1663658292322
103,0,0,0,0,0,0,0,0,0,1663658292338
104,0,0,0,0,0,0,0,0,0,1663658292354
105,0,0,0,0,0,0,0,0,0,1663658292373
106,0,0,0,0,0,0,0,0,0,1663658292387
107,0,0,0,0,0,0,0,0,0,1663658292403
108,0,0,0,0,0,0,0,0,0,1663658292420
109,0,0,0,0,0,0,0,0,0,1663658292437
110,0,0,0,0,0,0,0,0,0,1663658292454
111,0,0,0,0,0,0,0,0,0,1663658292470
112,0,0,0,0,0,0,0,0,0,1663658292490
113,0,0,0,0,0,0,0,0,0,1663658292508
114,0,0,0,0,0,0,0,0,0,1663658292524
115,0,0,0,0,0,0,0,0,0,1663658292540
116,0,0,0,0,0,0,0,0,0,1663658292557
117,0,0,0,0,0,0,0,0,0,1663658292575
118,0,0,0,0,0,0,0,0,0,1663658292591
119,0,0,0,0,0,0,0,0,0,1663658292608
120,0,0,0,0,0,0,0,0,0,1663658292625
121,0,0,0,0,0,0,0,0,0,1663658292642
122,0,0,0,0,0,0,0,0,0,1663658292666
123,0,0,0,0,0,0,0,0,0,1663658292696
124,0,0,0,0,0,0,0,0,0,1663658292722
125,0,0,0,0,0,0,0,0,0,1663658292737
126,0,0,0,0,0,0,0,0,0,1663658292760
127,0,0,0,0,0,0,0,0,0,1663658292782
128,0,0,0,0,0,0,0,0,0,1663658292803
129,0,0,0,0,0,0,0,0,0,1663658292828
130,0,0,0,0,0,0,0,0,0,1663658292853
131,0,0,0,0,0,0,0,0,0,1663658292880
132,0,0,0,0,0,0,0,0,0,1663658292905
133,0,0,0,0,0,0,0,0,0,1663658292928
134,0,0,0,0,0,0,0,0,0,1663658292944
135,0,0,0,0,0,0,0,0,0,1663658292962
136,0,0,0,0,0,0,0,0,0,1663658292988
137,0,0,0,0,0,0,0,0,0,1663658293005
138,0,0,0,0,0,0,0,0,0,1663658293025
139,0,0,0,0,0,0,0,0,0,1663658293041
140,0,0,0,0,0,0,0,0,0,1663658293059
141,0,0,0,0,0,0,0,0,0,1663658293078
142,0,0,0,0,0,0,0,0,0,1663658293093
143,0,0,0,0,0,0,0,0,0,1663658293108
144,0,0,0,0,0,0,0,0,0,1663658293125
145,0,0,0,0,0,0,0,0,0,1663658293140
146,0,0,0,0,0,0,0,0,0,1663658293155
147,0,0,0,0,0,0,0,0,0,1663658293171
148,0,0,0,0,0,0,0,0,0,1663658293189
149,0,0,0,0,0,0,0,0,0,1663658293206
150,0,0,0,0,0,0,0,0,0,1663658293222
151,0,0,0,0,0,0,0,0,0,1663658293238
152,0,0,0,0,0,0,0,0,0,1663658293258
153,0,0,0,0,0,0,0,0,0,1663658293273
154,0,0,0,0,0,0,0,0,0,1663658293289
155,0,0,0,0,0,0,0,0,0,1663658293305
156,0,0,0,0,0,0,0,0,0,1663658293322
157,0,0,0,0,0,0,0,0,0,1663658293339
158,0,0,0,0,0,0,0,0,0,1663658293356
159,0,0,0,0,0,0,0,0,0,1663658293375
160,0,0,0,0,0,0,0,0,0,1663658293393
161,0,0,0,0,0,0,0,0,0,1663658293410
162,0,0,0,0,0,0,0,0,0,1663658293428
163,0,0,0,0,0,0,0,0,0,1663658293444
164,0,0,0,0,0,0,0,0,0,1663658293461
165,0,0,0,0,0,0,0,0,0,1663658293480
166,0,0,0,0,0,0,0,0,0,1663658293500
167,0,0,0,0,0,0,0,0,0,1663658293517
168,0,0,0,0,0,0,0,0,0,1663658293536
169,0,0,0,0,0,0,0,0,0,1663658293553
170,0,0,0,0,0,0,0,0,0,1663658293571
171,0,0,0,0,0,0,0,0,0,1663658293587
172,0,0,0,0,0,0,0,0,0,1663658293605
173,0,0,0,0,0,0,0,0,0,1663658293617
174,0,0,0,0,0,0,0,0,0,1663658293632
175,0,0,0,0,0,0,0,0,0,1663658293647
176,0,0,0,0,0,0,0,0,0,1663658293663
177,0,0,0,0,0,0,0,0,0,1663658293677
178,0,0,0,0,0,0,0,0,0,1663658293693
179,0,0,0,0,0,0,0,0,0,1663658293707
180,0,0,0,0,0,0,0,0,0,1663658293723
181,0,0,0,0,0,0,0,0,0,1663658293739
182,0,0,0,0,0,0,0,0,0,1663658293755
183,0,0,0,0,0,0,0,0,0,1663658293772
184,0,0,0,0,0,0,0,0,0,1663658293788
185,0,0,0,0,0,0,0,0,0,1663658293802
186,0,0,0,0,0,0,0,0,0,1663658293816
187,0,0,0,0,0,0,0,0,0,1663658293828
188,0,0,0,0,0,0,0,0,0,1663658293840
189,0,0,0,0,0,0,0,0,0,1663658293864
190,0,0,0,0,0,0,0,0,0,1663658293892
191,0,0,0,0,0,0,0,0,0,1663658293907
192,0,0,0,0,0,0,0,0,0,1663658293938
193,0,0,0,0,0,0,0,0,0,1663658293962
194,0,0,0,0,0,0,0,0,0,1663658293989
195,0,0,0,0,0,0,0,0,0,1663658294018
196,0,0,0,0,0,0,0,0,0,1663658294043
197,0,0,0,0,0,0,0,0,0,1663658294068
198,0,0,0,0,0,0,0,0,0,1663658294097
199,0,0,0,0,0,0,0,0,0,1663658294125
200,0,0,0,0,0,0,0,0,0,1663658294152
201,0,0,0,0,0,0,0,0,0,1663658294169
202,0,0,0,0,0,0,0,0,0,1663658294187
203,0,0,0,0,0,0,0,0,0,1663658294213
204,0,0,0,0,0,0,0,0,0,1663658294229
205,0,0,0,0,0,0,0,0,0,1663658294247
206,0,0,0,0,0,0,0,0,0,1663658294264
207,0,0,0,0,0,0,0,0,0,1663658294281
208,0,0,0,0,0,0,0,0,0,1663658294296
209,0,0,0,0,0,0,0,0,0,1663658294313
210,0,0,0,0,0,0,0,0,0,1663658294332
211,0,0,0,0,0,0,0,0,0,1663658294350
212,0,0,0,0,0,0,0,0,0,1663658294369
213,0,0,0,0,0,0,0,0,0,1663658294387
214,0,0,0,0,0,0,0,0,0,1663658294404
215,0,0,0,0,0,0,0,0,0,1663658294419
216,0,0,0,0,0,0,0,0,0,1663658294435
217,0,0,0,0,0,0,0,0,0,1663658294452
218,0,0,0,0,0,0,0,0,0,1663658294470
219,0,0,0,0,0,0,0,0,0,1663658294488
220,0,0,0,0,0,0,0,0,0,1663658294505
221,0,0,0,0,0,0,0,0,0,1663658294523
222,0,0,0,0,0,0,0,0,0,1663658294540
223,0,0,0,0,0,0,0,0,0,1663658294557
224,0,0,0,0,0,0,0,0,0,1663658294574
225,0,0,0,0,0,0,0,0,0,1663658294591
226,0,0,0,0,0,0,0,0,0,1663658294609
227,0,0,0,0,0,0,0,0,0,1663658294625
228,0,0,0,0,0,0,0,0,0,1663658294641
229,0,0,0,0,0,0,0,0,0,1663658294654
230,0,0,0,0,0,0,0,0,0,1663658294671
231,0,0,0,0,0,0,0,0,0,1663658294687
232,0,0,0,0,0,0,0,0,0,1663658294704
233,0,0,0,0,0,0,0,0,0,1663658294721
234,0,0,0,0,0,0,0,0,0,1663658294738
235,0,0,0,0,0,0,0,0,0,1663658294755
236,0,0,0,0,0,0,0,0,0,1663658294771
237,0,0,0,0,0,0,0,0,0,1663658294788
238,0,0,0,0,0,0,0,0,0,1663658294806
239,0,0,0,0,0,0,0,0,0,1663658294825
240,0,0,0,0,0,0,0,0,0,1663658294841
241,0,0,0,0,0,0,0,0,0,1663658294858
242,0,0,0,0,0,0,0,0,0,1663658294882
243,0,0,0,0,0,0,0,0,0,1663658294896
244,0,0,0,0,0,0,0,0,0,1663658294911
245,0,0,0,0,0,0,0,0,0,1663658294927
246,0,0,0,0,0,0,0,0,0,1663658294946
247,0,0,0,0,0,0,0,0,0,1663658294964
248,0,0,0,0,0,0,0,0,0,1663658294981
249,0,0,0,0,0,0,0,0,0,1663658294999
250,0,0,0,0,0,0,0,0,0,1663658295019
251,0,0,0,0,0,0,0,0,0,1663658295036
252,0,0,0,0,0,0,0,0,0,1663658295054
253,0,0,0,0,0,0,0,0,0,1663658295071
254,0,0,0,0,0,0,0,0,0,1663658295086
255,0,0,0,0,0,0,0,0,0,1663658295105
256,0,0,0,0,0,0,0,0,0,1663658295128
257,0,0,0,0,0,0,0,0,0,1663658295147
258,0,0,0,0,0,0,0,0,0,1663658295167
259,0,0,0,0,0,0,0,0,0,1663658295188
260,0,0,0,0,0,0,0,0,0,1663658295205
261,0,0,0,0,0,0,0,0,0,1663658295221
262,0,0,0,0,0,0,0,0,0,1663658295237
263,0,0,0,0,0,0,0,0,0,1663658295255
264,0,0,0,0,0,0,0,0,0,1663658295272
265,0,0,0,0,0,0,0,0,0,1663658295291
266,0,0,0,0,0,0,0,0,0,1663658295307
267,0,0,0,0,0,0,0,0,0,1663658295323
268,0,0,0,0,0,0,0,0,0,1663658295340
269,0,0,0,0,0,0,0,0,0,1663658295356
270,0,0,0,0,0,0,0,0,0,1663658295373
271,0,0,0,0,0,0,0,0,0,1663658295389
272,0,0,0,0,0,0,0,0,0,1663658295405
273,0,0,0,0,0,0,0,0,0,1663658295422
274,0,0,0,0,0,0,0,0,0,1663658295435
275,0,0,0,0,0,0,0,0,0,1663658295450
276,0,0,0,0,0,0,0,0,0,1663658295466
277,0,0,0,0,0,0,0,0,0,1663658295483
278,0,0,0,0,0,0,0,0,0,1663658295501
279,0,0,0,0,0,0,0,0,0,1663658295518
280,0,0,0,0,0,0,0,0,0,1663658295536
281,0,0,0,0,0,0,0,0,0,1663658295553
282,0,0,0,0,0,0,0,0,0,1663658295572
283,0,0,0,0,0,0,0,0,0,1663658295588
284,0,0,0,0,0,0,0,0,0,1663658295606
285,0,0,0,0,0,0,0,0,0,1663658295624
286,0,0,0,0,0,0,0,0,0,1663658295642
287,0,0,0,0,0,0,0,0,0,1663658295660
288,0,0,0,0,0,0,0,0,0,1663658295677
289,0,0,0,0,0,0,0,0,0,1663658295696
290,0,0,0,0,0,0,0,0,0,1663658295713
291,0,0,0,0,0,0,0,0,0,1663658295732
292,0,0,0,0,0,0,0,0,0,1663658295749
293,0,0,0,0,0,0,0,0,0,1663658295766
294,0,0,0,0,0,0,0,0,0,1663658295783
295,0,0,0,0,0,0,0,0,0,1663658295801
296,0,0,0,0,0,0,0,0,0,1663658295819
297,0,0,0,0,0,0,0,0,0,1663658295836
298,0,0,0,0,0,0,0,0,0,1663658295854
299,0,0,0,0,0,0,0,0,0,1663658295873
300,0,0,0,0,0,0,0,0,0,1663658295890
301,0,0,0,0,0,0,0,0,0,1663658295903
302,0,0,0,0,0,0,0,0,0,1663658295917
303,0,0,0,0,0,0,0,0,0,1663658295930
304,0,0,0,0,0,0,0,0,0,1663658295953
305,0,0,0,0,0,0,0,0,0,1663658295973
306,0,0,0,0,0,0,0,0,0,1663658295991
307,0,0,0,0,0,0,0,0,0,1663658296009
308,0,0,0,0,0,0,0,0,0,1663658296030
309,0,0,0,0,0,0,0,0,0,1663658296047
310,0,0,0,0,0,0,0,0,0,1663658296066
311,0,0,0,0,0,0,0,0,0,1663658296086
312,0,0,0,0,0,0,0,0,0,1663658296114
313,0,0,0,0,0,0,0,0,0,1663658296132
314,0,0,0,0,0,0,0,0,0,1663658296149
315,0,0,0,0,0,0,0,0,0,1663658296177
316,0,0,0,0,0,0,0,0,0,1663658296195
317,0,0,0,0,0,0,0,0,0,1663658296222
318,0,0,0,0,0,0,0,0,0,1663658296238
319,0,0,0,0,0,0,0,0,0,1663658296266
320,0,0,0,0,0,0,0,0,0,1663658296282
321,0,0,0,0,0,0,0,0,0,1663658296300
322,0,0,0,0,0,0,0,0,0,1663658296318
323,0,0,0,0,0,0,0,0,0,1663658296336
324,0,0,0,0,0,0,0,0,0,1663658296352
325,0,0,0,0,0,0,0,0,0,1663658296370
326,0,0,0,0,0,0,0,0,0,1663658296385
327,0,0,0,0,0,0,0,0,0,1663658296406
328,0,0,0,0,0,0,0,0,0,1663658296425
329,0,0,0,0,0,0,0,0,0,1663658296450
330,0,0,0,0,0,0,0,0,0,1663658296473
331,0,0,0,0,0,0,0,0,0,1663658296502
332,0,0,0,0,0,0,0,0,0,1663658296530
333,0,0,0,0,0,0,0,0,0,1663658296558
334,0,0,0,0,0,0,0,0,0,1663658296586
335,0,0,0,0,0,0,0,0,0,1663658296615
336,0,0,0,0,0,0,0,0,0,1663658296642
337,0,0,0,0,0,0,0,0,0,1663658296669
338,0,0,0,0,0,0,0,0,0,1663658296696
339,0,0,0,0,0,0,0,0,0,1663658296726
340,0,0,0,0,0,0,0,0,0,1663658296746
341,0,0,0,0,0,0,0,0,0,1663658296769
342,0,0,0,0,0,0,0,0,0,1663658296795
343,0,0,0,0,0,0,0,0,0,1663658296812
344,0,0,0,0,0,0,0,0,0,1663658296829
345,0,0,0,0,0,0,0,0,0,1663658296855
346,0,0,0,0,0,0,0,0,0,1663658296872
347,0,0,0,0,0,0,0,0,0,1663658296890
348,0,0,0,0,0,0,0,0,0,1663658296908
349,0,0,0,0,0,0,0,0,0,1663658296922
350,0,0,0,0,0,0,0,0,0,1663658296941
351,0,0,0,0,0,0,0,0,0,1663658296958
352,0,0,0,0,0,0,0,0,0,1663658296975
353,0,0,0,0,0,0,0,0,0,1663658296993
354,0,0,0,0,0,0,0,0,0,1663658297013
355,0,0,0,0,0,0,0,0,0,1663658297031
356,0,0,0,0,0,0,0,0,0,1663658297051
357,0,0,0,0,0,0,0,0,0,1663658297070
358,0,0,0,0,0,0,0,0,0,1663658297087
359,0,0,0,0,0,0,0,0,0,1663658297105
360,0,0,0,0,0,0,0,0,0,1663658297122
361,0,0,0,0,0,0,0,0,0,1663658297141
362,0,0,0,0,0,0,0,0,0,1663658297158
363,0,0,0,0,0,0,0,0,0,1663658297177
364,0,0,0,0,0,0,0,0,0,1663658297195
365,0,0,0,0,0,0,0,0,0,1663658297213
366,0,0,0,0,0,0,0,0,0,1663658297226
367,0,0,0,0,0,0,0,0,0,1663658297243
368,0,0,0,0,0,0,0,0,0,1663658297259
369,0,0,0,0,0,0,0,0,0,1663658297274
370,0,0,0,0,0,0,0,0,0,1663658297291
371,0,0,0,0,0,0,0,0,0,1663658297308
372,0,0,0,0,0,0,0,0,0,1663658297326
373,0,0,0,0,0,0,0,0,0,1663658297343
374,0,0,0,0,0,0,0,0,0,1663658297360
375,0,0,0,0,0,0,0,0,0,1663658297378
376,0,0,0,0,0,0,0,0,0,1663658297393
377,0,0,0,0,0,0,0,0,0,1663658297410
378,0,0,0,0,0,0,0,0,0,1663658297425
379,0,0,0,0,0,0,0,0,0,1663658297440
380,0,0,0,0,0,0,0,0,0,1663658297456
381,0,0,0,0,0,0,0,0,0,1663658297472
382,0,0,0,0,0,0,0,0,0,1663658297490
383,0,0,0,0,0,0,0,0,0,1663658297507
384,0,0,0,0,0,0,0,0,0,1663658297526
385,0,0,0,0,0,0,0,0,0,1663658297544
386,0,0,0,0,0,0,0,0,0,1663658297562
387,0,0,0,0,0,0,0,0,0,1663658297579
388,0,0,0,0,0,0,0,0,0,1663658297593
389,0,0,0,0,0,0,0,0,0,1663658297610
390,0,0,0,0,0,0,0,0,0,1663658297628
391,0,0,0,0,0,0,0,0,0,1663658297647
392,0,0,0,0,0,0,0,0,0,1663658297664
393,0,0,0,0,0,0,0,0,0,1663658297682
394,0,0,0,0,0,0,0,0,0,1663658297701
395,0,0,0,0,0,0,0,0,0,1663658297719
396,0,0,0,0,0,0,0,0,0,1663658297738
397,0,0,0,0,0,0,0,0,0,1663658297756
398,0,0,0,0,0,0,0,0,0,1663658297773
399,0,0,0,0,0,0,0,0,0,1663658297790
400,0,0,0,0,0,0,0,0,0,1663658297807
401,0,0,0,0,0,0,0,0,0,1663658297825
402,0,0,0,0,0,0,0,0,0,1663658297841
403,0,0,0,0,0,0,0,0,0,1663658297859
404,0,0,0,0,0,0,0,0,0,1663658297876
405,0,0,0,0,0,0,0,0,0,1663658297892
406,0,0,0,0,0,0,0,0,0,1663658297909
407,0,0,0,0,0,0,0,0,0,1663658297926
408,0,0,0,0,0,0,0,0,0,1663658297944
409,0,0,0,0,0,0,0,0,0,1663658297961
410,0,0,0,0,0,0,0,0,0,1663658297978
411,0,0,0,0,0,0,0,0,0,1663658297995
412,0,0,0,0,0,0,0,0,0,1663658298010
413,0,0,0,0,0,0,0,0,0,1663658298025
414,0,0,0,0,0,0,0,0,0,1663658298042
415,0,0,0,0,0,0,0,0,0,1663658298059
416,0,0,0,0,0,0,0,0,0,1663658298077
417,0,0,0,0,0,0,0,0,0,1663658298096
418,0,0,0,0,0,0,0,0,0,1663658298111
419,0,0,0,0,0,0,0,0,0,1663658298132
420,0,0,0,0,0,0,0,0,0,1663658298150
421,0,0,0,0,0,0,0,0,0,1663658298171
422,0,0,0,0,0,0,0,0,0,1663658298188
423,0,0,0,0,0,0,0,0,0,1663658298203
424,0,0,0,0,0,0,0,0,0,1663658298219
425,0,0,0,0,0,0,0,0,0,1663658298236
426,0,0,0,0,0,0,0,0,0,1663658298253
427,0,0,0,0,0,0,0,0,0,1663658298278
428,0,0,0,0,0,0,0,0,0,1663658298302
429,0,0,0,0,0,0,0,0,0,1663658298318
430,0,0,0,0,0,0,0,0,0,1663658298335
431,0,0,0,0,0,0,0,0,0,1663658298353
432,0,0,0,0,0,0,0,0,0,1663658298373
433,0,0,0,0,0,0,0,0,0,1663658298392
434,0,0,0,0,0,0,0,0,0,1663658298409
435,0,0,0,0,0,0,0,0,0,1663658298425
436,0,0,0,0,0,0,0,0,0,1663658298445
437,0,0,0,0,0,0,0,0,0,1663658298460
438,0,0,0,0,0,0,0,0,0,1663658298480
439,0,0,0,0,0,0,0,0,0,1663658298497
440,0,0,0,0,0,0,0,0,0,1663658298514
441,0,0,0,0,0,0,0,0,0,1663658298532
442,0,0,0,0,0,0,0,0,0,1663658298549
443,0,0,0,0,0,0,0,0,0,1663658298569
444,0,0,0,0,0,0,0,0,0,1663658298597
445,0,0,0,0,0,0,0,0,0,1663658298614
446,0,0,0,0,0,0,0,0,0,1663658298633
447,0,0,0,0,0,0,0,0,0,1663658298652
448,0,0,0,0,0,0,0,0,0,1663658298670
449,0,0,0,0,0,0,0,0,0,1663658298689
450,0,0,0,0,0,0,0,0,0,1663658298706
451,0,0,0,0,0,0,0,0,0,1663658298723
452,0,0,0,0,0,0,0,0,0,1663658298739
453,0,0,0,0,0,0,0,0,0,1663658298756
454,0,0,0,0,0,0,0,0,0,1663658298774
455,0,0,0,0,0,0,0,0,0,1663658298791
456,0,0,0,0,0,0,0,0,0,1663658298810
457,0,0,0,0,0,0,0,0,0,1663658298829
458,0,0,0,0,0,0,0,0,0,1663658298852
459,0,0,0,0,0,0,0,0,0,1663658298872
460,0,0,0,0,0,0,0,0,0,1663658298890
461,0,0,0,0,0,0,0,0,0,1663658298903
462,0,0,0,0,0,0,0,0,0,1663658298918
463,0,0,0,0,0,0,0,0,0,1663658298934
464,0,0,0,0,0,0,0,0,0,1663658298947
465,0,0,0,0,0,0,0,0,0,1663658298965
466,0,0,0,0,0,0,0,0,0,1663658298984
467,0,0,0,0,0,0,0,0,0,1663658299002
468,0,0,0,0,0,0,0,0,0,1663658299020
469,0,0,0,0,0,0,0,0,0,1663658299038
470,0,0,0,0,0,0,0,0,0,1663658299065
471,0,0,0,0,0,0,0,0,0,1663658299082
472,0,0,0,0,0,0,0,0,0,1663658299101
473,0,0,0,0,0,0,0,0,0,1663658299122
474,0,0,0,0,0,0,0,0,0,1663658299140
475,0,0,0,0,0,0,0,0,0,1663658299157
476,0,0,0,0,0,0,0,0,0,1663658299174
477,0,0,0,0,0,0,0,0,0,1663658299190
478,0,0,0,0,0,0,0,0,0,1663658299209
479,0,0,0,0,0,0,0,0,0,1663658299228
480,0,0,0,0,0,0,0,0,0,1663658299245
481,0,0,0,0,0,0,0,0,0,1663658299263
482,0,0,0,0,0,0,0,0,0,1663658299280
483,0,0,0,0,0,0,0,0,0,1663658299299
484,0,0,0,0,0,0,0,0,0,1663658299317
485,0,0,0,0,0,0,0,0,0,1663658299336
486,0,0,0,0,0,0,0,0,0,1663658299352
487,0,0,0,0,0,0,0,0,0,1663658299372
488,0,0,0,0,0,0,0,0,0,1663658299389
489,0,0,0,0,0,0,0,0,0,1663658299409
490,0,0,0,0,0,0,0,0,0,1663658299426
491,0,0,0,0,0,0,0,0,0,1663658299441
492,0,0,0,0,0,0,0,0,0,1663658299458
493,0,0,0,0,0,0,0,0,0,1663658299472
494,0,0,0,0,0,0,0,0,0,1663658299487
495,0,0,0,0,0,0,0,0,0,1663658299507
496,0,0,0,0,0,0,0,0,0,1663658299522
497,0,0,0,0,0,0,0,0,0,1663658299537
498,0,0,0,0,0,0,0,0,0,1663658299555
499,0,0,0,0,0,0,0,0,0,1663658299569
500,0,0,0,0,0,0,0,0,0,1663658299586
501,0,0,0,0,0,0,0,0,0,1663658299605
502,0,0,0,0,0,0,0,0,0,1663658299623
503,0,0,0,0,0,0,0,0,0,1663658299640
504,0,0,0,0,0,0,0,0,0,1663658299660
505,0,0,0,0,0,0,0,0,0,1663658299679
506,0,0,0,0,0,0,0,0,0,1663658299696
507,0,0,0,0,0,0,0,0,0,1663658299712
508,0,0,0,0,0,0,0,0,0,1663658299730
509,0,0,0,0,0,0,0,0,0,1663658299749
510,0,0,0,0,0,0,0,0,0,1663658299771
511,0,0,0,0,0,0,0,0,0,1663658299790
512,0,0,0,0,0,0,0,0,0,1663658299809
513,0,0,0,0,0,0,0,0,0,1663658299825
514,0,0,0,0,0,0,0,0,0,1663658299843
515,0,0,0,0,0,0,0,0,0,1663658299860
516,0,0,0,0,0,0,0,0,0,1663658299877
517,0,0,0,0,0,0,0,0,0,1663658299893
518,0,0,0,0,0,0,0,0,0,1663658299908
519,0,0,0,0,0,0,0,0,0,1663658299925
520,0,0,0,0,0,0,0,0,0,1663658299944
521,0,0,0,0,0,0,0,0,0,1663658299960
522,0,0,0,0,0,0,0,0,0,1663658299977
523,0,0,0,0,0,0,0,0,0,1663658299994
524,0,0,0,0,0,0,0,0,0,1663658300012
525,0,0,0,0,0,0,0,0,0,1663658300030
526,0,0,0,0,0,0,0,0,0,1663658300050
527,0,0,0,0,0,0,0,0,0,1663658300066
528,0,0,0,0,0,0,0,0,0,1663658300083
529,0,0,0,0,0,0,0,0,0,1663658300101
530,0,0,0,0,0,0,0,0,0,1663658300118
531,0,0,0,0,0,0,0,0,0,1663658300135
532,0,0,0,0,0,0,0,0,0,1663658300151
533,0,0,0,0,0,0,0,0,0,1663658300169
534,0,0,0,0,0,0,0,0,0,1663658300185
535,0,0,0,0,0,0,0,0,0,1663658300204
536,0,0,0,0,0,0,0,0,0,1663658300221
537,0,0,0,0,0,0,0,0,0,1663658300238
538,0,0,0,0,0,0,0,0,0,1663658300256
539,0,0,0,0,0,0,0,0,0,1663658300272
540,0,0,0,0,0,0,0,0,0,1663658300291
541,0,0,0,0,0,0,0,0,0,1663658300304
542,0,0,0,0,0,0,0,0,0,1663658300321
543,0,0,0,0,0,0,0,0,0,1663658300337
544,0,0,0,0,0,0,0,0,0,1663658300352
545,0,0,0,0,0,0,0,0,0,1663658300369
546,0,0,0,0,0,0,0,0,0,1663658300388
547,0,0,0,0,0,0,0,0,0,1663658300405
548,0,0,0,0,0,0,0,0,0,1663658300424
549,0,0,0,0,0,0,0,0,0,1663658300440
550,0,0,0,0,0,0,0,0,0,1663658300456
551,0,0,0,0,0,0,0,0,0,1663658300470
552,0,0,0,0,0,0,0,0,0,1663658300486
553,0,0,0,0,0,0,0,0,0,1663658300503
554,0,0,0,0,0,0,0,0,0,1663658300523
555,0,0,0,0,0,0,0,0,0,1663658300542
556,0,0,0,0,0,0,0,0,0,1663658300559
557,0,0,0,0,0,0,0,0,0,1663658300578
558,0,0,0,0,0,0,0,0,0,1663658300597
559,0,0,0,0,0,0,0,0,0,1663658300616
560,0,0,0,0,0,0,0,0,0,1663658300634
561,0,0,0,0,0,0,0,0,0,1663658300650
562,0,0,0,0,0,0,0,0,0,1663658300667
563,0,0,0,0,0,0,0,0,0,1663658300684
564,0,0,0,0,0,0,0,0,0,1663658300702
565,0,0,0,0,0,0,0,0,0,1663658300719
566,0,0,0,0,0,0,0,0,0,1663658300736
567,0,0,0,0,0,0,0,0,0,1663658300754
568,0,0,0,0,0,0,0,0,0,1663658300771
569,0,0,0,0,0,0,0,0,0,1663658300790
570,0,0,0,0,0,0,0,0,0,1663658300808
571,0,0,0,0,0,0,0,0,0,1663658300822
572,0,0,0,0,0,0,0,0,0,1663658300835
573,0,0,0,0,0,0,0,0,0,1663658300848
574,0,0,0,0,0,0,0,0,0,1663658300863
575,0,0,0,0,0,0,0,0,0,1663658300878
576,0,0,0,0,0,0,0,0,0,1663658300894
577,0,0,0,0,0,0,0,0,0,1663658300907
578,0,0,0,0,0,0,0,0,0,1663658300922
579,0,0,0,0,0,0,0,0,0,1663658300937
580,0,0,0,0,0,0,0,0,0,1663658300955
581,0,0,0,0,0,0,0,0,0,1663658300979
582,0,0,0,0,0,0,0,0,0,1663658300992
583,0,0,0,0,0,0,0,0,0,1663658301005
584,0,0,0,0,0,0,0,0,0,1663658301019
585,0,0,0,0,0,0,0,0,0,1663658301035
586,0,0,0,0,0,0,0,0,0,1663658301052
587,0,0,0,0,0,0,0,0,0,1663658301069
588,0,0,0,0,0,0,0,0,0,1663658301087
589,0,0,0,0,0,0,0,0,0,1663658301106
590,0,0,0,0,0,0,0,0,0,1663658301125
591,0,0,0,0,0,0,0,0,0,1663658301144
592,0,0,0,0,0,0,0,0,0,1663658301160
593,0,0,0,0,0,0,0,0,0,1663658301179
594,0,0,0,0,0,0,0,0,0,1663658301197
595,0,0,0,0,0,0,0,0,0,1663658301214
596,0,0,0,0,0,0,0,0,0,1663658301231
597,0,0,0,0,0,0,0,0,0,1663658301252
598,0,0,0,0,0,0,0,0,0,1663658301271
599,0,0,0,0,0,0,0,0,0,1663658301288
600,0,0,0,0,0,0,0,0,0,1663658301305
601,0,0,0,0,0,0,0,0,0,1663658301321
602,0,0,0,0,0,0,0,0,0,1663658301338
603,0,0,0,0,0,0,0,0,0,1663658301356
604,0,0,0,0,0,0,0,0,0,1663658301375
605,0,0,0,0,0,0,0,0,0,1663658301393
606,0,0,0,0,0,0,0,0,0,1663658301411
607,0,0,0,0,0,0,0,0,0,1663658301427
608,0,0,0,0,0,0,0,0,0,1663658301445
609,0,0,0,0,0,0,0,0,0,1663658301463
610,0,0,0,0,0,0,0,0,0,1663658301479
611,0,0,0,0,0,0,0,0,0,1663658301496
612,0,0,0,0,0,0,0,0,0,1663658301515
613,0,0,0,0,0,0,0,0,0,1663658301534
614,0,0,0,0,0,0,0,0,0,1663658301551
615,0,0,0,0,0,0,0,0,0,1663658301569
616,0,0,0,0,0,0,0,0,0,1663658301588
617,0,0,0,0,0,0,0,0,0,1663658301605
618,0,0,0,0,0,0,0,0,0,1663658301622
619,0,0,0,0,0,0,0,0,0,1663658301637
620,0,0,0,0,0,0,0,0,0,1663658301655
621,0,0,0,0,0,0,0,0,0,1663658301672
622,0,0,0,0,0,0,0,0,0,1663658301690
623,0,0,0,0,0,0,0,0,0,1663658301717
624,0,0,0,0,0,0,0,0,0,1663658301733
625,0,0,0,0,0,0,0,0,0,1663658301750
626,0,0,0,0,0,0,0,0,0,1663658301780
627,0,0,0,0,0,0,0,0,0,1663658301806
628,0,0,0,0,0,0,0,0,0,1663658301823
629,0,0,0,0,0,0,0,0,0,1663658301842
630,0,0,0,0,0,0,0,0,0,1663658301870
631,0.33938364601147375,0.25874919851423184,0.2990664222628528,[0.53795654 0.44886312],[0.54711801 0.45313504],[0.55133098 0.4598532 ],[0.55124778 0.46590909],[0.54452622 0.46222606],[0.54005516 0.45555264],1663658301904
632,0,0,0,0,0,0,0,0,0,1663658301926
633,0,0,0,0,0,0,0,0,0,1663658301937
634,0,0,0,0,0,0,0,0,0,1663658301949
635,0,0,0,0,0,0,0,0,0,1663658301963
636,0,0,0,0,0,0,0,0,0,1663658301974
637,0,0,0,0,0,0,0,0,0,1663658301988
638,0,0,0,0,0,0,0,0,0,1663658302002
639,0,0,0,0,0,0,0,0,0,1663658302019
640,0,0,0,0,0,0,0,0,0,1663658302037
641,0,0,0,0,0,0,0,0,0,1663658302055
642,0,0,0,0,0,0,0,0,0,1663658302071
643,0,0,0,0,0,0,0,0,0,1663658302087
644,0,0,0,0,0,0,0,0,0,1663658302105
645,0,0,0,0,0,0,0,0,0,1663658302133
646,0,0,0,0,0,0,0,0,0,1663658302157
647,0,0,0,0,0,0,0,0,0,1663658302181
648,0,0,0,0,0,0,0,0,0,1663658302197
649,0,0,0,0,0,0,0,0,0,1663658302217
650,0,0,0,0,0,0,0,0,0,1663658302233
651,0,0,0,0,0,0,0,0,0,1663658302251
652,0,0,0,0,0,0,0,0,0,1663658302269
653,0,0,0,0,0,0,0,0,0,1663658302288
654,0,0,0,0,0,0,0,0,0,1663658302304
655,0,0,0,0,0,0,0,0,0,1663658302320
656,0,0,0,0,0,0,0,0,0,1663658302344
657,0,0,0,0,0,0,0,0,0,1663658302361
658,0,0,0,0,0,0,0,0,0,1663658302380
659,0,0,0,0,0,0,0,0,0,1663658302396
660,0,0,0,0,0,0,0,0,0,1663658302425
661,0,0,0,0,0,0,0,0,0,1663658302443
662,0,0,0,0,0,0,0,0,0,1663658302462
663,0,0,0,0,0,0,0,0,0,1663658302481
664,0,0,0,0,0,0,0,0,0,1663658302499
665,0,0,0,0,0,0,0,0,0,1663658302518
666,0,0,0,0,0,0,0,0,0,1663658302537
667,0,0,0,0,0,0,0,0,0,1663658302561
668,0,0,0,0,0,0,0,0,0,1663658302576
669,0,0,0,0,0,0,0,0,0,1663658302599
670,0,0,0,0,0,0,0,0,0,1663658302614
671,0,0,0,0,0,0,0,0,0,1663658302637
672,0,0,0,0,0,0,0,0,0,1663658302663
673,0,0,0,0,0,0,0,0,0,1663658302696
674,0,0,0,0,0,0,0,0,0,1663658302722
675,0,0,0,0,0,0,0,0,0,1663658302747
676,0,0,0,0,0,0,0,0,0,1663658302770
677,0,0,0,0,0,0,0,0,0,1663658302795
678,0,0,0,0,0,0,0,0,0,1663658302819
679,0,0,0,0,0,0,0,0,0,1663658302844
680,0,0,0,0,0,0,0,0,0,1663658302861
681,0,0,0,0,0,0,0,0,0,1663658302879
682,0,0,0,0,0,0,0,0,0,1663658302898
683,0,0,0,0,0,0,0,0,0,1663658302918
684,0,0,0,0,0,0,0,0,0,1663658302935
685,0,0,0,0,0,0,0,0,0,1663658302951
686,0,0,0,0,0,0,0,0,0,1663658302965
687,0,0,0,0,0,0,0,0,0,1663658302982
688,0,0,0,0,0,0,0,0,0,1663658302999
689,0,0,0,0,0,0,0,0,0,1663658303017
690,0,0,0,0,0,0,0,0,0,1663658303035
691,0,0,0,0,0,0,0,0,0,1663658303054
692,0,0,0,0,0,0,0,0,0,1663658303069
693,0,0,0,0,0,0,0,0,0,1663658303088
694,0,0,0,0,0,0,0,0,0,1663658303106
695,0,0,0,0,0,0,0,0,0,1663658303125
696,0,0,0,0,0,0,0,0,0,1663658303143
697,0,0,0,0,0,0,0,0,0,1663658303159
698,0,0,0,0,0,0,0,0,0,1663658303176
699,0,0,0,0,0,0,0,0,0,1663658303192
700,0,0,0,0,0,0,0,0,0,1663658303208
701,0,0,0,0,0,0,0,0,0,1663658303226
702,0,0,0,0,0,0,0,0,0,1663658303243
703,0,0,0,0,0,0,0,0,0,1663658303260
704,0,0,0,0,0,0,0,0,0,1663658303276
705,0,0,0,0,0,0,0,0,0,1663658303294
706,0,0,0,0,0,0,0,0,0,1663658303308
707,0,0,0,0,0,0,0,0,0,1663658303326
708,0,0,0,0,0,0,0,0,0,1663658303344
709,0,0,0,0,0,0,0,0,0,1663658303362
710,0,0,0,0,0,0,0,0,0,1663658303384
711,0,0,0,0,0,0,0,0,0,1663658303402
712,0,0,0,0,0,0,0,0,0,1663658303419
713,0,0,0,0,0,0,0,0,0,1663658303436
714,0,0,0,0,0,0,0,0,0,1663658303457
715,0,0,0,0,0,0,0,0,0,1663658303472
716,0,0,0,0,0,0,0,0,0,1663658303489
717,0,0,0,0,0,0,0,0,0,1663658303505
718,0,0,0,0,0,0,0,0,0,1663658303522
719,0,0,0,0,0,0,0,0,0,1663658303538
720,0,0,0,0,0,0,0,0,0,1663658303555
721,0,0,0,0,0,0,0,0,0,1663658303572
722,0,0,0,0,0,0,0,0,0,1663658303589
723,0,0,0,0,0,0,0,0,0,1663658303609
724,0,0,0,0,0,0,0,0,0,1663658303626
725,0,0,0,0,0,0,0,0,0,1663658303641
726,0,0,0,0,0,0,0,0,0,1663658303657
727,0,0,0,0,0,0,0,0,0,1663658303673
728,0,0,0,0,0,0,0,0,0,1663658303690
729,0,0,0,0,0,0,0,0,0,1663658303707
730,0,0,0,0,0,0,0,0,0,1663658303724
731,0,0,0,0,0,0,0,0,0,1663658303742
732,0,0,0,0,0,0,0,0,0,1663658303767
733,0,0,0,0,0,0,0,0,0,1663658303785
734,0,0,0,0,0,0,0,0,0,1663658303802
735,0,0,0,0,0,0,0,0,0,1663658303829
736,0,0,0,0,0,0,0,0,0,1663658303856
737,0,0,0,0,0,0,0,0,0,1663658303874
738,0,0,0,0,0,0,0,0,0,1663658303892
739,0,0,0,0,0,0,0,0,0,1663658303909
740,0,0,0,0,0,0,0,0,0,1663658303928
741,0,0,0,0,0,0,0,0,0,1663658303945
742,0,0,0,0,0,0,0,0,0,1663658303961
743,0,0,0,0,0,0,0,0,0,1663658303984
744,0,0,0,0,0,0,0,0,0,1663658304002
745,0,0,0,0,0,0,0,0,0,1663658304021
746,0,0,0,0,0,0,0,0,0,1663658304038
747,0,0,0,0,0,0,0,0,0,1663658304055
748,0,0,0,0,0,0,0,0,0,1663658304080
749,0,0,0,0,0,0,0,0,0,1663658304097
750,0,0,0,0,0,0,0,0,0,1663658304123
751,0,0,0,0,0,0,0,0,0,1663658304141
752,0,0,0,0,0,0,0,0,0,1663658304159
753,0,0,0,0,0,0,0,0,0,1663658304187
754,0,0,0,0,0,0,0,0,0,1663658304208
755,0,0,0,0,0,0,0,0,0,1663658304224
756,0,0,0,0,0,0,0,0,0,1663658304241
757,0,0,0,0,0,0,0,0,0,1663658304259
758,0,0,0,0,0,0,0,0,0,1663658304277
759,0,0,0,0,0,0,0,0,0,1663658304294
760,0,0,0,0,0,0,0,0,0,1663658304311
761,0,0,0,0,0,0,0,0,0,1663658304329
762,0,0,0,0,0,0,0,0,0,1663658304346
763,0,0,0,0,0,0,0,0,0,1663658304363
764,0,0,0,0,0,0,0,0,0,1663658304380
765,0,0,0,0,0,0,0,0,0,1663658304404
766,0,0,0,0,0,0,0,0,0,1663658304428
767,0,0,0,0,0,0,0,0,0,1663658304454
768,0,0,0,0,0,0,0,0,0,1663658304470
769,0,0,0,0,0,0,0,0,0,1663658304488
770,0,0,0,0,0,0,0,0,0,1663658304507
771,0,0,0,0,0,0,0,0,0,1663658304524
772,0,0,0,0,0,0,0,0,0,1663658304551
773,0,0,0,0,0,0,0,0,0,1663658304570
774,0,0,0,0,0,0,0,0,0,1663658304587
775,0,0,0,0,0,0,0,0,0,1663658304616
776,0,0,0,0,0,0,0,0,0,1663658304632
777,0,0,0,0,0,0,0,0,0,1663658304651
778,0,0,0,0,0,0,0,0,0,1663658304669
779,0,0,0,0,0,0,0,0,0,1663658304685
780,0,0,0,0,0,0,0,0,0,1663658304703
781,0,0,0,0,0,0,0,0,0,1663658304721
782,0,0,0,0,0,0,0,0,0,1663658304739
783,0,0,0,0,0,0,0,0,0,1663658304756
784,0,0,0,0,0,0,0,0,0,1663658304774
785,0,0,0,0,0,0,0,0,0,1663658304791
786,0,0,0,0,0,0,0,0,0,1663658304809
787,0,0,0,0,0,0,0,0,0,1663658304828
788,0,0,0,0,0,0,0,0,0,1663658304846
789,0,0,0,0,0,0,0,0,0,1663658304863
790,0,0,0,0,0,0,0,0,0,1663658304879
791,0,0,0,0,0,0,0,0,0,1663658304896
792,0,0,0,0,0,0,0,0,0,1663658304914
793,0,0,0,0,0,0,0,0,0,1663658304934
794,0,0,0,0,0,0,0,0,0,1663658304950
795,0,0,0,0,0,0,0,0,0,1663658304976
796,0,0,0,0,0,0,0,0,0,1663658304992
797,0,0,0,0,0,0,0,0,0,1663658305019
798,0,0,0,0,0,0,0,0,0,1663658305047
799,0,0,0,0,0,0,0,0,0,1663658305066
800,0,0,0,0,0,0,0,0,0,1663658305091
801,0,0,0,0,0,0,0,0,0,1663658305116
802,0,0,0,0,0,0,0,0,0,1663658305144
803,0,0,0,0,0,0,0,0,0,1663658305169
804,0,0,0,0,0,0,0,0,0,1663658305195
805,0,0,0,0,0,0,0,0,0,1663658305222
806,0,0,0,0,0,0,0,0,0,1663658305247
807,0,0,0,0,0,0,0,0,0,1663658305273
808,0,0,0,0,0,0,0,0,0,1663658305300
809,0,0,0,0,0,0,0,0,0,1663658305325
810,0,0,0,0,0,0,0,0,0,1663658305347
811,0,0,0,0,0,0,0,0,0,1663658305373
812,0,0,0,0,0,0,0,0,0,1663658305398
813,0,0,0,0,0,0,0,0,0,1663658305424
814,0,0,0,0,0,0,0,0,0,1663658305450
815,0,0,0,0,0,0,0,0,0,1663658305475
816,0,0,0,0,0,0,0,0,0,1663658305503
817,0,0,0,0,0,0,0,0,0,1663658305530
818,0,0,0,0,0,0,0,0,0,1663658305556
819,0,0,0,0,0,0,0,0,0,1663658305581
820,0,0,0,0,0,0,0,0,0,1663658305608
821,0,0,0,0,0,0,0,0,0,1663658305634
822,0,0,0,0,0,0,0,0,0,1663658305660
823,0,0,0,0,0,0,0,0,0,1663658305687
824,0,0,0,0,0,0,0,0,0,1663658305713
825,0,0,0,0,0,0,0,0,0,1663658305738
826,0,0,0,0,0,0,0,0,0,1663658305758
827,0,0,0,0,0,0,0,0,0,1663658305785
828,0,0,0,0,0,0,0,0,0,1663658305813
829,0,0,0,0,0,0,0,0,0,1663658305836
830,0,0,0,0,0,0,0,0,0,1663658305856
831,0,0,0,0,0,0,0,0,0,1663658305880
832,0,0,0,0,0,0,0,0,0,1663658305908
833,0,0,0,0,0,0,0,0,0,1663658305935
834,0,0,0,0,0,0,0,0,0,1663658305958
835,0,0,0,0,0,0,0,0,0,1663658305984
836,0,0,0,0,0,0,0,0,0,1663658306010
837,0,0,0,0,0,0,0,0,0,1663658306036
838,0,0,0,0,0,0,0,0,0,1663658306062
839,0,0,0,0,0,0,0,0,0,1663658306086
840,0,0,0,0,0,0,0,0,0,1663658306113
841,0,0,0,0,0,0,0,0,0,1663658306139
842,0,0,0,0,0,0,0,0,0,1663658306169
843,0,0,0,0,0,0,0,0,0,1663658306195
844,0,0,0,0,0,0,0,0,0,1663658306216
845,0,0,0,0,0,0,0,0,0,1663658306234
846,0,0,0,0,0,0,0,0,0,1663658306261
847,0,0,0,0,0,0,0,0,0,1663658306285
848,0,0,0,0,0,0,0,0,0,1663658306311
849,0,0,0,0,0,0,0,0,0,1663658306337
850,0,0,0,0,0,0,0,0,0,1663658306352
851,0,0,0,0,0,0,0,0,0,1663658306378
852,0,0,0,0,0,0,0,0,0,1663658306402
853,0,0,0,0,0,0,0,0,0,1663658306420
854,0,0,0,0,0,0,0,0,0,1663658306438
855,0,0,0,0,0,0,0,0,0,1663658306462
856,0,0,0,0,0,0,0,0,0,1663658306481
857,0,0,0,0,0,0,0,0,0,1663658306504
858,0,0,0,0,0,0,0,0,0,1663658306530
859,0,0,0,0,0,0,0,0,0,1663658306556
860,0.20987286622189785,0.19520199552472747,0.20253743087331266,[0.54287732 0.39320302],[0.55507296 0.38481188],[0.56853926 0.38172662],[0.57737947 0.38235009],[0.56750542 0.38920233],[0.55449331 0.3924247 ],1663658306591
861,0.2408362925178508,0.19656028904186762,0.2186982907798592,[0.55112147 0.39086035],[0.56201494 0.38031575],[0.5749566  0.37593654],[0.58341056 0.37585881],[0.57461929 0.38454247],[0.56215572 0.38885143],1663658306628
862,0.2574040190284927,0.18982234107163312,0.22361318005006292,[0.55504555 0.39232454],[0.56292999 0.381466  ],[0.57430583 0.37647569],[0.58240783 0.37621   ],[0.57579112 0.38451284],[0.56491065 0.38939685],1663658306658
863,0.2476254513682314,0.20967030284675695,0.22864787710749418,[0.5477134  0.39460745],[0.55673623 0.38232434],[0.56960505 0.37644416],[0.57905108 0.37602389],[0.57143652 0.38516641],[0.55917752 0.39112321],1663658306679
864,0.2291657607498797,0.21402447953958972,0.2215951201447347,[0.54599226 0.39431065],[0.55535108 0.38170525],[0.56846261 0.37508529],[0.57859421 0.3740367 ],[0.5708729  0.38335586],[0.55828017 0.3901957 ],1663658306703
865,0.2296093685056171,0.2280245314975455,0.2288169500015813,[0.54123461 0.394927  ],[0.55031139 0.3822796 ],[0.56354249 0.37541267],[0.57437056 0.37428108],[0.56655717 0.38361865],[0.55390555 0.39073372],1663658306722
866,0.22985036506525947,0.2240043188872181,0.2269273419762388,[0.54150409 0.39555591],[0.55107546 0.38258198],[0.56487846 0.37559634],[0.57586229 0.374488  ],[0.567599   0.38426706],[0.55437338 0.39142704],1663658306741
867,0.22068547742798345,0.22538139069398283,0.22303343406098314,[0.54494011 0.39341226],[0.55434364 0.38074434],[0.56758273 0.37372077],[0.57827401 0.37240896],[0.5702756  0.38186932],[0.55729598 0.38904241],1663658306759
868,0.21430363475341707,0.2317841864482684,0.22304391060084272,[0.54720652 0.39349458],[0.55683458 0.38149899],[0.5700044  0.37497398],[0.58065367 0.37372375],[0.57260585 0.38264188],[0.5596441  0.38958028],1663658306780
869,0.228275547571568,0.23342920736520187,0.23085237746838494,[0.54223764 0.39586306],[0.55222958 0.38317752],[0.5661658  0.37678158],[0.57692987 0.37613702],[0.56823373 0.38549539],[0.55489326 0.39205065],1663658306801
870,0.2113221544817065,0.23419345369424177,0.22275780408797413,[0.54226935 0.39792815],[0.55255562 0.38496286],[0.56672883 0.37786034],[0.57772517 0.37648124],[0.5692628  0.38597375],[0.55566406 0.39342341],1663658306833
871,0.20710236932903012,0.2287923892847407,0.2179473793068854,[0.53759527 0.39975885],[0.54791868 0.38668063],[0.56218743 0.37934235],[0.57372749 0.37756598],[0.56499636 0.38733566],[0.55129111 0.39512324],1663658306854
872,0.2267314078114701,0.23931070321571843,0.23302105551359426,[0.53597218 0.40181172],[0.54639375 0.38709122],[0.56162125 0.37904301],[0.5733853  0.37749085],[0.5643599  0.38855824],[0.54991674 0.39680567],1663658306884
873,0.1996092027326923,0.24107683148092995,0.22034301710681115,[0.52751213 0.40481809],[0.53888917 0.38962889],[0.5548901  0.38083318],[0.5676828  0.37839702],[0.55795652 0.38956004],[0.54255164 0.3988747 ],1663658306905
874,0.20097102677046155,0.24389182960834335,0.22243142818940245,[0.52594095 0.40475109],[0.53702438 0.38932836],[0.55287755 0.38020366],[0.56575602 0.37741071],[0.5562762  0.38887155],[0.54106128 0.39858955],1663658306928
875,0,0,0,0,0,0,0,0,0,1663658306946
876,0,0,0,0,0,0,0,0,0,1663658306962
877,0,0,0,0,0,0,0,0,0,1663658306979
878,0,0,0,0,0,0,0,0,0,1663658306995
879,0,0,0,0,0,0,0,0,0,1663658307010
880,0,0,0,0,0,0,0,0,0,1663658307028
881,0,0,0,0,0,0,0,0,0,1663658307050
882,0,0,0,0,0,0,0,0,0,1663658307075
883,0,0,0,0,0,0,0,0,0,1663658307100
884,0,0,0,0,0,0,0,0,0,1663658307126
885,0,0,0,0,0,0,0,0,0,1663658307153
886,0,0,0,0,0,0,0,0,0,1663658307179
887,0,0,0,0,0,0,0,0,0,1663658307205
888,0,0,0,0,0,0,0,0,0,1663658307232
889,0,0,0,0,0,0,0,0,0,1663658307250
890,0,0,0,0,0,0,0,0,0,1663658307268
891,0,0,0,0,0,0,0,0,0,1663658307292
892,0,0,0,0,0,0,0,0,0,1663658307317
893,0,0,0,0,0,0,0,0,0,1663658307333
894,0,0,0,0,0,0,0,0,0,1663658307355
895,0,0,0,0,0,0,0,0,0,1663658307383
896,0,0,0,0,0,0,0,0,0,1663658307407
897,0,0,0,0,0,0,0,0,0,1663658307431
898,0,0,0,0,0,0,0,0,0,1663658307459
899,0,0,0,0,0,0,0,0,0,1663658307484
900,0,0,0,0,0,0,0,0,0,1663658307510
901,0,0,0,0,0,0,0,0,0,1663658307536
902,0,0,0,0,0,0,0,0,0,1663658307562
903,0,0,0,0,0,0,0,0,0,1663658307590
904,0,0,0,0,0,0,0,0,0,1663658307617
905,0,0,0,0,0,0,0,0,0,1663658307643
906,0,0,0,0,0,0,0,0,0,1663658307668
907,0,0,0,0,0,0,0,0,0,1663658307695
908,0,0,0,0,0,0,0,0,0,1663658307721
909,0,0,0,0,0,0,0,0,0,1663658307744
910,0,0,0,0,0,0,0,0,0,1663658307771
911,0,0,0,0,0,0,0,0,0,1663658307798
912,0,0,0,0,0,0,0,0,0,1663658307826
913,0,0,0,0,0,0,0,0,0,1663658307846
914,0,0,0,0,0,0,0,0,0,1663658307874
915,0,0,0,0,0,0,0,0,0,1663658307900
916,0,0,0,0,0,0,0,0,0,1663658307920
917,0,0,0,0,0,0,0,0,0,1663658307940
918,0,0,0,0,0,0,0,0,0,1663658307960
919,0,0,0,0,0,0,0,0,0,1663658307978
920,0,0,0,0,0,0,0,0,0,1663658308001
921,0,0,0,0,0,0,0,0,0,1663658308021
922,0,0,0,0,0,0,0,0,0,1663658308044
923,0,0,0,0,0,0,0,0,0,1663658308069
924,0,0,0,0,0,0,0,0,0,1663658308095
925,0,0,0,0,0,0,0,0,0,1663658308122
926,0,0,0,0,0,0,0,0,0,1663658308150
927,0,0,0,0,0,0,0,0,0,1663658308175
928,0,0,0,0,0,0,0,0,0,1663658308201
929,0,0,0,0,0,0,0,0,0,1663658308225
930,0,0,0,0,0,0,0,0,0,1663658308246
931,0,0,0,0,0,0,0,0,0,1663658308270
932,0,0,0,0,0,0,0,0,0,1663658308299
933,0,0,0,0,0,0,0,0,0,1663658308325
934,0,0,0,0,0,0,0,0,0,1663658308346
935,0,0,0,0,0,0,0,0,0,1663658308369
936,0,0,0,0,0,0,0,0,0,1663658308394
937,0,0,0,0,0,0,0,0,0,1663658308411
938,0,0,0,0,0,0,0,0,0,1663658308437
939,0,0,0,0,0,0,0,0,0,1663658308460
940,0,0,0,0,0,0,0,0,0,1663658308485
941,0,0,0,0,0,0,0,0,0,1663658308509
942,0,0,0,0,0,0,0,0,0,1663658308530
943,0,0,0,0,0,0,0,0,0,1663658308555
944,0,0,0,0,0,0,0,0,0,1663658308580
945,0,0,0,0,0,0,0,0,0,1663658308606
946,0,0,0,0,0,0,0,0,0,1663658308623
947,0,0,0,0,0,0,0,0,0,1663658308651
948,0,0,0,0,0,0,0,0,0,1663658308676
949,0,0,0,0,0,0,0,0,0,1663658308703
950,0,0,0,0,0,0,0,0,0,1663658308720
951,0,0,0,0,0,0,0,0,0,1663658308737
952,0,0,0,0,0,0,0,0,0,1663658308756
953,0,0,0,0,0,0,0,0,0,1663658308773
954,0,0,0,0,0,0,0,0,0,1663658308797
955,0,0,0,0,0,0,0,0,0,1663658308820
956,0,0,0,0,0,0,0,0,0,1663658308844
957,0,0,0,0,0,0,0,0,0,1663658308869
958,0,0,0,0,0,0,0,0,0,1663658308895
959,0,0,0,0,0,0,0,0,0,1663658308923
960,0,0,0,0,0,0,0,0,0,1663658308947
961,0,0,0,0,0,0,0,0,0,1663658308972
962,0,0,0,0,0,0,0,0,0,1663658308998
963,0,0,0,0,0,0,0,0,0,1663658309021
964,0,0,0,0,0,0,0,0,0,1663658309043
965,0,0,0,0,0,0,0,0,0,1663658309067
966,0,0,0,0,0,0,0,0,0,1663658309094
967,0,0,0,0,0,0,0,0,0,1663658309111
968,0,0,0,0,0,0,0,0,0,1663658309130
969,0,0,0,0,0,0,0,0,0,1663658309148
970,0,0,0,0,0,0,0,0,0,1663658309167
971,0,0,0,0,0,0,0,0,0,1663658309190
972,0,0,0,0,0,0,0,0,0,1663658309211
973,0,0,0,0,0,0,0,0,0,1663658309236
974,0,0,0,0,0,0,0,0,0,1663658309255
975,0,0,0,0,0,0,0,0,0,1663658309273
976,0,0,0,0,0,0,0,0,0,1663658309290
977,0,0,0,0,0,0,0,0,0,1663658309307
978,0,0,0,0,0,0,0,0,0,1663658309326
979,0,0,0,0,0,0,0,0,0,1663658309352
980,0,0,0,0,0,0,0,0,0,1663658309379
981,0,0,0,0,0,0,0,0,0,1663658309402
982,0,0,0,0,0,0,0,0,0,1663658309417
983,0,0,0,0,0,0,0,0,0,1663658309442
984,0,0,0,0,0,0,0,0,0,1663658309467
985,0,0,0,0,0,0,0,0,0,1663658309483
986,0,0,0,0,0,0,0,0,0,1663658309499
987,0,0,0,0,0,0,0,0,0,1663658309516
988,0,0,0,0,0,0,0,0,0,1663658309534
989,0,0,0,0,0,0,0,0,0,1663658309552
990,0,0,0,0,0,0,0,0,0,1663658309578
991,0,0,0,0,0,0,0,0,0,1663658309603
992,0,0,0,0,0,0,0,0,0,1663658309629
993,0,0,0,0,0,0,0,0,0,1663658309651
994,0,0,0,0,0,0,0,0,0,1663658309676
995,0,0,0,0,0,0,0,0,0,1663658309695
996,0,0,0,0,0,0,0,0,0,1663658309713
997,0,0,0,0,0,0,0,0,0,1663658309739
998,0,0,0,0,0,0,0,0,0,1663658309757
999,0,0,0,0,0,0,0,0,0,1663658309775
1000,0,0,0,0,0,0,0,0,0,1663658309801
1001,0,0,0,0,0,0,0,0,0,1663658309819
1002,0,0,0,0,0,0,0,0,0,1663658309837
1003,0,0,0,0,0,0,0,0,0,1663658309854
1004,0,0,0,0,0,0,0,0,0,1663658309870
1005,0,0,0,0,0,0,0,0,0,1663658309889
1006,0,0,0,0,0,0,0,0,0,1663658309907
1007,0,0,0,0,0,0,0,0,0,1663658309923
1008,0,0,0,0,0,0,0,0,0,1663658309941
1009,0,0,0,0,0,0,0,0,0,1663658309957
1010,0,0,0,0,0,0,0,0,0,1663658309973
1011,0,0,0,0,0,0,0,0,0,1663658309987
1012,0,0,0,0,0,0,0,0,0,1663658310004
1013,0,0,0,0,0,0,0,0,0,1663658310021
1014,0,0,0,0,0,0,0,0,0,1663658310038
1015,0,0,0,0,0,0,0,0,0,1663658310057
1016,0,0,0,0,0,0,0,0,0,1663658310071
1017,0,0,0,0,0,0,0,0,0,1663658310089
1018,0,0,0,0,0,0,0,0,0,1663658310105
1019,0,0,0,0,0,0,0,0,0,1663658310123
1020,0,0,0,0,0,0,0,0,0,1663658310140
1021,0,0,0,0,0,0,0,0,0,1663658310157
1022,0,0,0,0,0,0,0,0,0,1663658310173
1023,0,0,0,0,0,0,0,0,0,1663658310190
1024,0,0,0,0,0,0,0,0,0,1663658310205
1025,0,0,0,0,0,0,0,0,0,1663658310221
1026,0,0,0,0,0,0,0,0,0,1663658310240
1027,0,0,0,0,0,0,0,0,0,1663658310257
1028,0,0,0,0,0,0,0,0,0,1663658310274
1029,0,0,0,0,0,0,0,0,0,1663658310293
1030,0,0,0,0,0,0,0,0,0,1663658310312
1031,0,0,0,0,0,0,0,0,0,1663658310332
1032,0,0,0,0,0,0,0,0,0,1663658310350
1033,0,0,0,0,0,0,0,0,0,1663658310371
1034,0,0,0,0,0,0,0,0,0,1663658310388
1035,0,0,0,0,0,0,0,0,0,1663658310404
1036,0,0,0,0,0,0,0,0,0,1663658310427
1037,0,0,0,0,0,0,0,0,0,1663658310450
1038,0,0,0,0,0,0,0,0,0,1663658310467
1039,0,0,0,0,0,0,0,0,0,1663658310485
1040,0,0,0,0,0,0,0,0,0,1663658310503
1041,0,0,0,0,0,0,0,0,0,1663658310520
1042,0,0,0,0,0,0,0,0,0,1663658310545
1043,0,0,0,0,0,0,0,0,0,1663658310563
1044,0,0,0,0,0,0,0,0,0,1663658310580
1045,0,0,0,0,0,0,0,0,0,1663658310596
1046,0,0,0,0,0,0,0,0,0,1663658310616
1047,0,0,0,0,0,0,0,0,0,1663658310633
1048,0,0,0,0,0,0,0,0,0,1663658310652
1049,0,0,0,0,0,0,0,0,0,1663658310669
1050,0,0,0,0,0,0,0,0,0,1663658310686
1051,0,0,0,0,0,0,0,0,0,1663658310705
1052,0,0,0,0,0,0,0,0,0,1663658310722
1053,0,0,0,0,0,0,0,0,0,1663658310740
1054,0,0,0,0,0,0,0,0,0,1663658310757
1055,0,0,0,0,0,0,0,0,0,1663658310775
1056,0,0,0,0,0,0,0,0,0,1663658310792
1057,0,0,0,0,0,0,0,0,0,1663658310811
1058,0,0,0,0,0,0,0,0,0,1663658310827
1059,0,0,0,0,0,0,0,0,0,1663658310842
1060,0,0,0,0,0,0,0,0,0,1663658310864
1061,0,0,0,0,0,0,0,0,0,1663658310883
1062,0,0,0,0,0,0,0,0,0,1663658310901
1063,0,0,0,0,0,0,0,0,0,1663658310919
1064,0,0,0,0,0,0,0,0,0,1663658310939
1065,0,0,0,0,0,0,0,0,0,1663658310955
1066,0,0,0,0,0,0,0,0,0,1663658310972
1067,0,0,0,0,0,0,0,0,0,1663658310985
1068,0,0,0,0,0,0,0,0,0,1663658310996
1069,0,0,0,0,0,0,0,0,0,1663658311007
1070,0,0,0,0,0,0,0,0,0,1663658311018
1071,0,0,0,0,0,0,0,0,0,1663658311030
1072,0,0,0,0,0,0,0,0,0,1663658311044
1073,0,0,0,0,0,0,0,0,0,1663658311059
1074,0,0,0,0,0,0,0,0,0,1663658311074
1075,0,0,0,0,0,0,0,0,0,1663658311090
1076,0,0,0,0,0,0,0,0,0,1663658311107
1077,0,0,0,0,0,0,0,0,0,1663658311125
1078,0,0,0,0,0,0,0,0,0,1663658311145
1079,0,0,0,0,0,0,0,0,0,1663658311162
1080,0,0,0,0,0,0,0,0,0,1663658311179
1081,0,0,0,0,0,0,0,0,0,1663658311198
1082,0,0,0,0,0,0,0,0,0,1663658311216
1083,0,0,0,0,0,0,0,0,0,1663658311234
1084,0,0,0,0,0,0,0,0,0,1663658311252
1085,0,0,0,0,0,0,0,0,0,1663658311270
1086,0,0,0,0,0,0,0,0,0,1663658311290
1087,0,0,0,0,0,0,0,0,0,1663658311307
1088,0,0,0,0,0,0,0,0,0,1663658311323
1089,0,0,0,0,0,0,0,0,0,1663658311338
1090,0,0,0,0,0,0,0,0,0,1663658311355
1091,0,0,0,0,0,0,0,0,0,1663658311374
1092,0,0,0,0,0,0,0,0,0,1663658311391
1093,0,0,0,0,0,0,0,0,0,1663658311408
1094,0,0,0,0,0,0,0,0,0,1663658311426
1095,0,0,0,0,0,0,0,0,0,1663658311450
1096,0,0,0,0,0,0,0,0,0,1663658311468
1097,0,0,0,0,0,0,0,0,0,1663658311485
1098,0,0,0,0,0,0,0,0,0,1663658311503
1099,0,0,0,0,0,0,0,0,0,1663658311519
1100,0,0,0,0,0,0,0,0,0,1663658311537
1101,0,0,0,0,0,0,0,0,0,1663658311555
1102,0,0,0,0,0,0,0,0,0,1663658311572
1103,0,0,0,0,0,0,0,0,0,1663658311588
1104,0,0,0,0,0,0,0,0,0,1663658311606
1105,0,0,0,0,0,0,0,0,0,1663658311624
1106,0,0,0,0,0,0,0,0,0,1663658311642
1107,0,0,0,0,0,0,0,0,0,1663658311665
1108,0,0,0,0,0,0,0,0,0,1663658311691
1109,0,0,0,0,0,0,0,0,0,1663658311716
1110,0,0,0,0,0,0,0,0,0,1663658311734
1111,0,0,0,0,0,0,0,0,0,1663658311751
1112,0,0,0,0,0,0,0,0,0,1663658311771
1113,0,0,0,0,0,0,0,0,0,1663658311788
1114,0,0,0,0,0,0,0,0,0,1663658311806
1115,0,0,0,0,0,0,0,0,0,1663658311822
1116,0,0,0,0,0,0,0,0,0,1663658311849
1117,0,0,0,0,0,0,0,0,0,1663658311868
1118,0,0,0,0,0,0,0,0,0,1663658311895
1119,0,0,0,0,0,0,0,0,0,1663658311913
1120,0,0,0,0,0,0,0,0,0,1663658311930
1121,0,0,0,0,0,0,0,0,0,1663658311947
1122,0,0,0,0,0,0,0,0,0,1663658311966
1123,0,0,0,0,0,0,0,0,0,1663658311985
1124,0,0,0,0,0,0,0,0,0,1663658312002
1125,0,0,0,0,0,0,0,0,0,1663658312019
1126,0,0,0,0,0,0,0,0,0,1663658312037
1127,0,0,0,0,0,0,0,0,0,1663658312053
1128,0,0,0,0,0,0,0,0,0,1663658312069
1129,0,0,0,0,0,0,0,0,0,1663658312087
1130,0,0,0,0,0,0,0,0,0,1663658312104
1131,0,0,0,0,0,0,0,0,0,1663658312122
1132,0,0,0,0,0,0,0,0,0,1663658312139
1133,0,0,0,0,0,0,0,0,0,1663658312157
1134,0,0,0,0,0,0,0,0,0,1663658312177
1135,0,0,0,0,0,0,0,0,0,1663658312195
1136,0,0,0,0,0,0,0,0,0,1663658312212
1137,0,0,0,0,0,0,0,0,0,1663658312231
1138,0,0,0,0,0,0,0,0,0,1663658312249
1139,0,0,0,0,0,0,0,0,0,1663658312268
1140,0,0,0,0,0,0,0,0,0,1663658312285
1141,0,0,0,0,0,0,0,0,0,1663658312302
1142,0,0,0,0,0,0,0,0,0,1663658312324
1143,0,0,0,0,0,0,0,0,0,1663658312340
1144,0,0,0,0,0,0,0,0,0,1663658312358
1145,0,0,0,0,0,0,0,0,0,1663658312377
1146,0,0,0,0,0,0,0,0,0,1663658312395
1147,0,0,0,0,0,0,0,0,0,1663658312414
1148,0,0,0,0,0,0,0,0,0,1663658312433
1149,0,0,0,0,0,0,0,0,0,1663658312451
1150,0,0,0,0,0,0,0,0,0,1663658312470
1151,0,0,0,0,0,0,0,0,0,1663658312489
1152,0,0,0,0,0,0,0,0,0,1663658312505
1153,0,0,0,0,0,0,0,0,0,1663658312521
1154,0,0,0,0,0,0,0,0,0,1663658312540
1155,0,0,0,0,0,0,0,0,0,1663658312557
1156,0,0,0,0,0,0,0,0,0,1663658312572
1157,0,0,0,0,0,0,0,0,0,1663658312587
1158,0,0,0,0,0,0,0,0,0,1663658312605
1159,0,0,0,0,0,0,0,0,0,1663658312623
1160,0,0,0,0,0,0,0,0,0,1663658312639
1161,0,0,0,0,0,0,0,0,0,1663658312658
1162,0,0,0,0,0,0,0,0,0,1663658312677
1163,0,0,0,0,0,0,0,0,0,1663658312696
1164,0,0,0,0,0,0,0,0,0,1663658312715
1165,0,0,0,0,0,0,0,0,0,1663658312732
1166,0,0,0,0,0,0,0,0,0,1663658312749
1167,0,0,0,0,0,0,0,0,0,1663658312767
1168,0,0,0,0,0,0,0,0,0,1663658312784
1169,0,0,0,0,0,0,0,0,0,1663658312805
1170,0,0,0,0,0,0,0,0,0,1663658312822
1171,0,0,0,0,0,0,0,0,0,1663658312839
1172,0,0,0,0,0,0,0,0,0,1663658312856
1173,0,0,0,0,0,0,0,0,0,1663658312875
1174,0,0,0,0,0,0,0,0,0,1663658312891
1175,0,0,0,0,0,0,0,0,0,1663658312908
1176,0,0,0,0,0,0,0,0,0,1663658312926
1177,0,0,0,0,0,0,0,0,0,1663658312941
1178,0,0,0,0,0,0,0,0,0,1663658312953
1179,0,0,0,0,0,0,0,0,0,1663658312967
1180,0,0,0,0,0,0,0,0,0,1663658312984
1181,0,0,0,0,0,0,0,0,0,1663658313002
1182,0,0,0,0,0,0,0,0,0,1663658313020
1183,0,0,0,0,0,0,0,0,0,1663658313036
1184,0,0,0,0,0,0,0,0,0,1663658313054
1185,0,0,0,0,0,0,0,0,0,1663658313071
1186,0,0,0,0,0,0,0,0,0,1663658313090
1187,0,0,0,0,0,0,0,0,0,1663658313106
1188,0,0,0,0,0,0,0,0,0,1663658313123
1189,0,0,0,0,0,0,0,0,0,1663658313140
1190,0,0,0,0,0,0,0,0,0,1663658313158
1191,0,0,0,0,0,0,0,0,0,1663658313178
1192,0,0,0,0,0,0,0,0,0,1663658313196
1193,0,0,0,0,0,0,0,0,0,1663658313215
1194,0,0,0,0,0,0,0,0,0,1663658313232
1195,0,0,0,0,0,0,0,0,0,1663658313250
1196,0,0,0,0,0,0,0,0,0,1663658313267
1197,0,0,0,0,0,0,0,0,0,1663658313285
1198,0,0,0,0,0,0,0,0,0,1663658313301
1199,0,0,0,0,0,0,0,0,0,1663658313319
1200,0,0,0,0,0,0,0,0,0,1663658313346
1201,0,0,0,0,0,0,0,0,0,1663658313364
1202,0,0,0,0,0,0,0,0,0,1663658313383
1203,0,0,0,0,0,0,0,0,0,1663658313400
1204,0,0,0,0,0,0,0,0,0,1663658313420
1205,0,0,0,0,0,0,0,0,0,1663658313439
1206,0,0,0,0,0,0,0,0,0,1663658313457
1207,0,0,0,0,0,0,0,0,0,1663658313476
1208,0,0,0,0,0,0,0,0,0,1663658313492
1209,0,0,0,0,0,0,0,0,0,1663658313511
1210,0,0,0,0,0,0,0,0,0,1663658313530
1211,0,0,0,0,0,0,0,0,0,1663658313547
1212,0,0,0,0,0,0,0,0,0,1663658313564
1213,0,0,0,0,0,0,0,0,0,1663658313580
1214,0,0,0,0,0,0,0,0,0,1663658313597
1215,0,0,0,0,0,0,0,0,0,1663658313616
1216,0,0,0,0,0,0,0,0,0,1663658313633
1217,0,0,0,0,0,0,0,0,0,1663658313650
1218,0,0,0,0,0,0,0,0,0,1663658313667
1219,0,0,0,0,0,0,0,0,0,1663658313684
1220,0,0,0,0,0,0,0,0,0,1663658313701
1221,0,0,0,0,0,0,0,0,0,1663658313719
1222,0,0,0,0,0,0,0,0,0,1663658313736
1223,0,0,0,0,0,0,0,0,0,1663658313754
1224,0,0,0,0,0,0,0,0,0,1663658313771
1225,0,0,0,0,0,0,0,0,0,1663658313790
1226,0,0,0,0,0,0,0,0,0,1663658313809
1227,0,0,0,0,0,0,0,0,0,1663658313827
1228,0,0,0,0,0,0,0,0,0,1663658313844
1229,0,0,0,0,0,0,0,0,0,1663658313864
1230,0,0,0,0,0,0,0,0,0,1663658313882
1231,0,0,0,0,0,0,0,0,0,1663658313901
1232,0,0,0,0,0,0,0,0,0,1663658313918
1233,0,0,0,0,0,0,0,0,0,1663658313939
1234,0,0,0,0,0,0,0,0,0,1663658313956
1235,0,0,0,0,0,0,0,0,0,1663658313972
1236,0,0,0,0,0,0,0,0,0,1663658313987
1237,0,0,0,0,0,0,0,0,0,1663658314006
1238,0,0,0,0,0,0,0,0,0,1663658314021
1239,0,0,0,0,0,0,0,0,0,1663658314040
1240,0,0,0,0,0,0,0,0,0,1663658314057
1241,0,0,0,0,0,0,0,0,0,1663658314085
1242,0,0,0,0,0,0,0,0,0,1663658314110
1243,0,0,0,0,0,0,0,0,0,1663658314128
1244,0,0,0,0,0,0,0,0,0,1663658314147
1245,0,0,0,0,0,0,0,0,0,1663658314166
1246,0,0,0,0,0,0,0,0,0,1663658314185
1247,0,0,0,0,0,0,0,0,0,1663658314202
1248,0,0,0,0,0,0,0,0,0,1663658314220
1249,0,0,0,0,0,0,0,0,0,1663658314239
1250,0,0,0,0,0,0,0,0,0,1663658314258
1251,0,0,0,0,0,0,0,0,0,1663658314276
1252,0,0,0,0,0,0,0,0,0,1663658314293
1253,0,0,0,0,0,0,0,0,0,1663658314310
1254,0,0,0,0,0,0,0,0,0,1663658314328
1255,0,0,0,0,0,0,0,0,0,1663658314346
1256,0,0,0,0,0,0,0,0,0,1663658314365
1257,0,0,0,0,0,0,0,0,0,1663658314383
1258,0,0,0,0,0,0,0,0,0,1663658314400
1259,0,0,0,0,0,0,0,0,0,1663658314418
1260,0,0,0,0,0,0,0,0,0,1663658314436
1261,0,0,0,0,0,0,0,0,0,1663658314454
1262,0,0,0,0,0,0,0,0,0,1663658314471
1263,0,0,0,0,0,0,0,0,0,1663658314490
1264,0,0,0,0,0,0,0,0,0,1663658314509
1265,0,0,0,0,0,0,0,0,0,1663658314529
1266,0,0,0,0,0,0,0,0,0,1663658314545
1267,0,0,0,0,0,0,0,0,0,1663658314564
1268,0,0,0,0,0,0,0,0,0,1663658314582
1269,0,0,0,0,0,0,0,0,0,1663658314600
1270,0,0,0,0,0,0,0,0,0,1663658314620
1271,0,0,0,0,0,0,0,0,0,1663658314638
1272,0,0,0,0,0,0,0,0,0,1663658314658
1273,0,0,0,0,0,0,0,0,0,1663658314677
1274,0,0,0,0,0,0,0,0,0,1663658314697
1275,0,0,0,0,0,0,0,0,0,1663658314714
1276,0,0,0,0,0,0,0,0,0,1663658314730
1277,0,0,0,0,0,0,0,0,0,1663658314746
1278,0,0,0,0,0,0,0,0,0,1663658314763
1279,0,0,0,0,0,0,0,0,0,1663658314782
1280,0,0,0,0,0,0,0,0,0,1663658314799
1281,0,0,0,0,0,0,0,0,0,1663658314821
1282,0,0,0,0,0,0,0,0,0,1663658314837
1283,0,0,0,0,0,0,0,0,0,1663658314854
1284,0,0,0,0,0,0,0,0,0,1663658314873
1285,0,0,0,0,0,0,0,0,0,1663658314893
1286,0,0,0,0,0,0,0,0,0,1663658314910
1287,0,0,0,0,0,0,0,0,0,1663658314927
1288,0,0,0,0,0,0,0,0,0,1663658314944
1289,0,0,0,0,0,0,0,0,0,1663658314960
1290,0,0,0,0,0,0,0,0,0,1663658314980
1291,0,0,0,0,0,0,0,0,0,1663658314998
1292,0,0,0,0,0,0,0,0,0,1663658315018
1293,0,0,0,0,0,0,0,0,0,1663658315035
1294,0,0,0,0,0,0,0,0,0,1663658315054
1295,0,0,0,0,0,0,0,0,0,1663658315071
1296,0,0,0,0,0,0,0,0,0,1663658315090
1297,0,0,0,0,0,0,0,0,0,1663658315108
1298,0,0,0,0,0,0,0,0,0,1663658315124
1299,0,0,0,0,0,0,0,0,0,1663658315141
1300,0,0,0,0,0,0,0,0,0,1663658315157
1301,0,0,0,0,0,0,0,0,0,1663658315174
1302,0,0,0,0,0,0,0,0,0,1663658315191
1303,0,0,0,0,0,0,0,0,0,1663658315207
1304,0,0,0,0,0,0,0,0,0,1663658315225
1305,0,0,0,0,0,0,0,0,0,1663658315243
1306,0,0,0,0,0,0,0,0,0,1663658315260
1307,0,0,0,0,0,0,0,0,0,1663658315277
1308,0,0,0,0,0,0,0,0,0,1663658315294
1309,0,0,0,0,0,0,0,0,0,1663658315311
1310,0,0,0,0,0,0,0,0,0,1663658315329
1311,0,0,0,0,0,0,0,0,0,1663658315349
1312,0,0,0,0,0,0,0,0,0,1663658315367
1313,0,0,0,0,0,0,0,0,0,1663658315386
1314,0,0,0,0,0,0,0,0,0,1663658315405
1315,0,0,0,0,0,0,0,0,0,1663658315423
1316,0,0,0,0,0,0,0,0,0,1663658315444
1317,0,0,0,0,0,0,0,0,0,1663658315461
1318,0,0,0,0,0,0,0,0,0,1663658315478
1319,0,0,0,0,0,0,0,0,0,1663658315495
1320,0,0,0,0,0,0,0,0,0,1663658315514
1321,0,0,0,0,0,0,0,0,0,1663658315531
1322,0,0,0,0,0,0,0,0,0,1663658315548
1323,0,0,0,0,0,0,0,0,0,1663658315565
1324,0,0,0,0,0,0,0,0,0,1663658315583
1325,0,0,0,0,0,0,0,0,0,1663658315601
1326,0,0,0,0,0,0,0,0,0,1663658315618
1327,0,0,0,0,0,0,0,0,0,1663658315635
1328,0,0,0,0,0,0,0,0,0,1663658315655
1329,0,0,0,0,0,0,0,0,0,1663658315673
1330,0,0,0,0,0,0,0,0,0,1663658315690
1331,0,0,0,0,0,0,0,0,0,1663658315707
1332,0,0,0,0,0,0,0,0,0,1663658315726
1333,0,0,0,0,0,0,0,0,0,1663658315743
1334,0,0,0,0,0,0,0,0,0,1663658315760
1335,0,0,0,0,0,0,0,0,0,1663658315777
1336,0,0,0,0,0,0,0,0,0,1663658315794
1337,0,0,0,0,0,0,0,0,0,1663658315816
1338,0,0,0,0,0,0,0,0,0,1663658315831
1339,0,0,0,0,0,0,0,0,0,1663658315848
1340,0,0,0,0,0,0,0,0,0,1663658315867
1341,0,0,0,0,0,0,0,0,0,1663658315885
1342,0,0,0,0,0,0,0,0,0,1663658315903
1343,0,0,0,0,0,0,0,0,0,1663658315922
1344,0,0,0,0,0,0,0,0,0,1663658315939
1345,0,0,0,0,0,0,0,0,0,1663658315952
1346,0,0,0,0,0,0,0,0,0,1663658315963
1347,0,0,0,0,0,0,0,0,0,1663658315977
1348,0,0,0,0,0,0,0,0,0,1663658315992
1349,0,0,0,0,0,0,0,0,0,1663658316007
1350,0,0,0,0,0,0,0,0,0,1663658316023
1351,0,0,0,0,0,0,0,0,0,1663658316038
1352,0,0,0,0,0,0,0,0,0,1663658316054
1353,0,0,0,0,0,0,0,0,0,1663658316070
1354,0,0,0,0,0,0,0,0,0,1663658316087
1355,0,0,0,0,0,0,0,0,0,1663658316105
1356,0,0,0,0,0,0,0,0,0,1663658316124
1357,0,0,0,0,0,0,0,0,0,1663658316140
1358,0,0,0,0,0,0,0,0,0,1663658316157
1359,0,0,0,0,0,0,0,0,0,1663658316176
1360,0,0,0,0,0,0,0,0,0,1663658316193
1361,0,0,0,0,0,0,0,0,0,1663658316208
1362,0,0,0,0,0,0,0,0,0,1663658316224
1363,0,0,0,0,0,0,0,0,0,1663658316242
1364,0,0,0,0,0,0,0,0,0,1663658316260
1365,0,0,0,0,0,0,0,0,0,1663658316277
1366,0,0,0,0,0,0,0,0,0,1663658316297
1367,0,0,0,0,0,0,0,0,0,1663658316314
1368,0,0,0,0,0,0,0,0,0,1663658316332
1369,0,0,0,0,0,0,0,0,0,1663658316349
1370,0,0,0,0,0,0,0,0,0,1663658316369
1371,0,0,0,0,0,0,0,0,0,1663658316387
1372,0,0,0,0,0,0,0,0,0,1663658316407
1373,0,0,0,0,0,0,0,0,0,1663658316423
1374,0,0,0,0,0,0,0,0,0,1663658316439
1375,0,0,0,0,0,0,0,0,0,1663658316457
1376,0,0,0,0,0,0,0,0,0,1663658316472
1377,0,0,0,0,0,0,0,0,0,1663658316488
1378,0,0,0,0,0,0,0,0,0,1663658316505
1379,0,0,0,0,0,0,0,0,0,1663658316522
1380,0,0,0,0,0,0,0,0,0,1663658316541
1381,0,0,0,0,0,0,0,0,0,1663658316559
1382,0,0,0,0,0,0,0,0,0,1663658316576
1383,0,0,0,0,0,0,0,0,0,1663658316593
1384,0,0,0,0,0,0,0,0,0,1663658316611
1385,0,0,0,0,0,0,0,0,0,1663658316628
1386,0,0,0,0,0,0,0,0,0,1663658316649
1387,0,0,0,0,0,0,0,0,0,1663658316666
1388,0,0,0,0,0,0,0,0,0,1663658316686
1389,0,0,0,0,0,0,0,0,0,1663658316704
1390,0,0,0,0,0,0,0,0,0,1663658316722
1391,0,0,0,0,0,0,0,0,0,1663658316739
1392,0,0,0,0,0,0,0,0,0,1663658316759
1393,0,0,0,0,0,0,0,0,0,1663658316784
1394,0,0,0,0,0,0,0,0,0,1663658316802
1395,0,0,0,0,0,0,0,0,0,1663658316820
1396,0,0,0,0,0,0,0,0,0,1663658316845
1397,0,0,0,0,0,0,0,0,0,1663658316865
1398,0,0,0,0,0,0,0,0,0,1663658316883
1399,0,0,0,0,0,0,0,0,0,1663658316900
1400,0,0,0,0,0,0,0,0,0,1663658316917
1401,0,0,0,0,0,0,0,0,0,1663658316936
1402,0,0,0,0,0,0,0,0,0,1663658316954
1403,0,0,0,0,0,0,0,0,0,1663658316970
1404,0,0,0,0,0,0,0,0,0,1663658316986
1405,0,0,0,0,0,0,0,0,0,1663658317003
1406,0,0,0,0,0,0,0,0,0,1663658317020
1407,0,0,0,0,0,0,0,0,0,1663658317040
1408,0,0,0,0,0,0,0,0,0,1663658317058
1409,0,0,0,0,0,0,0,0,0,1663658317076
1410,0,0,0,0,0,0,0,0,0,1663658317093
1411,0,0,0,0,0,0,0,0,0,1663658317109
1412,0,0,0,0,0,0,0,0,0,1663658317128
1413,0,0,0,0,0,0,0,0,0,1663658317148
1414,0,0,0,0,0,0,0,0,0,1663658317166
1415,0,0,0,0,0,0,0,0,0,1663658317185
1416,0,0,0,0,0,0,0,0,0,1663658317206
1417,0,0,0,0,0,0,0,0,0,1663658317223
1418,0,0,0,0,0,0,0,0,0,1663658317239
1419,0,0,0,0,0,0,0,0,0,1663658317256
1420,0,0,0,0,0,0,0,0,0,1663658317273
1421,0,0,0,0,0,0,0,0,0,1663658317292
1422,0,0,0,0,0,0,0,0,0,1663658317308
1423,0,0,0,0,0,0,0,0,0,1663658317324
1424,0,0,0,0,0,0,0,0,0,1663658317343
1425,0,0,0,0,0,0,0,0,0,1663658317358
1426,0,0,0,0,0,0,0,0,0,1663658317376
1427,0,0,0,0,0,0,0,0,0,1663658317392
1428,0,0,0,0,0,0,0,0,0,1663658317409
1429,0,0,0,0,0,0,0,0,0,1663658317426
1430,0,0,0,0,0,0,0,0,0,1663658317443
1431,0,0,0,0,0,0,0,0,0,1663658317461
1432,0,0,0,0,0,0,0,0,0,1663658317478
1433,0,0,0,0,0,0,0,0,0,1663658317498
1434,0,0,0,0,0,0,0,0,0,1663658317515
1435,0,0,0,0,0,0,0,0,0,1663658317532
1436,0,0,0,0,0,0,0,0,0,1663658317549
1437,0,0,0,0,0,0,0,0,0,1663658317566
1438,0,0,0,0,0,0,0,0,0,1663658317586
1439,0,0,0,0,0,0,0,0,0,1663658317604
1440,0,0,0,0,0,0,0,0,0,1663658317621
1441,0,0,0,0,0,0,0,0,0,1663658317638
1442,0,0,0,0,0,0,0,0,0,1663658317655
1443,0,0,0,0,0,0,0,0,0,1663658317670
1444,0,0,0,0,0,0,0,0,0,1663658317689
1445,0,0,0,0,0,0,0,0,0,1663658317708
1446,0,0,0,0,0,0,0,0,0,1663658317725
1447,0,0,0,0,0,0,0,0,0,1663658317743
1448,0,0,0,0,0,0,0,0,0,1663658317761
1449,0,0,0,0,0,0,0,0,0,1663658317778
1450,0,0,0,0,0,0,0,0,0,1663658317796
1451,0,0,0,0,0,0,0,0,0,1663658317812
1452,0,0,0,0,0,0,0,0,0,1663658317828
1453,0,0,0,0,0,0,0,0,0,1663658317845
1454,0,0,0,0,0,0,0,0,0,1663658317863
1455,0,0,0,0,0,0,0,0,0,1663658317882
1456,0,0,0,0,0,0,0,0,0,1663658317900
1457,0,0,0,0,0,0,0,0,0,1663658317919
1458,0,0,0,0,0,0,0,0,0,1663658317935
1459,0,0,0,0,0,0,0,0,0,1663658317953
1460,0,0,0,0,0,0,0,0,0,1663658317971
1461,0,0,0,0,0,0,0,0,0,1663658317988
1462,0,0,0,0,0,0,0,0,0,1663658318006
1463,0,0,0,0,0,0,0,0,0,1663658318023
1464,0,0,0,0,0,0,0,0,0,1663658318040
1465,0,0,0,0,0,0,0,0,0,1663658318057
1466,0,0,0,0,0,0,0,0,0,1663658318073
1467,0,0,0,0,0,0,0,0,0,1663658318090
1468,0,0,0,0,0,0,0,0,0,1663658318106
1469,0,0,0,0,0,0,0,0,0,1663658318125
1470,0,0,0,0,0,0,0,0,0,1663658318143
1471,0,0,0,0,0,0,0,0,0,1663658318158
1472,0,0,0,0,0,0,0,0,0,1663658318177
1473,0,0,0,0,0,0,0,0,0,1663658318193
1474,0,0,0,0,0,0,0,0,0,1663658318210
1475,0,0,0,0,0,0,0,0,0,1663658318229
1476,0,0,0,0,0,0,0,0,0,1663658318249
1477,0,0,0,0,0,0,0,0,0,1663658318268
1478,0,0,0,0,0,0,0,0,0,1663658318289
1479,0,0,0,0,0,0,0,0,0,1663658318305
1480,0,0,0,0,0,0,0,0,0,1663658318324
1481,0,0,0,0,0,0,0,0,0,1663658318342
1482,0,0,0,0,0,0,0,0,0,1663658318359
1483,0,0,0,0,0,0,0,0,0,1663658318377
1484,0,0,0,0,0,0,0,0,0,1663658318394
1485,0,0,0,0,0,0,0,0,0,1663658318410
1486,0,0,0,0,0,0,0,0,0,1663658318424
1487,0,0,0,0,0,0,0,0,0,1663658318439
1488,0,0,0,0,0,0,0,0,0,1663658318455
1489,0,0,0,0,0,0,0,0,0,1663658318469
1490,0,0,0,0,0,0,0,0,0,1663658318485
1491,0,0,0,0,0,0,0,0,0,1663658318503
1492,0,0,0,0,0,0,0,0,0,1663658318518
1493,0,0,0,0,0,0,0,0,0,1663658318536
1494,0,0,0,0,0,0,0,0,0,1663658318554
1495,0,0,0,0,0,0,0,0,0,1663658318570
1496,0,0,0,0,0,0,0,0,0,1663658318586
1497,0,0,0,0,0,0,0,0,0,1663658318603
1498,0,0,0,0,0,0,0,0,0,1663658318621
1499,0,0,0,0,0,0,0,0,0,1663658318638
1500,0,0,0,0,0,0,0,0,0,1663658318657
