FN,EAR,MAR,MOEAR,MINUTE,TIMESTAMP,NOSE_x,NOSE_y
1,0.3539864866951985,3.1818641758326134,8.988660006596158,1,1662700000695,0.32048290967941284,0.5045720338821411
2,0.1722666864087948,2.1679477945580237,12.584834826470212,1,1662700000897,0.610554039478302,0.2891244888305664
3,0.319303263122988,4.654767751826529,14.577889703662763,1,1662700001372,0.34168219566345215,0.4851236045360565
4,0.3408275504580969,5.657581495011474,16.59954275236047,1,1662700001456,0.34797248244285583,0.49132388830184937
5,0.27547369051871057,4.545667145906338,16.501275084916283,1,1662700001480,0.352655291557312,0.49709001183509827
6,0.2915970950146846,4.128010566564736,14.156555868146947,1,1662700001523,0.3513607978820801,0.4980299770832062
7,0.3113379633081059,5.208026996863729,16.727889337766904,1,1662700001540,0.3593561053276062,0.5126286745071411
8,0.2969003701054298,3.854471834458768,12.982374636616449,1,1662700001559,0.3633001744747162,0.5143638849258423
9,0.30488649326928996,3.533657701545662,11.590076240027368,1,1662700001579,0.3600170612335205,0.5107073187828064
10,0.26905865952108565,3.5870456651426665,13.3318350412043,1,1662700001598,0.36233189702033997,0.5049223303794861
11,0.28227562370898557,4.267416231655309,15.117905597313772,1,1662700001619,0.36590781807899475,0.5018081068992615
12,0.27560301887656324,3.6587767765077017,13.275532290690874,1,1662700001635,0.36478692293167114,0.497793048620224
13,0.3041955408617818,3.0326545039373034,9.969424585731383,1,1662700001677,0.3655448257923126,0.502289891242981
14,0.36130549319795735,5.119759355497158,14.170167495051256,1,1662700001695,0.34691888093948364,0.5025485157966614
15,0.34826910936958944,5.2830257672153165,15.169378004205576,1,1662700001712,0.3351243734359741,0.4973759055137634
16,0.319191006832384,4.753079788990503,14.891020383561358,1,1662700001732,0.3310052752494812,0.4929095506668091
17,0.2898962570164188,4.42648641720244,15.269208587787107,1,1662700001753,0.33608806133270264,0.48697784543037415
18,0.294487993809357,4.425707139675705,15.028480728286599,1,1662700001778,0.3380519449710846,0.4791470766067505
19,0.29878068949457237,3.403050766665999,11.38979487738219,1,1662700001795,0.32716071605682373,0.4769497513771057
20,0.296511252508183,3.6595660594990593,12.34208155185633,1,1662700001814,0.3223018944263458,0.47726044058799744
21,0.28580279747106097,4.138757313443332,14.481164460478743,1,1662700002026,0.3213788866996765,0.4543059170246124
22,0.45529612862168095,5.156268360506384,11.325087204488137,1,1662700002490,0.32831382751464844,0.4312208890914917
23,0.4301857572032861,6.242826420066817,14.51193191669696,1,1662700002521,0.33361995220184326,0.4303804934024811
24,0.3794889883713778,6.3465574386161965,16.7239567763302,1,1662700002552,0.3305058181285858,0.4238629937171936
25,0.35273995656563045,5.879533032732938,16.668179839839034,1,1662700002570,0.3321115970611572,0.4225607216358185
26,0.2907859367877643,4.569538879886034,15.714442487709436,1,1662700002593,0.3380069434642792,0.4188727140426636
27,0.3260718775885132,4.603244118778597,14.11726810917336,1,1662700002612,0.344868540763855,0.4253925383090973
28,0.30191266766830216,3.864269629533777,12.799296099027138,1,1662700002635,0.35120052099227905,0.43078070878982544
29,0.3918228162321043,2.9263760908848035,7.468620942051788,1,1662700002653,0.34415292739868164,0.43829071521759033
30,0.35968174973750233,3.6563690385608516,10.165567313963773,1,1662700002673,0.3191872239112854,0.4389524459838867
31,0.30767136469525713,3.0282542873648826,9.842496360895701,1,1662700002693,0.33647722005844116,0.43732354044914246
32,0.3097476545000458,3.908932814336848,12.619733378275733,1,1662700002716,0.3381100296974182,0.43378016352653503
33,0.31184041932802,4.513197466213663,14.472778980797555,1,1662700002737,0.339624285697937,0.42365512251853943
34,0.34009343050263113,3.2271905312898306,9.489129285797432,1,1662700002756,0.33771374821662903,0.431690514087677
35,0.2540583263241707,6.362706592962029,25.04427500968187,1,1662700003144,0.38329893350601196,0.3929689824581146
36,0.25380397107212815,4.834768694682286,19.049223990700686,1,1662700003166,0.37578636407852173,0.3920397460460663
37,0.24493721113200803,4.107243282795004,16.768555760935072,1,1662700003186,0.3800944685935974,0.39646056294441223
38,0.2704481268123332,4.325867503249381,15.995183824109628,1,1662700003204,0.389973521232605,0.40252065658569336
39,0.3012330839503808,4.907884172624108,16.29264657208946,1,1662700003224,0.3976651132106781,0.3946012556552887
40,0.2439558967530826,3.096849672444648,12.694301362098626,1,1662700005571,0.48694777488708496,0.46528157591819763
41,0.23729925539192262,3.1859739535275153,13.42597535026215,1,1662700005603,0.48700687289237976,0.46371105313301086
42,0.2119663524405171,2.5457396551083025,12.010112104102461,1,1662700005998,0.4732361137866974,0.4652142822742462
43,0.26699429144351716,2.18473280690181,8.18269482500899,1,1662700006139,0.45918184518814087,0.43597596883773804
44,0.26379338873563907,2.5662821798953663,9.728379441939577,1,1662700006170,0.43884924054145813,0.41617950797080994
45,0.2372339603312178,2.967741346046196,12.509766063436865,1,1662700006194,0.4437008500099182,0.40931326150894165
46,0.2212185958972157,3.665632260752155,16.570181389521654,1,1662700006215,0.45477238297462463,0.41179347038269043
47,0.2435934652767746,4.207959822705013,17.27451850124085,1,1662700006235,0.49178346991539,0.4089265763759613
48,0.23900383758481553,3.5011408134465274,14.648889527575363,1,1662700006254,0.5264860391616821,0.4153278172016144
49,0.24471444410346593,4.239634352171863,17.324822683451142,1,1662700006272,0.5286547541618347,0.416019082069397
50,0.22442952239103536,4.951677360830007,22.063395706926823,1,1662700006290,0.5285195112228394,0.4208012819290161
51,0.22578439902858233,4.713857502918949,20.87769360150617,1,1662700006312,0.48203834891319275,0.4223511219024658
52,0.20731550592032905,3.0350350603566243,14.639691550727433,1,1662700006330,0.46294957399368286,0.4186660647392273
53,0.19978168942976599,4.188686043920216,20.966316061676736,1,1662700006352,0.4480719566345215,0.41533002257347107
54,0.20694911949714712,3.8100100917294597,18.410371114345246,1,1662700006374,0.43745893239974976,0.41832903027534485
55,0.2308475255876506,3.415762563772302,14.79661761622552,1,1662700006394,0.4420819580554962,0.422588974237442
56,0.2335619389416278,3.4857740026842574,14.924409424240258,1,1662700006412,0.4439551830291748,0.4193156361579895
57,0.2362598837515042,3.1637634368361516,13.391031040054886,1,1662700006432,0.44647130370140076,0.4183603525161743
58,0.2278594837102082,3.036343211927419,13.325507292858795,1,1662700006449,0.4524032473564148,0.41465121507644653
59,0.24347132638079888,3.863438641129727,15.868146358586616,1,1662700006469,0.43964675068855286,0.4111200273036957
60,0.2405207956047697,3.5908723862319314,14.929571379485001,1,1662700006490,0.44318678975105286,0.4131619930267334
61,0.24128281578349559,3.496107147470373,14.489664902648721,1,1662700006509,0.44758325815200806,0.41256794333457947
62,0.21152855967124048,3.646578006938812,17.239175705665254,1,1662700006528,0.44155001640319824,0.41039830446243286
63,0.22676813660200965,4.1981303420859595,18.51287577255135,1,1662700006548,0.43056198954582214,0.40794166922569275
64,0.24070402602310204,3.4251284951261893,14.22962694773313,1,1662700006568,0.4264248013496399,0.4125423729419708
65,0.24618895161676746,3.0921351344448116,12.56000772633459,1,1662700006606,0.42140865325927734,0.43311190605163574
66,0.20745265445999683,3.8638745867710407,18.62533211169931,1,1662700006626,0.4023241400718689,0.42265141010284424
67,0.26819239827963887,5.806506232107172,21.6505250311116,1,1662700006644,0.3859163522720337,0.41947120428085327
68,0.27223043532645397,4.894086368240031,17.97773405597037,1,1662700006664,0.3784087300300598,0.42139339447021484
69,0.2929468687380576,4.952836835847462,16.906945813017405,1,1662700006685,0.37141555547714233,0.41715356707572937
70,0.2379997963592828,5.081064278272973,21.349027839513923,1,1662700006705,0.3654222786426544,0.4110560715198517
71,0.2767061215788822,5.554495290106983,20.073626338344422,1,1662700006726,0.36498239636421204,0.4084556996822357
72,0.24551206118606195,5.608306585323612,22.84330373925435,1,1662700006745,0.3677740693092346,0.4036404490470886
73,0.24493700016783132,5.4147582622107295,22.106738706281725,1,1662700006762,0.37792956829071045,0.3999632000923157
74,0.2688754314139442,4.947229705600829,18.39970903843712,1,1662700006781,0.3889908492565155,0.4075925946235657
75,0.23756372673011034,2.7632215716753596,11.63149614509365,1,1662700006862,0.4056432843208313,0.44578906893730164
76,0.2667500425872874,4.414065506782884,16.54757189153396,1,1662700006914,0.38310790061950684,0.42623648047447205
77,0.23540078683757837,5.7344516045608165,24.36037568777316,1,1662700006939,0.38830041885375977,0.41939008235931396
78,0.2741198725911732,5.317233038175133,19.397473769095683,1,1662700006978,0.3774448037147522,0.4176904261112213
79,0.23145358733327143,5.700429287109871,24.628822360406055,1,1662700007015,0.3653556704521179,0.4074084162712097
80,0.2613073493884768,4.6541883336640755,17.81116506885863,1,1662700007150,0.37387144565582275,0.4235716164112091
81,0.24657172280409229,4.939347543121033,20.032092435211943,1,1662700007198,0.35122498869895935,0.4236363172531128
82,0.31690605381825976,4.898783655235176,15.45815738201248,1,1662700007236,0.35275620222091675,0.42999520897865295
83,0.3618754767850629,5.349399951720823,14.782432894445945,1,1662700007257,0.3417167663574219,0.42575573921203613
84,0.28338342230311736,5.930782415767914,20.928473400339314,1,1662700007279,0.3530058264732361,0.41959336400032043
85,0.28535825852033003,5.537131649825637,19.404140179917555,1,1662700007298,0.3542293906211853,0.41713598370552063
86,0.30942997689259133,3.803181302489778,12.290927145077253,1,1662700007318,0.35845521092414856,0.4253220856189728
87,0.26934845809804975,4.874279278379988,18.096555342468772,1,1662700007356,0.3659573197364807,0.40397417545318604
88,0.28126506122689854,5.187479729288799,18.44338470857574,1,1662700007374,0.36432626843452454,0.402459979057312
89,0.2838974553563508,5.215707016379759,18.371799105536024,1,1662700007399,0.3686332106590271,0.40569278597831726
90,0.26453178644133896,5.613676637493142,21.221179930820895,1,1662700007418,0.3647187352180481,0.4176150858402252
91,0.24672061917979382,5.3789905641061315,21.801949841031632,1,1662700007454,0.358390212059021,0.40071892738342285
92,0.26901660066397637,4.699014634593618,17.46737793502591,1,1662700007478,0.36611729860305786,0.4153905510902405
93,0.25938552964147077,4.508412153140408,17.381124380269203,1,1662700007496,0.3736361563205719,0.4174865782260895
94,0.2721463936774699,5.653461797707457,20.77360541623627,1,1662700007514,0.3642883598804474,0.42311912775039673
95,0.2388946262049211,4.402501324758583,18.428632718519868,1,1662700007553,0.37212514877319336,0.41789549589157104
96,0.27686352717226215,4.935679351243861,17.827120103735886,1,1662700007573,0.375120609998703,0.43014299869537354
97,0.2864678466292406,4.745347725694791,16.565027389745527,1,1662700007591,0.3757367432117462,0.42437130212783813
98,0.28570306157684455,5.0964336878946215,17.838218672794486,1,1662700007613,0.3768763542175293,0.42344141006469727
99,0.27958769845378517,5.2972978569129285,18.946820214940725,1,1662700007631,0.37168967723846436,0.42466822266578674
100,0.2760077793257387,4.823441416525585,17.475744445713822,1,1662700007654,0.36154675483703613,0.41301408410072327
101,0.2797300953329017,4.936293875629255,17.646631370695605,1,1662700007673,0.3661419153213501,0.4086863100528717
102,0.2882226582992592,5.643935197485328,19.581858105080958,1,1662700007690,0.36979278922080994,0.4063257575035095
103,0.26549979827417536,5.116733934346207,19.27208219217657,1,1662700007708,0.3780878186225891,0.4056602120399475
104,0.2588363532732193,4.607617476673401,17.801276437432065,1,1662700007727,0.374639630317688,0.4059099853038788
105,0.29370691243626934,3.4118439221961303,11.616491739657155,1,1662700007778,0.3953035771846771,0.4293201267719269
106,0.31663848171762254,3.8624641982975954,12.198341077639867,1,1662700007799,0.37936311960220337,0.41698482632637024
107,0.31373933367979656,3.4375438569897527,10.956687568215855,1,1662700007818,0.3875633478164673,0.41613563895225525
108,0.2605657152427821,3.5408416586273366,13.589054321011332,1,1662700007839,0.39995986223220825,0.41246944665908813
109,0.27205167658001717,3.5769711017233066,13.148131070867452,1,1662700007857,0.4248819947242737,0.40896135568618774
110,0.27936443109648784,4.663961059709027,16.694899352087425,1,1662700007899,0.4026171863079071,0.3983660340309143
111,0.23358143389864705,4.014677032380988,17.187483462932207,1,1662700007918,0.3861497938632965,0.3963965177536011
112,0.298142934088089,3.8447635493926544,12.895705749835697,1,1662700007944,0.3887942135334015,0.3937051594257355
113,0.2855293320466832,4.181684743531482,14.64537710909431,1,1662700007963,0.39447301626205444,0.39380350708961487
114,0.2396911790726723,4.52790233640031,18.890567245394916,1,1662700007981,0.39691460132598877,0.39407995343208313
115,0.2379314428660562,4.290178933497162,18.031155873384602,1,1662700008002,0.4031909108161926,0.39268532395362854
116,0.22811204168942312,5.192686587440644,22.763754815322464,1,1662700008021,0.4065314531326294,0.3910214304924011
117,0.212742171730677,4.389098307980091,20.631068453773764,1,1662700008038,0.41235634684562683,0.3946523070335388
118,0.22544736805411775,3.102340741909017,13.76082040205638,1,1662700008057,0.4092285931110382,0.39553317427635193
119,0.1833174861132493,2.9959604529003725,16.343015150499813,1,1662700008075,0.4026072919368744,0.3903176188468933
120,0.24350805864334998,4.314490208023297,17.718059238205516,1,1662700008092,0.41468432545661926,0.3970365822315216
121,0.25488605550476884,3.2004051336226635,12.556219002584019,1,1662700008114,0.4042464792728424,0.39446592330932617
122,0.2590272145402881,3.5703473381629793,13.783676531825042,1,1662700008137,0.40105435252189636,0.3925498127937317
123,0.2573911712582241,3.8457968154848357,14.941448056221764,1,1662700008158,0.42287376523017883,0.3926197290420532
124,0.24459550323193172,4.010201735393951,16.39523900646438,1,1662700008177,0.42033159732818604,0.38488003611564636
125,0.2391909355188398,3.794405053934908,15.863498529759472,1,1662700008197,0.43300414085388184,0.38483914732933044
126,0.20745662307084373,4.080135536485249,19.667415173782793,1,1662700008217,0.4420930743217468,0.3777347803115845
127,0.27815109968400886,4.265264967853945,15.334345155203275,1,1662700008717,0.3982947766780853,0.4229636490345001
128,0.23996009323285178,3.0385759741351794,12.662838779557461,1,1662700008747,0.39748841524124146,0.415143221616745
129,0.23838433875916826,4.041394245109081,16.95327078173523,1,1662700008771,0.3807063698768616,0.4109993577003479
130,0.25236871957827334,4.610134758028473,18.26745709901111,1,1662700008791,0.3831357955932617,0.4132080078125
131,0.23227635963724313,5.654649782090458,24.34449115235657,1,1662700008808,0.3945123851299286,0.3995770215988159
132,0.25873059680146415,4.71128750410087,18.209239890232453,1,1662700008828,0.39848461747169495,0.4024283289909363
133,0.2555455775363324,4.332825962943661,16.955198382674567,1,1662700008846,0.4071473479270935,0.4034445583820343
134,0.24511977794947376,5.690888468377824,23.216765762373036,1,1662700008867,0.4061591923236847,0.3967989981174469
135,0.21240056660544981,4.50474237335514,21.20871165905617,1,1662700008885,0.4122360348701477,0.40594032406806946
136,0.2412003741340764,4.342501673311457,18.003710354518702,1,1662700008904,0.4118686318397522,0.4129708409309387
137,0.1933438371064343,5.011897044539469,25.922197053431077,1,1662700008922,0.4133625626564026,0.4098142683506012
138,0.1650817467376914,4.0759626672684925,24.690571476354933,1,1662700008941,0.41769641637802124,0.4136735200881958
139,0.20420908205302857,3.72620665644331,18.24701731667202,1,1662700008958,0.42127159237861633,0.4140094220638275
140,0.2178167660374764,3.4507409000635105,15.842402597556674,1,1662700008977,0.41552436351776123,0.41992220282554626
141,0.20791578469251032,3.549819278738263,17.073351520607936,1,1662700008998,0.41644343733787537,0.41760924458503723
142,0.22801541937826755,3.938428160954553,17.272639594697207,1,1662700009019,0.4145794212818146,0.4202171564102173
143,0.23652135835628862,3.8657585258288516,16.344225962061277,1,1662700009039,0.40408509969711304,0.42051008343696594
144,0.2341298396925835,3.240622224439249,13.84113288888867,1,1662700009060,0.3951733708381653,0.4185176491737366
145,0.2613528557666847,4.286209350640489,16.400086151983277,1,1662700009080,0.40406307578086853,0.4270550310611725
146,0.23550344158493547,3.9837672457223015,16.915961902346705,1,1662700009101,0.4121493697166443,0.41068539023399353
147,0.250080028391504,3.7464419428333944,14.980972158913401,1,1662700009121,0.40472444891929626,0.4260527789592743
148,0.23866551627815458,2.48986492704512,10.432445230769273,1,1662700009143,0.40037864446640015,0.42655840516090393
149,0.22848256260206296,2.6703591207096085,11.687365067593555,1,1662700009164,0.39678919315338135,0.4265381991863251
150,0.22260852805317818,2.630258825739048,11.8156247145694,1,1662700009187,0.3979634642601013,0.423347532749176
151,0.25645024795725124,4.965706732219592,19.36323622914705,1,1662700009210,0.40753695368766785,0.4240235388278961
152,0.24758976295985288,4.123430843535148,16.654286486811532,1,1662700009231,0.413627564907074,0.41858386993408203
153,0.21684893324543628,4.542304481951809,20.946861088823937,1,1662700009249,0.4201926290988922,0.42463672161102295
154,0.23757120896008294,4.627051560569068,19.47648278098594,1,1662700009267,0.40091976523399353,0.4308182895183563
155,0.23198029459509106,4.1377648746727616,17.836708423424515,1,1662700009288,0.40732941031455994,0.4317702054977417
156,0.24325156559947986,3.510547212904481,14.431755883062598,1,1662700009311,0.4053992033004761,0.4350591003894806
157,0.2172412884613125,4.597871077264191,21.16481222253018,1,1662700009335,0.4054718017578125,0.44175198674201965
158,0.2358851034838939,4.22432725411431,17.908410457986992,1,1662700009355,0.40748557448387146,0.43434637784957886
159,0.24021988654655294,4.5173379456778315,18.805012401845435,1,1662700009376,0.4085388481616974,0.4339699447154999
160,0.21315863147986322,4.532500953592493,21.263511226945887,1,1662700009398,0.41075846552848816,0.4460829496383667
161,0.22946151392012348,4.353183812722361,18.97130258731633,1,1662700009415,0.4039473235607147,0.44468459486961365
162,0.2071985604040702,4.323243292022739,20.865218771750758,1,1662700009434,0.40453195571899414,0.443543016910553
163,0.19638458311463153,4.160635342933695,21.186160730881266,1,1662700009452,0.40220943093299866,0.43842267990112305
164,0.24939672322019055,4.432420891273551,17.77257068193394,1,1662700009640,0.425568163394928,0.46196430921554565
165,0.2680075732039652,3.536615580960923,13.19595390041239,1,1662700009677,0.42630791664123535,0.46290871500968933
166,0.22661638834243464,4.105544058781813,18.116712956249323,1,1662700009747,0.4189301133155823,0.4252783954143524
167,0.22209213169124825,3.900370126747658,17.561946463596197,1,1662700010122,0.44962796568870544,0.4446781873703003
168,0.20075935878167817,3.381688007134977,16.844484997645843,1,1662700010155,0.43064793944358826,0.4622275233268738
169,0.18572232289333604,3.7057150494279063,19.9529867583886,1,1662700010182,0.42189347743988037,0.45666325092315674
170,0.1838482812782128,3.713060529766844,20.196329843018585,1,1662700010202,0.4275282919406891,0.45003050565719604
171,0.21067689695995787,3.8570345875118823,18.30781942950758,1,1662700010224,0.4299553334712982,0.441193550825119
172,0.17007428869027297,3.3774119945171317,19.85845138925044,1,1662700010247,0.42553550004959106,0.4455163776874542
173,0.171002116889946,3.49456198719778,20.43578202863313,1,1662700010268,0.42185840010643005,0.4482462406158447
174,0.19153192955867118,4.042347815308526,21.10534689763176,1,1662700010289,0.42430567741394043,0.4455881416797638
175,0.1927921683124138,3.086922218497612,16.011657763480045,1,1662700010309,0.41354236006736755,0.44363605976104736
176,0.18850356646756944,3.126920046497698,16.588121408491546,1,1662700010328,0.41247665882110596,0.44243741035461426
177,0.21726205302085605,2.772964192018781,12.763223735866063,1,1662700010351,0.42198270559310913,0.43803343176841736
178,0.20712180842054384,3.7244740632294713,17.9820468526773,1,1662700010373,0.4243546426296234,0.43481501936912537
179,0.19734406779037966,3.080203068205415,15.608288116758745,1,1662700010392,0.41543734073638916,0.43629568815231323
180,0.21746805870656533,2.3190062028719054,10.663663512998909,1,1662700010409,0.4105910062789917,0.44316890835762024
181,0.20493205565415262,2.5976197437226682,12.675516943559394,1,1662700010427,0.4072575867176056,0.44881686568260193
182,0.25774988243970426,2.863313376496472,11.108883346110897,1,1662700010444,0.40716832876205444,0.45095548033714294
183,0.2173652901107429,2.5065633141046963,11.531571176003569,1,1662700010463,0.417276531457901,0.45090895891189575
184,0.2129254608317245,2.7251377891438695,12.798552970128604,1,1662700010483,0.4176713228225708,0.44358813762664795
185,0.21454687492920266,2.677034909675113,12.477622480208558,1,1662700010505,0.41795918345451355,0.44030827283859253
186,0.20950101184637016,2.424559083506395,11.573018488733391,1,1662700010529,0.41773316264152527,0.43993279337882996
187,0.18895288645322764,2.475445230726638,13.100859569771092,1,1662700010546,0.42102479934692383,0.4473024606704712
188,0.18700659706947878,2.4393751798776604,13.0443268745827,1,1662700010568,0.41533055901527405,0.45364677906036377
189,0.21680543386480539,3.217374097819977,14.839914482153862,1,1662700010587,0.40896841883659363,0.45448529720306396
190,0.2191963904655866,3.275647185553362,14.943891998384128,1,1662700010608,0.4160972833633423,0.45614558458328247
191,0.22203904683262504,3.4741881350090296,15.64674405050884,1,1662700010625,0.4110531508922577,0.45802077651023865
192,0.20765460504886657,3.175753272970956,15.293440144145217,1,1662700010643,0.4089658856391907,0.45808812975883484
193,0.21734654399877956,3.1113935851895214,14.315357989805406,1,1662700010663,0.4023606777191162,0.45436176657676697
194,0.20159611942331307,2.8607880616910237,14.190690127739607,1,1662700010684,0.4088684618473053,0.4642738103866577
195,0.22906650402414674,3.7581715156729976,16.406464715054256,1,1662700010702,0.4045824706554413,0.46239498257637024
196,0.20987234992488799,4.301145712284886,20.49410374365294,1,1662700010719,0.40603798627853394,0.46439236402511597
197,0.21124571657569585,3.802465965991439,18.000203874566605,1,1662700010737,0.4027312695980072,0.46504101157188416
198,0.1810792409414528,4.077397246038777,22.51719868517174,1,1662700010757,0.4018012285232544,0.47152531147003174
199,0.22594999050409914,3.755439535992824,16.620666934370565,1,1662700010776,0.4038833975791931,0.4837622046470642
200,0.2475093392483395,4.018455451018902,16.235571001977295,1,1662700010795,0.3938000798225403,0.48214197158813477
201,0.23149890523672997,3.7014322524014274,15.988983829605395,1,1662700010818,0.39724335074424744,0.48121070861816406
202,0.23401746673061613,3.753950525633795,16.041326222692042,1,1662700010836,0.3928939402103424,0.486478328704834
203,0.24049997085312813,4.031101951437692,16.761340706770653,1,1662700010854,0.3906455636024475,0.49006742238998413
204,0.2403335811173569,3.971621943363265,16.525455680801798,1,1662700010872,0.38675904273986816,0.49436652660369873
205,0.24031842134392106,3.1816261727418294,13.239210523060926,1,1662700010894,0.390842467546463,0.500548779964447
206,0.23459739245243327,5.907966660859534,25.18342850744783,1,1662700010929,0.37589895725250244,0.48365312814712524
207,0.2397644895740027,4.745177872672432,19.790995243304554,1,1662700010947,0.3723008334636688,0.48577389121055603
208,0.25339450892300003,4.275871709099033,16.874366091328202,1,1662700010967,0.3723186254501343,0.4844586253166199
209,0.25533652783041516,4.401340357189952,17.23740976110224,1,1662700010986,0.37151244282722473,0.4848182797431946
210,0.24126596043578774,5.416515606593638,22.450392905862195,1,1662700011020,0.37619659304618835,0.49187636375427246
211,0.2413949245271361,4.213702926165076,17.455640106846563,1,1662700011042,0.3793678879737854,0.48697036504745483
212,0.24486810323968553,3.8760866464883175,15.829283582493662,1,1662700011064,0.37850505113601685,0.4908374547958374
213,0.2533605871642863,4.1696938713413845,16.457547395237267,1,1662700011084,0.3752613365650177,0.48467132449150085
214,0.24384038603319363,3.6992819867341065,15.170915888521144,1,1662700011103,0.3769300878047943,0.4838438928127289
215,0.22782801010775172,4.971818067878105,21.82268135303764,1,1662700011123,0.3775334656238556,0.4866411089897156
216,0.22601119075291135,4.201139354084832,18.58819176205201,1,1662700011140,0.3838766813278198,0.486136257648468
217,0.24365252569290896,4.1450134284341615,17.011986297480004,1,1662700011176,0.3853091597557068,0.49232643842697144
218,0.2602683500049571,4.548587097154413,17.476527964571105,1,1662700011195,0.378763347864151,0.4916699528694153
219,0.24699312548289998,4.557599603425635,18.452333823117563,1,1662700011215,0.3764839768409729,0.4857379198074341
220,0.24073354750635298,4.205051136183111,17.467657415184892,1,1662700011232,0.3769834637641907,0.4858124554157257
221,0.238608587577741,5.071562854186226,21.254737332259097,1,1662700011252,0.3750752806663513,0.4884355366230011
222,0.2478367850467681,4.191726346211473,16.913253395457307,1,1662700011289,0.3852856457233429,0.49658727645874023
223,0.22270127402376838,5.150770137664745,23.128606516705492,1,1662700011311,0.37984246015548706,0.4872957766056061
224,0.22921292682569283,4.6103981563444405,20.11404077506703,1,1662700011327,0.3762615919113159,0.4918576180934906
225,0.21853398985201627,4.238411828429542,19.394748758761278,1,1662700011349,0.3780803680419922,0.49925851821899414
226,0.25289012648354003,3.9707928801603884,15.701652474039303,1,1662700011366,0.378280907869339,0.5061886310577393
227,0.23676494613546767,4.8039516869040675,20.289961691184782,1,1662700011386,0.3761039972305298,0.5031253099441528
228,0.26814846508653317,4.742967445400136,17.68784111394988,1,1662700011423,0.3816370666027069,0.4959903955459595
229,0.25676162312721157,4.43200737361716,17.261175247444744,1,1662700011442,0.37975555658340454,0.49366068840026855
230,0.2391877056904351,4.686167504825643,19.59200825685682,1,1662700011460,0.37641939520835876,0.4980698227882385
231,0.21957727378359115,4.564053067742804,20.78563500265059,1,1662700011484,0.38107919692993164,0.4989888668060303
232,0.23989358205249747,4.009174796577133,16.712305357547162,1,1662700011505,0.37879085540771484,0.492986261844635
233,0.21799128751715938,4.474752819949877,20.527209462890315,1,1662700011528,0.39107540249824524,0.4857301414012909
234,0.23801242175629356,3.8065124198501543,15.992914956966954,1,1662700011570,0.40240946412086487,0.46981972455978394
235,0.2821748221101992,3.969818048303148,14.068647296791047,1,1662700011587,0.4047445058822632,0.4815827012062073
236,0.2667241581020596,3.513042265679816,13.171068907584973,1,1662700011609,0.40186572074890137,0.482769250869751
237,0.23677598553292098,3.6932636793635334,15.598134544983353,1,1662700011627,0.40430107712745667,0.48171794414520264
238,0.21983428795976734,3.999275571235299,18.192228375071412,1,1662700011673,0.41083917021751404,0.47312676906585693
239,0.22659859518436248,3.393740382762989,14.976881829306196,1,1662700011701,0.40715450048446655,0.4822636842727661
240,0.2696671523610219,3.819492671450986,14.163729760966843,1,1662700011721,0.3999989330768585,0.4807125926017761
241,0.21529609056588944,3.848166464687215,17.873833447567957,1,1662700011756,0.4158315658569336,0.4725780487060547
242,0.23434036586439552,3.512505987944247,14.988907160692962,1,1662700011774,0.4119490087032318,0.48137474060058594
243,0.20631445673970583,4.2855426276597255,20.771896915912826,1,1662700011841,0.3870404362678528,0.482706218957901
244,0.2334645930870309,4.12535743951981,17.67016310683976,1,1662700011863,0.3881373107433319,0.4806704819202423
245,0.2483292864279687,3.869882925935978,15.583675133937497,1,1662700011881,0.3858070969581604,0.47528576850891113
246,0.23159748588627047,3.563776170662981,15.387801629301919,1,1662700011904,0.3855797052383423,0.4786081612110138
247,0.21097074018584167,4.3186878568672,20.470553656222272,1,1662700011927,0.37961867451667786,0.4808030128479004
248,0.2394394285997885,4.060023376636357,16.956369301325434,1,1662700011951,0.3746527433395386,0.4811810553073883
249,0.28505352977811305,4.567867963754666,16.024597089923127,1,1662700012026,0.37300905585289,0.47234246134757996
250,0.25802960548073484,3.840298362316317,14.883169530726752,1,1662700012050,0.36965644359588623,0.46990495920181274
251,0.2653553615780966,4.906208481931864,18.489200492328926,1,1662700012072,0.36803749203681946,0.4730587303638458
252,0.2580185768015042,4.109357857648738,15.926596869845152,1,1662700012093,0.3665608763694763,0.46799981594085693
253,0.25073738227120884,3.914833802244582,15.61328337555236,1,1662700012111,0.3666619658470154,0.46960923075675964
254,0.2664809523766212,4.776799959478467,17.92548366731799,1,1662700012165,0.3697633743286133,0.46342843770980835
255,0.2689757157583812,4.283058607803926,15.92358847611122,1,1662700012184,0.3735443949699402,0.4602552354335785
256,0.2663816767514122,4.682486273873288,17.578109466752068,1,1662700012242,0.37213897705078125,0.45655298233032227
257,0.28363581176582797,3.843652184526471,13.55136419691538,1,1662700012260,0.37276554107666016,0.4463765621185303
258,0.24117104243812026,4.219685503116205,17.496650760627254,1,1662700012278,0.3788992166519165,0.4489092528820038
259,0.2736051914023989,3.732941381336823,13.64353272027898,1,1662700012325,0.3811745345592499,0.46282485127449036
260,0.2364493135334355,4.779948108147095,20.21552964868802,1,1662700012345,0.3750213086605072,0.46346259117126465
261,0.2624740689835462,5.170301664869636,19.69833319113039,1,1662700012364,0.38109782338142395,0.4581972360610962
262,0.2797135595701058,3.9946274436012157,14.28113620855776,1,1662700012383,0.37273523211479187,0.4511035084724426
263,0.28665823304425175,4.9794010175021,17.37051458324389,1,1662700012439,0.4043608009815216,0.45574262738227844
264,0.2766588874082113,4.717179427173239,17.05052554560816,1,1662700012458,0.401265949010849,0.45074543356895447
265,0.23680234045792914,4.003587798808688,16.90687596696273,1,1662700012477,0.4050500690937042,0.4424026310443878
266,0.1925745859195342,3.2629593295464168,16.94387301401141,1,1662700012498,0.40408867597579956,0.4434396028518677
267,0.21741306687701267,3.260069627762982,14.994819191834292,1,1662700012517,0.4044549763202667,0.4408019185066223
268,0.21178030383392066,3.5326649175887166,16.68080011991603,1,1662700012537,0.40347158908843994,0.4316790699958801
269,0.20913351079307954,3.896792414513892,18.63303685639098,1,1662700012560,0.3974120616912842,0.4283635914325714
270,0.1794526147122557,2.6564839831274063,14.803261503806786,1,1662700012578,0.40175557136535645,0.42595192790031433
271,0.22981853710258343,3.7540199403889893,16.334713412231487,1,1662700012598,0.4054885506629944,0.435224324464798
272,0.20191624719406276,3.311186410616037,16.39881117359337,1,1662700012620,0.4018632173538208,0.43183428049087524
273,0.22043495123927206,3.432643027682976,15.572135944798513,1,1662700012638,0.40220171213150024,0.4316340684890747
274,0.23613604440568875,3.0614952352756304,12.964963663132641,1,1662700012656,0.3980962336063385,0.42813652753829956
275,0.19574315742339846,3.5280429471719974,18.023837939533855,1,1662700012676,0.4002431333065033,0.42384037375450134
276,0.20018433624965892,3.3876239165075175,16.922522410957562,1,1662700012695,0.40684130787849426,0.4193674921989441
277,0.23845280457305873,3.3842867453792795,14.19269004379598,1,1662700012715,0.4092414379119873,0.42062079906463623
278,0.22009303273992908,3.1094279342963604,14.127789033515603,1,1662700012735,0.4112170934677124,0.4223981499671936
279,0.19694357786107908,3.5660250665777276,18.106836005046816,1,1662700012755,0.4152342677116394,0.42064857482910156
280,0.18060818741214207,3.4542987446739826,19.125925541744042,1,1662700012774,0.41588911414146423,0.41928768157958984
281,0.20532778826192638,3.060431191001133,14.905099874241543,1,1662700012793,0.416957825422287,0.41793298721313477
282,0.2415262258139364,3.5367194546715415,14.643210867693142,1,1662700012811,0.42755448818206787,0.41662657260894775
283,0.2537118705970963,3.315245728922779,13.066971289599255,1,1662700012830,0.4176912307739258,0.41273146867752075
284,0.2577344939916617,2.8623459973683376,11.105793225570114,1,1662700012849,0.4193645417690277,0.41003626585006714
285,0.2921636861359068,3.1356226145169077,10.732417351341532,1,1662700013039,0.41353729367256165,0.39008277654647827
286,0.30357018279281567,3.9337248214137808,12.958205530015832,1,1662700013081,0.4143770635128021,0.3832339942455292
287,0.2395060062231196,4.174696689746819,17.430446758223443,1,1662700013104,0.41478240489959717,0.3803110718727112
288,0.25151403244759396,4.630881003294059,18.412018439802,1,1662700013122,0.41000109910964966,0.37801408767700195
289,0.27143307757469054,3.703644498994305,13.644779523877922,1,1662700013139,0.40795496106147766,0.3818023204803467
290,0.3017487290202878,4.110958655599075,13.62378118027691,1,1662700013156,0.417331725358963,0.38468077778816223
291,0.2815860699880844,4.127313211730427,14.657377092215814,1,1662700013173,0.41956061124801636,0.3794401288032532
292,0.27914906358561864,3.977219194381329,14.24765372054155,1,1662700013194,0.41654932498931885,0.3786052465438843
293,0.30991255357443515,3.613662845235735,11.660266109122944,1,1662700013216,0.4225161373615265,0.3776230812072754
294,0.2615329516401282,3.484160761332319,13.3220718057989,1,1662700013234,0.42366909980773926,0.3756529688835144
295,0.292249794520058,4.372269644860248,14.96072786651751,1,1662700013252,0.420439213514328,0.3739556670188904
296,0.280759318045723,3.968942444100011,14.13645848596074,1,1662700013272,0.41709890961647034,0.3733822703361511
297,0.29693487323509216,4.3103023709844255,14.515985690814535,1,1662700013291,0.4218371510505676,0.3756836950778961
298,0.2874695423281627,3.7231926602394743,12.951607429733338,1,1662700013310,0.41478174924850464,0.3777550756931305
299,0.28834472212735335,4.482361740963978,15.545149250154305,1,1662700013330,0.41511064767837524,0.3765791654586792
300,0.26434090620266554,4.2946411272906735,16.246600607467265,1,1662700013349,0.4150542914867401,0.3767795264720917
301,0.27521502403048037,3.579614054345728,13.006608439913084,1,1662700013373,0.41692325472831726,0.38104867935180664
302,0.2790399536628634,3.2586242561735803,11.677984508665224,1,1662700013392,0.41333872079849243,0.3830896317958832
303,0.2769048182315613,3.543650310902236,12.797358794742468,1,1662700013411,0.4119471311569214,0.3848195970058441
304,0.29263088999606685,3.2510521847131413,11.109736859143057,1,1662700013432,0.4123294949531555,0.3830752670764923
305,0.28496997156010234,3.4330193768740473,12.046951326413692,1,1662700013455,0.4072464108467102,0.37969231605529785
306,0.2753517505305016,6.252697060449609,22.70803453547312,1,1662700013474,0.3981536626815796,0.3747378885746002
307,0.2456678876008373,4.079713634498732,16.606621542362408,1,1662700013560,0.41519808769226074,0.4283018410205841
308,0.2304017210082554,3.0472239711465328,13.225699694479927,1,1662700013580,0.4617363214492798,0.4235806465148926
309,0.2328521710914644,3.006183554550898,12.910266373982266,1,1662700013597,0.5031304955482483,0.4231463372707367
310,0.24446536054758836,3.087706341605344,12.630445207816187,1,1662700013616,0.5115168690681458,0.4170404076576233
311,0.2331699925098853,2.9753480725187496,12.760424446094234,1,1662700013633,0.5072564482688904,0.4163729250431061
312,0.23240230860489208,3.470649183940657,14.933798225907982,1,1662700013655,0.47472724318504333,0.4301385283470154
313,0.22084753829335535,3.499742968779325,15.8468733490276,1,1662700013672,0.44530120491981506,0.43685927987098694
314,0.21972356209658733,3.057696579183338,13.916106902723607,1,1662700013691,0.4238709509372711,0.441424161195755
315,0.24898881679660118,3.6069225810592034,14.486283470336327,1,1662700013710,0.4043847918510437,0.4457966387271881
316,0.27286284430526614,3.4703252374580953,12.71820370521264,1,1662700013729,0.3941803276538849,0.44710761308670044
317,0.25930105187109675,3.7840991326685227,14.593458473703635,1,1662700013750,0.38467082381248474,0.44280776381492615
318,0.2712376192183727,4.721861760142038,17.408579878222863,1,1662700013767,0.3796682357788086,0.448414146900177
319,0.2607713883784973,4.92643455757778,18.891775620825758,1,1662700013789,0.37976396083831787,0.4507707953453064
320,0.24230686906451843,4.611596569630385,19.03205050452972,1,1662700013812,0.37821727991104126,0.4522757828235626
321,0.27354819024190635,3.613336344218186,13.209140009381203,1,1662700013832,0.3898097276687622,0.45330584049224854
322,0.2515751705136741,2.7625000273899745,10.98081349502582,1,1662700013850,0.40637242794036865,0.4615834653377533
323,0.21288515949716305,2.7246830980056167,12.798840015158156,1,1662700013868,0.43113404512405396,0.46007388830184937
324,0.22968442344715728,2.7838187019809233,12.12018934588913,1,1662700013889,0.49970734119415283,0.46318668127059937
325,0.24144034523695462,2.7260797353114383,11.290903898584167,1,1662700013908,0.5153812766075134,0.4621954560279846
326,0.23245416496996216,2.343518306310896,10.081636122173705,1,1662700013925,0.5235766172409058,0.4654593765735626
327,0.2302535206683871,3.2427919061428514,14.08357143347721,1,1662700013947,0.5062263607978821,0.47094833850860596
328,0.217363111324193,2.957205407551041,13.60490926696584,1,1662700013967,0.4747738838195801,0.4711422920227051
329,0.24482743052944966,2.470013574958169,10.088794256495934,1,1662700013985,0.4199751019477844,0.4770524501800537
330,0.22534855513426802,3.5443862608810983,15.728462331472544,1,1662700014007,0.3995235562324524,0.47290679812431335
331,0.20345024574164378,3.6541763179096716,17.96103172345152,1,1662700014027,0.3911656439304352,0.4775833487510681
332,0.20200961767427508,4.000584313232688,19.80392992814491,1,1662700014048,0.38707271218299866,0.4813539981842041
333,0.25351070795427344,4.2514803936370615,16.77041742317218,1,1662700014069,0.38232824206352234,0.4816287159919739
334,0.19049113833649167,4.06727764311814,21.351532037850113,1,1662700014089,0.3845961391925812,0.478549063205719
335,0.2071937828839386,4.5721957970952225,22.067244168500835,1,1662700014111,0.3861103057861328,0.47514602541923523
336,0.21587016805550308,4.0038273534330395,18.547386095533138,1,1662700014130,0.3873926103115082,0.4705190062522888
337,0.21501345792067866,4.111779019443681,19.123356552688765,1,1662700014147,0.38948869705200195,0.4716796278953552
338,0.22147041399872439,3.552169196034463,16.039023596420073,1,1662700014169,0.3916220963001251,0.4706639051437378
339,0.21755698424577824,4.061511753030458,18.668726113807917,1,1662700014191,0.3904098868370056,0.464474081993103
340,0.2162268140591906,3.1082612248036856,14.375003573575388,1,1662700014209,0.3943677246570587,0.45999181270599365
341,0.21742832791662559,3.2952186003681923,15.155424465351944,1,1662700014228,0.39901798963546753,0.4580095708370209
342,0.21783961111728833,3.107428428821392,14.264753838310437,1,1662700014247,0.40087077021598816,0.45606371760368347
343,0.2086904248308554,3.4979355055127175,16.761360797208646,1,1662700014269,0.40411731600761414,0.4441205561161041
344,0.24236651464814335,3.51553438281843,14.505033370315708,1,1662700014288,0.4068649709224701,0.44197165966033936
345,0.2567717648666977,3.1769685196886406,12.372733120940902,1,1662700014306,0.40982475876808167,0.43801748752593994
346,0.2419459242803103,3.124884489085853,12.915631864356055,1,1662700014323,0.4127998352050781,0.4339390993118286
347,0.2252564778337564,3.3831720175393194,15.019199669969824,1,1662700014341,0.4193862974643707,0.4315952658653259
348,0.24943772093407457,3.2398529162663148,12.988624591877969,1,1662700014361,0.41601890325546265,0.4298108220100403
349,0.254811809653743,2.986770793461409,11.721477107046383,1,1662700014381,0.4152311384677887,0.42842233180999756
350,0.2537955946321411,2.979698894980816,11.74054616393039,1,1662700014404,0.4183923900127411,0.42686325311660767
351,0.27588993258087824,2.986053501636847,10.823350724338132,1,1662700014426,0.4224659502506256,0.4268895089626312
352,0.25386971295110206,2.8287466317744965,11.142513216294306,1,1662700014444,0.4319322109222412,0.4158283472061157
353,0.2412169905900139,2.617729016089434,10.852175088025515,1,1662700014468,0.43322885036468506,0.414911687374115
354,0.24556783326156684,2.8796478773868848,11.726486482941048,1,1662700014487,0.4328938126564026,0.4077340066432953
355,0.24923240297242297,2.8595733962227667,11.473521749654568,1,1662700014506,0.42816275358200073,0.4130935072898865
356,0.23778926016549246,2.747135056944237,11.552813844630045,1,1662700014528,0.4284166693687439,0.41900715231895447
357,0.21503918451526086,3.1540637108793637,14.667390587390955,1,1662700014548,0.4281724691390991,0.41383352875709534
358,0.20108200726086561,3.283194533252772,16.32763954356917,1,1662700014568,0.42839980125427246,0.4039367735385895
359,0.2224928349903983,2.9012222641030023,13.039621092644197,1,1662700014587,0.43491899967193604,0.40867891907691956
360,0.26694262138145414,3.5942901361585666,13.464654379872963,1,1662700014608,0.42798805236816406,0.4011048376560211
361,0.27922903537530225,3.6455862409897857,13.05589956320222,1,1662700015126,0.4460596442222595,0.4485742747783661
362,0.2117143048381909,3.688923216048679,17.424062199614006,1,1662700015159,0.4332210421562195,0.4443105459213257
363,0.19197651622698542,3.918598294864964,20.41186272091618,1,1662700015182,0.42635756731033325,0.4465540051460266
364,0.20455379779472244,4.459022280460289,21.79877532723733,1,1662700015201,0.43451446294784546,0.44600367546081543
365,0.21917662831249202,4.245095396829803,19.36837622475577,1,1662700015221,0.436544805765152,0.4512529969215393
366,0.22086020475026052,3.848848290797445,17.42662647238583,1,1662700015240,0.43304014205932617,0.4491468667984009
367,0.23174160239779235,3.9881245547100885,17.209359534264102,1,1662700015260,0.42615804076194763,0.4457574188709259
368,0.21375018035389537,3.967676977781051,18.56221581292689,1,1662700015277,0.43239572644233704,0.450700968503952
369,0.2020793532321272,4.203489599327698,20.80118296152293,1,1662700015299,0.42230424284935,0.45244595408439636
370,0.20923441127321066,4.017899046915477,19.202859713496412,1,1662700015321,0.42000067234039307,0.45226237177848816
371,0.20432601039284112,3.668765055418528,17.95544800373134,1,1662700015342,0.41324618458747864,0.4542571008205414
372,0.2328074771909963,4.565637217806597,19.611213835975416,1,1662700015365,0.39871400594711304,0.44656801223754883
373,0.24488525163768526,4.840075393878908,19.764666763353873,1,1662700015386,0.383468359708786,0.44976675510406494
374,0.3358533625332246,4.847081280347575,14.432135631418824,1,1662700015630,0.3454795479774475,0.4720672070980072
375,0.2571374545856044,4.497596138649196,17.49101913565022,1,1662700015664,0.351454496383667,0.4717625081539154
376,0.24127536956036127,4.644698448167246,19.25061168336644,1,1662700015686,0.36171475052833557,0.47394758462905884
377,0.2599540032670981,5.044284207957436,19.404525972137172,1,1662700015704,0.3651714026927948,0.4701403081417084
378,0.2725665235980913,5.243630250435984,19.237983378207872,1,1662700015725,0.3680126667022705,0.4670637547969818
379,0.23409840652910738,4.343715485045801,18.555083519997012,1,1662700015744,0.3796841502189636,0.4634473919868469
380,0.25120218078619894,4.560451929956353,18.154507718377676,1,1662700015763,0.3817385733127594,0.46624302864074707
381,0.24381612847952924,4.687601797975854,19.225970928208813,1,1662700015781,0.38477396965026855,0.4687155783176422
382,0.2448146850756043,3.8693191264356606,15.805094066316844,1,1662700015800,0.38857248425483704,0.4701034426689148
383,0.23549853604271698,3.9984267098166306,16.978562911708963,1,1662700015818,0.3885737657546997,0.46167632937431335
384,0.2593735059621247,3.050071437500556,11.75937930200915,1,1662700015835,0.38860049843788147,0.4612598419189453
385,0.24785580985530567,3.308914770620361,13.350160210293451,1,1662700015855,0.3975473642349243,0.46284806728363037
386,0.24828244448489767,2.8892359183452743,11.636891703476918,1,1662700015875,0.40371811389923096,0.4649004638195038
387,0.23504629326439508,3.0099483236206326,12.805768097073756,1,1662700015893,0.4070214331150055,0.46402645111083984
388,0.2413578726351835,3.106540453431775,12.871096432505285,1,1662700015915,0.4137831926345825,0.45058247447013855
389,0.2423771819696328,3.290760106708789,13.5770210709071,1,1662700015936,0.41384097933769226,0.45553743839263916
390,0.22975182909868402,3.202340052506879,13.93825705357669,1,1662700015956,0.4142259657382965,0.45478564500808716
391,0.2131285094974965,3.428099779841252,16.084660789510753,1,1662700015974,0.4134896397590637,0.46154600381851196
392,0.22826156788535962,2.3184707179909596,10.157078738525843,1,1662700015993,0.4099970757961273,0.4679078757762909
393,0.23813631312221428,2.633463614268824,11.058639397500459,1,1662700016013,0.4064227342605591,0.4661523699760437
394,0.22857475890577755,2.767018376533921,12.105529017202349,1,1662700016035,0.402551531791687,0.46638399362564087
395,0.2295607399902349,2.9078360316844734,12.666957040686345,1,1662700016052,0.4010300040245056,0.47111672163009644
396,0.2306074818519347,3.224705068751858,13.983523183442646,1,1662700016076,0.3969893157482147,0.47187715768814087
397,0.25456200330792633,3.280323869180446,12.886148861786184,1,1662700016095,0.39537113904953003,0.4614054262638092
398,0.2527720011659774,3.097020349747398,12.252228630788125,1,1662700016112,0.39187413454055786,0.46071067452430725
399,0.27036467926094393,3.370162685116152,12.465247658564975,1,1662700016131,0.3876967430114746,0.45894306898117065
400,0.2704056139887192,3.3021006965556645,12.211657324146465,1,1662700016150,0.3850853443145752,0.4589499831199646
401,0.2728607760919054,3.645899399316999,13.361757052574612,1,1662700016170,0.38330721855163574,0.45744410157203674
402,0.2594768892231527,3.529238836716904,13.601360981639191,1,1662700016192,0.38579797744750977,0.45947784185409546
403,0.26669143678951807,3.6667451558531132,13.749017216278425,1,1662700016211,0.3913230299949646,0.4521465003490448
404,0.27424160022404687,3.58132598974393,13.05901798566701,1,1662700016229,0.3926379382610321,0.4458172023296356
405,0.2634847861461368,3.4292164064090422,13.014855455476253,1,1662700016245,0.3965090215206146,0.44145914912223816
406,0.2804161968262431,3.3158486050327793,11.824739949266945,1,1662700016264,0.3904899060726166,0.4378732740879059
407,0.27983496291548116,4.272088771477415,15.266458225835486,1,1662700016283,0.39058637619018555,0.43854886293411255
408,0.2976774412364621,4.079491312630757,13.704401971764414,1,1662700016305,0.3890385031700134,0.4406152665615082
409,0.28128634893730825,3.8729089401668917,13.768563440062522,1,1662700016324,0.39420291781425476,0.4382844865322113
410,0.29333676126708363,3.2093193940043663,10.94073371554776,1,1662700016341,0.3913808763027191,0.43973198533058167
411,0.27724164580184213,3.158323382716129,11.391951499860644,1,1662700016363,0.3913044035434723,0.43706777691841125
412,0.28158405283663607,3.4174715026008435,12.136594626626549,1,1662700016383,0.3921244144439697,0.43785083293914795
413,0.28459826180956155,3.3384995435772638,11.730568986437504,1,1662700016401,0.3934270143508911,0.4386753439903259
414,0.2762398455907814,3.5892925644608,12.993391872141203,1,1662700016420,0.39314591884613037,0.4323441982269287
415,0.28886161201275207,3.2851080540515354,11.372601679957775,1,1662700016439,0.39474818110466003,0.43801596760749817
416,0.29084270902594234,3.415076871903237,11.74200612881316,1,1662700016458,0.39574936032295227,0.43874964118003845
417,0.271208642947991,3.664822613668856,13.512927072798524,1,1662700016474,0.39377155900001526,0.4397662580013275
418,0.28100007194941,3.473388125147117,12.360808668306854,1,1662700016493,0.39841991662979126,0.43920236825942993
419,0.2818944500152616,3.13484851933826,11.12064646596817,1,1662700016517,0.3968248963356018,0.4399111270904541
420,0.23721222943448916,3.1697675054164534,13.362580474763622,1,1662700016537,0.403529554605484,0.4411465525627136
421,0.2674468231155597,3.070649498447357,11.481345946369968,1,1662700016555,0.40036696195602417,0.44184648990631104
422,0.27641097365497797,3.6403195193940197,13.169952955405973,1,1662700016576,0.3871029019355774,0.43954604864120483
423,0.28378242816056753,3.5119010062055875,12.37532932877194,1,1662700016597,0.387351393699646,0.4367700517177582
424,0.2807288446613496,3.4037772138980125,12.124786172237043,1,1662700016618,0.3831634521484375,0.4341979920864105
425,0.29058301712863877,3.6411403603005934,12.530465118987632,1,1662700016636,0.3865233063697815,0.4334380030632019
426,0.2937470283015914,3.7467452427956593,12.75500645728698,1,1662700016657,0.3939841687679291,0.4324679374694824
427,0.27925028388200984,3.45470765264308,12.371366662970983,1,1662700016681,0.40289539098739624,0.4351869225502014
428,0.2482403725765781,3.3017810277992883,13.300741509243194,1,1662700016705,0.41731691360473633,0.42708292603492737
429,0.253968888035512,3.4473745846841695,13.574003537796054,1,1662700016724,0.41963812708854675,0.4263596534729004
430,0.25055939270749905,3.24038815332094,12.932614971268478,1,1662700016743,0.4246416687965393,0.4235469102859497
431,0.23887601001902836,3.306573206618742,13.842215492277132,1,1662700016761,0.4211890697479248,0.42022526264190674
432,0.24905361185814304,3.406034108634335,13.675907300530769,1,1662700016779,0.4163210690021515,0.422610342502594
433,0.2332132541715267,3.3484078884643393,14.357708357354378,1,1662700016800,0.4181569516658783,0.4184210002422333
434,0.22596064479121697,3.368600932452281,14.907909895392622,1,1662700016818,0.4135661721229553,0.41826340556144714
435,0.2539722332220935,3.4039077293161815,13.402676686862591,1,1662700016843,0.40769246220588684,0.42856937646865845
436,0.26205554727142616,3.696749224567115,14.10673905993746,1,1662700016861,0.4058487117290497,0.4301713705062866
437,0.2521195464411321,3.4365359677376284,13.63058127085768,1,1662700016880,0.4030075669288635,0.43105360865592957
438,0.2696133391439423,3.521303068365302,13.060566956909108,1,1662700016903,0.40265822410583496,0.4381316900253296
439,0.275052113446574,3.571519133880597,12.984881625257271,1,1662700016920,0.40314966440200806,0.43903878331184387
440,0.26334309935624695,4.104133777351821,15.584740163628913,1,1662700016938,0.40274733304977417,0.445291131734848
441,0.26602447247238836,3.952569422774982,14.857916589554495,1,1662700016957,0.40406760573387146,0.4453243613243103
442,0.2483629494820671,3.7560920337811305,15.12339920915755,1,1662700016980,0.40372100472450256,0.4492313861846924
443,0.257860233888889,4.332806620333613,16.80292674441846,1,1662700016999,0.404058575630188,0.4488166272640228
444,0.24774139651514576,3.9938649484085547,16.121104525074347,1,1662700017022,0.40411457419395447,0.4513151943683624
445,0.23173224290318095,4.233638923704514,18.269528964397725,1,1662700017041,0.3894230127334595,0.46001362800598145
446,0.27253797960304615,3.9255549759981,14.403698822878571,1,1662700017063,0.38551566004753113,0.47575998306274414
447,0.2773373324280347,4.250658400089202,15.326672261810229,1,1662700017083,0.38137710094451904,0.4854510426521301
448,0.27717921128425865,4.447679765871684,16.046224192875727,1,1662700017104,0.37177377939224243,0.48840850591659546
449,0.2783158978154288,4.914604931527717,17.65836939285065,1,1662700017123,0.37440812587738037,0.49358853697776794
450,0.25489303667948915,5.915953514247265,23.209553275031908,1,1662700017143,0.37188780307769775,0.49088814854621887
451,0.26963755039595183,5.397139324484081,20.01627487179957,1,1662700017165,0.37500351667404175,0.4957730174064636
452,0.2631324627178149,3.9687261988146365,15.082617164841142,1,1662700017186,0.36845216155052185,0.5052448511123657
453,0.2878941171173653,3.900436516624885,13.548163316705777,1,1662700017205,0.3693263530731201,0.5091255903244019
454,0.2850307566046953,3.9622011943350053,13.900960168414809,1,1662700017225,0.3704151511192322,0.5073202252388
455,0.2608061604186511,5.767623067281645,22.114596748877954,1,1662700017247,0.3603142201900482,0.49601107835769653
456,0.32867445058058353,6.873380791821507,20.912428026212854,1,1662700017267,0.3476219177246094,0.49078550934791565
457,0.320437973746162,6.085177973280037,18.99018990208841,1,1662700017287,0.3476959764957428,0.48794931173324585
458,0.3056121610635669,4.633853530731342,15.162529902622254,1,1662700017306,0.34485143423080444,0.4854200482368469
459,0.3314922307169499,5.108775680766111,15.41144922074606,1,1662700017328,0.33455270528793335,0.48855435848236084
460,0.42619966611073823,5.1205173235639405,12.014362588058647,1,1662700017347,0.3220781087875366,0.4932793378829956
461,0.6623524278582931,3.5725070306775257,5.393664883556289,1,1662700017607,0.2884635627269745,0.47580718994140625
462,0.6418576106357747,4.3245584872891305,6.737566736967652,1,1662700017641,0.28399229049682617,0.4668910503387451
463,0.5366826989648233,3.4502351620106406,6.428817565137841,1,1662700017665,0.29253867268562317,0.46624311804771423
464,0.5852341155187617,3.173545039522395,5.422693167347753,1,1662700017684,0.29733753204345703,0.47676774859428406
465,0.24415898272567518,2.912273570426416,11.927775656316937,1,1662700017859,0.3675423562526703,0.5315243601799011
466,0.22052570261026222,2.784411648497993,12.626245446858038,1,1662700017887,0.38343268632888794,0.525758683681488
467,0.21547890525114527,2.9945544214416753,13.897204545157022,1,1662700017910,0.3897159993648529,0.5218682289123535
468,0.22689848889163122,3.0123180447514204,13.276060406863841,1,1662700017927,0.38939210772514343,0.524016797542572
469,0.22900828624652675,2.339694242054296,10.21663574013921,1,1662700017949,0.3970978856086731,0.5297489166259766
470,0.2148306199578934,2.739001829638869,12.749587699256795,1,1662700017968,0.4006277024745941,0.5248621106147766
471,0.2184894028724842,2.895466193001768,13.252204248512838,1,1662700017987,0.40245363116264343,0.5249879360198975
472,0.22334795585454614,2.278902171264509,10.20337151752859,1,1662700018005,0.39921027421951294,0.5290394425392151
473,0.2327445696915382,2.530720808862199,10.87338283430725,1,1662700018023,0.39687860012054443,0.5332234501838684
474,0.22795887113537416,2.5537531440771266,11.202692535534498,1,1662700018044,0.39140844345092773,0.5351354479789734
475,0.21931444046420173,2.9825211673673797,13.599292235634666,1,1662700018062,0.37801051139831543,0.531554102897644
476,0.3292135623497519,3.971612513478588,12.063939544687415,1,1662700018213,0.3586823344230652,0.5309662818908691
477,0.2952969211582556,2.8230285166125513,9.559965967608694,1,1662700018254,0.363994300365448,0.524415910243988
478,0.2680249126617071,2.759115050558539,10.294248482942368,1,1662700018273,0.37417665123939514,0.5272641777992249
479,0.21494338642431401,3.371203330446558,15.68414542325836,1,1662700018294,0.3822580873966217,0.5298574566841125
480,0.19198341172979355,2.692151453346568,14.022833686983477,1,1662700018313,0.38354113698005676,0.5290481448173523
481,0.2295628171663695,3.329836841383276,14.505122748036612,1,1662700018332,0.39685049653053284,0.5218813419342041
482,0.21557597323843472,3.3053578648052078,15.332682094165309,1,1662700018350,0.3968923091888428,0.5127418637275696
483,0.22308850390999363,3.318612840885204,14.875768059407122,1,1662700018368,0.403720885515213,0.5042674541473389
484,0.23190880424771704,3.703185266398527,15.96828235310511,1,1662700018392,0.40611913800239563,0.49740681052207947
485,0.24534989943053903,3.612246651095918,14.72283730085074,1,1662700018412,0.40283486247062683,0.4882286787033081
486,0.24242831941377418,3.4190876966133503,14.103499561772262,1,1662700018430,0.40190044045448303,0.4935290217399597
487,0.24535422103775567,3.239353246190299,13.202761429940185,1,1662700018450,0.40485724806785583,0.49833783507347107
488,0.22882309201016707,3.4495566833757167,15.07521226582519,1,1662700018471,0.40762412548065186,0.498370498418808
489,0.23421126146829838,2.895588447332233,12.363147822950285,1,1662700018493,0.4126751720905304,0.49762991070747375
490,0.2238997804054766,3.694454294429108,16.50048199126658,1,1662700018512,0.4131561517715454,0.48986145853996277
491,0.2214759848725091,3.5981279755166846,16.24613150535449,1,1662700018533,0.4152885973453522,0.4942537248134613
492,0.23024900673877802,2.817086120995263,12.234954499461976,1,1662700018552,0.41813597083091736,0.5020610690116882
493,0.22495168120417008,3.133960485305522,13.931705104533469,1,1662700018570,0.4164583086967468,0.5057492852210999
494,0.1970128390101511,3.3249578492705263,16.876858716295175,1,1662700018591,0.4166048765182495,0.502305805683136
495,0.19593056964340305,3.5250016381705978,17.99107533135927,1,1662700018609,0.41232386231422424,0.4976382553577423
496,0.21587663102826898,3.218619139458489,14.909530152140515,1,1662700018628,0.41380804777145386,0.49778270721435547
497,0.22081716492676137,3.3059525406611545,14.971447268411596,1,1662700018648,0.40275752544403076,0.5020086169242859
498,0.23628172966209032,3.6722596042660363,15.541868639262901,1,1662700018666,0.3983788788318634,0.5026208758354187
499,0.253716641012521,4.105099490752335,16.17985905209011,1,1662700018683,0.3932264447212219,0.49403294920921326
500,0.2543481973640814,3.94970919653115,15.528748532380678,1,1662700018706,0.38671502470970154,0.48681098222732544
501,0.30013960479050694,4.6600754487088505,15.52635964840933,1,1662700018725,0.383659303188324,0.4819521903991699
502,0.27873955712604415,4.560821576667933,16.362304739565758,1,1662700018743,0.37094128131866455,0.4832923412322998
503,0.29288797990974963,4.58298458849891,15.647568022119271,1,1662700018765,0.37006324529647827,0.4817895293235779
504,0.2983487394463951,4.0597872620705235,13.607522758781267,1,1662700018783,0.36713382601737976,0.47820553183555603
505,0.3125548805702625,4.527535856646497,14.485570816830375,1,1662700018803,0.36334291100502014,0.4772461950778961
506,0.3279812822637417,3.5186425240674826,10.728180888194753,1,1662700018822,0.36321473121643066,0.4744422435760498
507,0.33737430546372216,3.8992329025829218,11.557587046302809,1,1662700018841,0.3532458543777466,0.4706699550151825
508,0.34884584472255986,3.3179689177495844,9.51127544714885,1,1662700018860,0.3525819778442383,0.46652597188949585
509,0.32364943965060244,4.0490865664042985,12.510717060951851,1,1662700018882,0.3503355383872986,0.4637495279312134
510,0.3034307612026784,4.126920629005502,13.60086437066577,1,1662700018901,0.349426805973053,0.4640694558620453
511,0.3066722393034903,4.425373822112006,14.430304588908513,1,1662700018922,0.33976393938064575,0.4682682454586029
512,0.30943863388112935,4.307104386714325,13.919090621272897,1,1662700018942,0.33695879578590393,0.4701639413833618
513,0.327621618119795,5.27180411572902,16.09113631140599,1,1662700018963,0.33503326773643494,0.4669542908668518
514,0.31831621165029883,4.118885428936718,12.939603068227365,1,1662700018984,0.33432137966156006,0.4613105356693268
515,0.3005987158468047,4.629835902032536,15.402048172394911,1,1662700019003,0.336385577917099,0.45658373832702637
516,0.3318423735967717,4.692450794354758,14.140601585910328,1,1662700019024,0.3325672447681427,0.4554537236690521
517,0.3344941452559299,5.955000312838702,17.803003123664183,1,1662700019048,0.3330041766166687,0.45389920473098755
518,0.30368634112884607,5.66993714129477,18.670372596340002,1,1662700019069,0.33247098326683044,0.45240703225135803
519,0.31354414456773905,5.683039763318674,18.125166302032127,1,1662700019092,0.3315424621105194,0.4464203715324402
520,0.28614490477288446,4.970699187012309,17.37126576116249,1,1662700019110,0.333962082862854,0.4437068700790405
521,0.2481911520777152,5.10849438410818,20.58290290102113,1,1662700019130,0.33975404500961304,0.4397251307964325
522,0.25448413869540276,5.260361891808887,20.67068666352177,1,1662700019149,0.34174084663391113,0.4416106045246124
523,0.25426585384270806,4.966377870831405,19.532225014781837,1,1662700019170,0.34217575192451477,0.4397444725036621
524,0.24838379934166313,5.153169545923971,20.74680216496549,1,1662700019192,0.33736345171928406,0.4474719762802124
525,0.2882853487960005,4.934366472637318,17.116258225557715,1,1662700019212,0.3352680504322052,0.45723509788513184
526,0.28468203242507617,5.242474161090316,18.415191561027136,1,1662700019232,0.3369690179824829,0.45282676815986633
527,0.29509832627095445,5.338783641197278,18.091541584330418,1,1662700019255,0.3410695195198059,0.44668930768966675
528,0.2600760539874106,5.401969004906442,20.770728108509108,1,1662700019275,0.34637993574142456,0.4440349340438843
529,0.24843128727197997,4.721349389083058,19.00464889478343,1,1662700019294,0.3533540964126587,0.4441151022911072
530,0.27442600817961765,4.9512331014671,18.042142340336827,1,1662700019315,0.36607223749160767,0.4405718147754669
531,0.27951644401980497,5.198254074927121,18.597310412831387,1,1662700019336,0.37600213289260864,0.4409354627132416
532,0.2814433589779541,5.237800168206547,18.610494798055736,1,1662700019355,0.3790319263935089,0.43994033336639404
533,0.3002858750548528,4.058195136390185,13.514438984680448,1,1662700019373,0.3780349791049957,0.4446635842323303
534,0.28789180616241106,4.347107776508298,15.099796810666865,1,1662700019394,0.37925729155540466,0.44909989833831787
535,0.2944131560286933,4.6175146608283955,15.683791862814637,1,1662700019413,0.3775966167449951,0.449984073638916
536,0.27997686856243326,4.542832663842522,16.22574281642662,1,1662700019430,0.3732644319534302,0.4510389566421509
537,0.28511089789757627,3.8507301734289308,13.506078518304388,1,1662700019451,0.356389582157135,0.45864883065223694
538,0.270037758864651,5.064871083616489,18.756158786501842,1,1662700019471,0.35354214906692505,0.45367497205734253
539,0.26235823927173685,5.594730429930221,21.324775030737626,1,1662700019491,0.34320127964019775,0.44934484362602234
540,0.2601322325768838,5.015873065037117,19.28201290301325,1,1662700019510,0.33527690172195435,0.44591808319091797
541,0.28558125991216887,5.877399020096656,20.580478641715718,1,1662700019530,0.32868796586990356,0.44268009066581726
542,0.30570716146372945,3.9944215957961817,13.066169522070876,1,1662700019548,0.31627553701400757,0.4480801224708557
543,0.30510284152915995,4.01489327168581,13.159147425711831,1,1662700019569,0.3128795325756073,0.4501269459724426
544,0.2896629202995415,3.836962363571423,13.246301458272967,1,1662700019587,0.3103815019130707,0.4527810513973236
545,0.2907436224116993,3.9582192087743486,13.614122215102018,1,1662700019607,0.3167310953140259,0.45625177025794983
546,0.3361846585903166,4.457681069158625,13.259620732993861,1,1662700019627,0.31803804636001587,0.46034666895866394
547,0.2655667285479917,4.127925495967333,15.543835323562975,1,1662700019646,0.31556767225265503,0.4541737139225006
548,0.2773882786209097,4.513099834746162,16.269973111999988,1,1662700019669,0.318363219499588,0.4564932584762573
549,0.2604994687691292,4.851653609244731,18.62442803499368,1,1662700019693,0.3110261559486389,0.44887059926986694
550,0.27983041262590136,3.703455880411553,13.23464396045692,1,1662700019719,0.31723228096961975,0.4422093629837036
551,0.32122973045287656,3.295638854673151,10.259445319793063,1,1662700019736,0.32777953147888184,0.42839622497558594
552,0.3060489868183745,4.08184226042213,13.337218668345107,1,1662700019754,0.3390536308288574,0.43250328302383423
553,0.33993749170680626,3.84779664951824,11.319129967685171,1,1662700019774,0.3350907564163208,0.42539435625076294
554,0.30172872395623024,3.601449139218181,11.936050012065206,1,1662700019797,0.33583366870880127,0.431485116481781
555,0.31301863830939286,3.0070683000236373,9.606674913240791,1,1662700019815,0.3310256600379944,0.4388246238231659
556,0.2969271489566515,3.7508798484730352,12.63232365801831,1,1662700019834,0.338346928358078,0.4445837736129761
557,0.2845429528526083,3.675562960551967,12.917427487497429,1,1662700019852,0.3378559947013855,0.4507299065589905
558,0.2465888574725329,3.5582317606300697,14.429815674158817,1,1662700019871,0.33788353204727173,0.44767192006111145
559,0.27504969983082267,3.94910483157239,14.357786370977324,1,1662700019888,0.34281352162361145,0.4491766095161438
560,0.24158059864856832,4.41314643596778,18.26780155631481,1,1662700019906,0.3422989547252655,0.45082953572273254
561,0.2689944836085099,4.103237538991352,15.253983962597298,1,1662700019924,0.3399452865123749,0.4483005404472351
562,0.27994109961658015,4.168436818611653,14.890406675979092,1,1662700019943,0.34121769666671753,0.44333115220069885
563,0.23430686273514778,4.755511202003357,20.296081585023053,1,1662700019964,0.34455621242523193,0.445233553647995
564,0.2418667205098335,4.1544604441972925,17.17665181650481,1,1662700019982,0.3442896902561188,0.4474487006664276
565,0.2660973602694985,4.156506734181257,15.620247904645218,1,1662700020003,0.3472505211830139,0.4445647895336151
566,0.2170996271293733,4.505270112400964,20.75208590623787,1,1662700020022,0.34907621145248413,0.44532668590545654
567,0.22592516727910997,4.687183248839946,20.746618472342917,1,1662700020043,0.3466181457042694,0.44376450777053833
568,0.2681727616611741,4.320191037017556,16.109730944546673,1,1662700020060,0.3451736569404602,0.4499323070049286
569,0.23797844857075498,4.748789678974126,19.954704753704753,1,1662700020080,0.3462041914463043,0.44860532879829407
570,0.24462629688567106,4.838983778025518,19.781126721167972,1,1662700020101,0.33452698588371277,0.44863107800483704
571,0.24367192497808346,6.384766978502992,26.202308612603836,1,1662700020119,0.33836910128593445,0.4489775598049164
572,0.23781739329333262,5.510956453548854,23.173058863492965,1,1662700020137,0.3402721583843231,0.45088234543800354
573,0.20741421937071258,6.427212462587816,30.98732807272207,1,1662700020161,0.3373470902442932,0.44066953659057617
574,0.24566432403143218,5.952475302432543,24.23011695288298,1,1662700020181,0.3391074538230896,0.4436992406845093
575,0.258298463748156,6.259736844096473,24.234510547456406,1,1662700020201,0.3394037187099457,0.44412270188331604
576,0.26102127089881205,4.764420416700491,18.252996777980883,1,1662700020223,0.3365722596645355,0.4449441730976105
577,0.24946929935655832,6.164203198939837,24.709265688558904,1,1662700020241,0.33985400199890137,0.44227874279022217
578,0.2490313569528585,4.936939140703199,19.824568283735285,1,1662700020260,0.3387134075164795,0.4413682818412781
579,0.25538562583313285,5.521731193478024,21.621151055251183,1,1662700020279,0.3399442732334137,0.44372689723968506
580,0.23522602304151752,5.382233762970052,22.881115334845774,1,1662700020299,0.34538334608078003,0.445343017578125
581,0.2671504686877133,4.881621521071607,18.27292890426481,1,1662700020321,0.3447261154651642,0.45476198196411133
582,0.26361550965065883,4.530119045706977,17.184569495589447,1,1662700020339,0.3486604690551758,0.4574873149394989
583,0.2537368653548,4.947012849343081,19.49662632753691,1,1662700020359,0.34674665331840515,0.4590819478034973
584,0.26299914981063327,4.009271969127751,15.24442939079666,1,1662700020378,0.35308003425598145,0.4511212110519409
585,0.2514445733845939,4.509178809078571,17.933092563431913,1,1662700020397,0.3583432137966156,0.44329434633255005
586,0.28914983275451145,4.6558593577698595,16.101891927161134,1,1662700020417,0.35738256573677063,0.44792431592941284
587,0.27126856055696347,3.851830559281741,14.199325389470994,1,1662700020433,0.3643284738063812,0.4547978341579437
588,0.27956405687453517,3.7469172882495054,13.40271467705548,1,1662700020456,0.3707801401615143,0.45584797859191895
589,0.29034398125116245,3.254550937719371,11.209293623703594,1,1662700020476,0.3739570677280426,0.4580075740814209
590,0.2536557155383492,3.2225881113493298,12.704575193623498,1,1662700020498,0.3774956464767456,0.4564491808414459
591,0.2615432056963177,3.030680376102195,11.587685361711019,1,1662700020523,0.37515541911125183,0.45228636264801025
592,0.2727623189095527,3.1574059307212528,11.575667575139807,1,1662700020547,0.3765178620815277,0.45574429631233215
593,0.2723146655437042,3.2492318568717558,11.93190183269906,1,1662700020566,0.37129926681518555,0.4583759903907776
594,0.2792011755988956,3.3272532376792223,11.917045945605908,1,1662700020590,0.36955273151397705,0.4580978751182556
595,0.25323752279484757,3.681394325135379,14.53731771068439,1,1662700020610,0.3688884973526001,0.4467759430408478
596,0.23666879195940427,3.848415481026133,16.260764459752895,1,1662700020632,0.3649976849555969,0.45035985112190247
597,0.25154816496885923,3.606283787974917,14.336354981644817,1,1662700020689,0.36087507009506226,0.4613972008228302
598,0.28315710743793066,3.5753440001922647,12.626714662198605,1,1662700020707,0.3614852726459503,0.46584948897361755
599,0.2544546251288459,3.9543186575444222,15.540368564894857,1,1662700020726,0.36317723989486694,0.4643516540527344
600,0.25209817566611387,4.122937718699939,16.35449248216884,1,1662700020747,0.36485669016838074,0.45743614435195923
601,0.26453816205693653,4.142614903630063,15.659800731277661,1,1662700020769,0.3640846312046051,0.4550875723361969
602,0.26859614306571744,3.963929370322954,14.757953428069513,1,1662700020790,0.36881184577941895,0.4587673842906952
603,0.28423324493820257,4.00783055815022,14.100498901954957,1,1662700020811,0.3635440766811371,0.4647734761238098
604,0.2974298331713323,3.575447739760991,12.021146976542129,1,1662700020832,0.3589800000190735,0.46720850467681885
605,0.28386120842699325,3.700768129789505,13.037245033575315,1,1662700020854,0.3538036644458771,0.4696730673313141
606,0.288879282757018,3.9477479188362476,13.665735670483421,1,1662700020873,0.35389119386672974,0.4713810384273529
607,0.31281083755107447,3.8067124008989155,12.16937504691592,1,1662700020891,0.34651312232017517,0.46573981642723083
608,0.30284667177118835,4.606858934648523,15.211852610779795,1,1662700020909,0.3450654149055481,0.46326059103012085
609,0.31077956329337864,4.374345440626095,14.075396059735994,1,1662700020928,0.3379019796848297,0.45673948526382446
610,0.3348311152618337,5.442710789546281,16.2550926167365,1,1662700020949,0.329385906457901,0.44480523467063904
611,0.3470458029453552,5.578959650249615,16.075571589978463,1,1662700020968,0.3286236524581909,0.4428290128707886
612,0.3073175941456726,5.399400181508253,17.56944699674066,1,1662700020988,0.3265853822231293,0.4448554217815399
613,0.29812870965521804,6.373197883036111,21.377336957606772,1,1662700021007,0.3189684748649597,0.4488489627838135
614,0.3006682228072667,6.714721639832079,22.332661486931816,1,1662700021026,0.31788167357444763,0.4553190767765045
615,0.27995169531907915,5.567789636702291,19.888394068685024,1,1662700021043,0.3234925866127014,0.457116037607193
616,0.2895958315078164,5.042445224836872,17.4120090008988,1,1662700021061,0.3321766257286072,0.4616728127002716
617,0.3400322708103629,4.14908095039158,12.202021121417431,1,1662700021083,0.33213376998901367,0.46462929248809814
618,0.32180275361379523,4.463739732697562,13.871042688635985,1,1662700021102,0.3387821912765503,0.46771129965782166
619,0.2586667450285208,4.226959110933556,16.341331818543154,1,1662700021120,0.3413276672363281,0.46978020668029785
620,0.3079580479425713,5.163282536476036,16.766188027789084,1,1662700021139,0.3404823839664459,0.4669276475906372
621,0.2938772106784226,4.504973071213917,15.329440009363362,1,1662700021159,0.34635570645332336,0.4624488949775696
622,0.29356879314695056,4.551979222961995,15.505664529824289,1,1662700021177,0.3439151346683502,0.4629257023334503
623,0.31891620533466764,4.271941968289935,13.395186249024254,1,1662700021197,0.3407770097255707,0.46924275159835815
624,0.3043319242888168,4.231188292948821,13.90320224484022,1,1662700021214,0.337925523519516,0.4737739562988281
625,0.3583765701175145,4.457579671276363,12.43825641228356,1,1662700021231,0.3408619165420532,0.4814692735671997
626,0.3513314171840155,4.947175053308358,14.081220213554642,1,1662700021251,0.34002038836479187,0.4807947278022766
627,0.34922768106908314,5.432003075729317,15.554331372302572,1,1662700021269,0.3391540050506592,0.47691309452056885
628,0.3356843846219956,4.745027557125847,14.135383635640615,1,1662700021287,0.34756988286972046,0.47716930508613586
629,0.28655843707172146,4.798687619708281,16.745930319641012,1,1662700021306,0.34737077355384827,0.47539860010147095
630,0.2910691261823233,3.8497808125243718,13.226345449338043,1,1662700021324,0.3537673354148865,0.4749830365180969
631,0.29827213945229036,3.9338687312183516,13.18885745897024,1,1662700021343,0.36078912019729614,0.47074416279792786
632,0.31970083289828977,4.493941490035583,14.05670873389715,1,1662700021363,0.36876797676086426,0.47556886076927185
633,0.3023008151636781,3.480759157549008,11.514223524883258,1,1662700021383,0.367024689912796,0.4770523011684418
634,0.32774625697617377,3.418239715782138,10.42953090393534,1,1662700021406,0.3655053973197937,0.47582343220710754
635,0.3164636975879435,3.7717455562407323,11.918414608021777,1,1662700021429,0.3648450970649719,0.4718816578388214
636,0.3087313462911424,3.811544655265537,12.345829800097922,1,1662700021447,0.3533453643321991,0.4660647511482239
637,0.32720610480735063,3.7067664536600584,11.328536965538873,1,1662700021465,0.34410566091537476,0.4647520184516907
638,0.3237020041314197,3.997129263738887,12.348175830620107,1,1662700021483,0.34044086933135986,0.4659501016139984
639,0.31156625238755997,4.382049410696329,14.064582980718527,1,1662700021501,0.3319985866546631,0.45992299914360046
640,0.3497114574537259,4.496000088025899,12.856313375494176,1,1662700021519,0.33059486746788025,0.4647141098976135
641,0.3235853484115245,3.8773672284012166,11.98251789654616,1,1662700021540,0.32746410369873047,0.46491968631744385
642,0.3417329153053894,4.659304220065137,13.634344282877619,1,1662700021561,0.3361622095108032,0.46270695328712463
643,0.3177122601581813,4.346095561046155,13.679344822520662,1,1662700021579,0.34271979331970215,0.4548966586589813
644,0.3044103063704698,4.682780060322019,15.383119304190174,1,1662700021597,0.3453547954559326,0.45326730608940125
645,0.2961922498655988,4.842738245342632,16.349982984160086,1,1662700021617,0.352038711309433,0.44567376375198364
646,0.2959107967858671,4.7397722595581495,16.01757121078633,1,1662700021638,0.35251033306121826,0.4465367794036865
647,0.2906453938678487,4.840018962625341,16.652660130667723,1,1662700021655,0.3550281226634979,0.4464632570743561
648,0.29596115592364225,4.757858198728062,16.07595491333865,1,1662700021675,0.3545657694339752,0.44603073596954346
649,0.28794233476408404,4.646738933949526,16.137741391020796,1,1662700021694,0.3527909219264984,0.44503143429756165
650,0.3032377084368567,4.394982068968257,14.493520913423685,1,1662700021714,0.3534162938594818,0.4445144832134247
651,0.3066134615368181,4.560129774267842,14.87256871049108,1,1662700021733,0.3517990708351135,0.44898298382759094
652,0.29863755620259813,5.1312107807593685,17.182067942179092,1,1662700021754,0.3509902060031891,0.4470020532608032
653,0.29009031931929447,5.837781184506764,20.124012404844432,1,1662700021775,0.3463461101055145,0.4479474127292633
654,0.274341969945838,6.318778056127631,23.032487728272557,1,1662700021799,0.34804242849349976,0.4490685760974884
655,0.27254044593507154,5.071270238058602,18.60740419888633,1,1662700021816,0.34815093874931335,0.4514658749103546
656,0.2702484511622584,4.515439659304561,16.708475626354176,1,1662700021834,0.3582117259502411,0.4501025080680847
657,0.2804431714675004,4.474755166106217,15.956013985616977,1,1662700021853,0.36247915029525757,0.44603148102760315
658,0.2591815719900283,3.9758152221382494,15.339883895338108,1,1662700021873,0.3670887053012848,0.4456944167613983
659,0.2753568635920597,3.6197275526217467,13.145586804708676,1,1662700021891,0.3682754635810852,0.44396650791168213
660,0.2762555818519434,3.891300873076472,14.085872390306955,1,1662700021909,0.3715866208076477,0.4384700357913971
661,0.2910753844899286,3.629812878163377,12.470353288458753,1,1662700021928,0.37159019708633423,0.4329644441604614
662,0.2604995057096979,3.770592547064837,14.47447102362953,1,1662700021949,0.3713257312774658,0.42942968010902405
663,0.2715349097811899,4.24326656349224,15.626965118082158,1,1662700021968,0.36619436740875244,0.4324830174446106
664,0.2902470293368569,4.446919277653744,15.321153459568082,1,1662700021987,0.3647955656051636,0.435234397649765
665,0.29425183258917165,4.074092621463554,13.845598124623129,1,1662700022006,0.35973724722862244,0.44307106733322144
666,0.2900284780398327,4.048125425847485,13.957682546234347,1,1662700022026,0.35641562938690186,0.4534163475036621
667,0.29947158338328406,5.322575267793219,17.7732231140643,1,1662700022043,0.3512330651283264,0.4509890675544739
668,0.27000295924724027,5.050902312449185,18.706840571417963,1,1662700022065,0.3553491532802582,0.4382947087287903
669,0.2775944645473683,4.628142216873396,16.6723145017312,1,1662700022083,0.35885196924209595,0.4370541572570801
670,0.27127938421764813,4.124288503013562,15.203103305869476,1,1662700022102,0.35888558626174927,0.4349948763847351
671,0.29906187370112153,4.324343908319596,14.45969643272311,1,1662700022121,0.3561210036277771,0.4393578767776489
672,0.27875851518186834,4.5534583826051005,16.334777718393003,1,1662700022139,0.35636380314826965,0.43736186623573303
673,0.2780420345776637,4.919970879656481,17.695061421665066,1,1662700022160,0.358638197183609,0.4414338171482086
674,0.2749658963016478,4.2999689169509265,15.638189952959479,1,1662700022185,0.3647209405899048,0.4416268467903137
675,0.32506159246886757,4.45967599438857,13.719479931532334,1,1662700022204,0.3683454096317291,0.44016921520233154
676,0.3103893647163591,4.210888140503946,13.566470437387416,1,1662700022221,0.37542295455932617,0.43482768535614014
677,0.29947363957757334,3.7593059613100985,12.553044623936982,1,1662700022240,0.37259557843208313,0.43619707226753235
678,0.2797898821470874,4.262441482609671,15.23443753541051,1,1662700022261,0.36915573477745056,0.43853652477264404
679,0.31065622578544533,4.056168493441714,13.056775164207092,1,1662700022279,0.36947008967399597,0.44002944231033325
680,0.2843734167392989,3.969403181319973,13.958418571026096,1,1662700022297,0.37173932790756226,0.43947699666023254
681,0.2956740725288155,4.431007063221214,14.98611976804081,1,1662700022317,0.3685658872127533,0.4310111701488495
682,0.303607949443351,4.393362539448397,14.470512209918722,1,1662700022338,0.3722754120826721,0.42649897933006287
683,0.2666750310262859,4.585828298347928,17.19631673313992,1,1662700022360,0.37123140692710876,0.4246270954608917
684,0.30537933234250836,4.719741568707517,15.455340518637106,1,1662700022380,0.36824363470077515,0.4311019778251648
685,0.27789129740165225,4.474392586165181,16.101233208818645,1,1662700022401,0.3707224726676941,0.4313274621963501
686,0.2703686738453373,4.471641618114802,16.53905223011441,1,1662700022423,0.36896371841430664,0.4346844255924225
687,0.28019579051889265,4.091921673923855,14.603794248107915,1,1662700022446,0.3668723702430725,0.4408645033836365
688,0.2888673788472476,4.135291277063176,14.31553570903521,1,1662700022467,0.367706835269928,0.4418191611766815
689,0.2731626359655446,3.7099226924947084,13.581369499460608,1,1662700022487,0.37102317810058594,0.4445272386074066
690,0.310139859397463,3.724531965705992,12.009201180854275,1,1662700022506,0.3942101299762726,0.4352610111236572
691,0.30641345986594026,3.5308278363932804,11.523083346071227,1,1662700022529,0.3951469361782074,0.43617087602615356
692,0.28899491221824025,3.502896772226981,12.120963463819386,1,1662700022548,0.4045647382736206,0.43523043394088745
693,0.28379022788416053,3.3589142050691736,11.83590509832579,1,1662700022567,0.4211233854293823,0.4345890283584595
694,0.2950574024338757,3.5784167333276047,12.127866319603866,1,1662700022586,0.4289777874946594,0.43136996030807495
695,0.28925467025123874,3.427045395281617,11.847848099755756,1,1662700022604,0.43273743987083435,0.42314937710762024
696,0.2919686359506451,3.732441949276526,12.783708555282852,1,1662700022622,0.43263497948646545,0.4185062646865845
697,0.23996098139356536,4.0191025444754995,16.74898361031321,1,1662700022644,0.42533981800079346,0.42224550247192383
698,0.2307577970633753,4.339511102733482,18.805479849253715,1,1662700022665,0.4131111800670624,0.43073055148124695
699,0.27076168184104077,3.3790837766425583,12.479918700705799,1,1662700022687,0.39885127544403076,0.4400142431259155
700,0.30174803165642317,3.470707258042268,11.50200463277285,1,1662700022706,0.3836306929588318,0.44108062982559204
701,0.2957455954225262,3.8735390308914766,13.097537514827309,1,1662700022724,0.3751501142978668,0.4394657611846924
702,0.28768030459852517,3.797196384289671,13.199361664987398,1,1662700022744,0.3712143301963806,0.44349557161331177
703,0.2586608840996988,3.5068309894358616,13.557639384253328,1,1662700022763,0.3677513599395752,0.4491818845272064
704,0.269306859770274,4.092137618493123,15.195073835043882,1,1662700022787,0.36664026975631714,0.4552789628505707
705,0.2535605715173313,3.9793131464870752,15.693737881542368,1,1662700022810,0.3631741404533386,0.45387133955955505
706,0.25731417911505994,3.723185261967283,14.469413519192166,1,1662700022831,0.3622819781303406,0.45305025577545166
707,0.28794398367044916,3.782225242734495,13.13528136452831,1,1662700022850,0.3635718822479248,0.4523424208164215
708,0.3302820033034331,3.9280716333489623,11.893084073794377,1,1662700022869,0.3643670380115509,0.45077112317085266
709,0.2847665473756049,4.281412841926427,15.034816699446356,1,1662700022890,0.3627411127090454,0.44189557433128357
710,0.29489568354951246,4.546528332699262,15.41741227940323,1,1662700022910,0.3604985177516937,0.4383513033390045
711,0.3149675520632521,4.446611747846517,14.117682023809055,1,1662700022929,0.3580667972564697,0.44232678413391113
712,0.30257417370446094,4.51503699677789,14.922083208555494,1,1662700022947,0.34940075874328613,0.44516071677207947
713,0.29721746612437483,4.780741962144539,16.084996701182998,1,1662700022966,0.3471164107322693,0.44310665130615234
714,0.3128564698403503,4.491940253580788,14.357830783787247,1,1662700022986,0.3485231101512909,0.437725305557251
715,0.29479584113897295,4.784683585341861,16.230498933959723,1,1662700023002,0.3446464240550995,0.43826359510421753
716,0.26383615615924694,4.5969271503939115,17.42341617355616,1,1662700023020,0.34976375102996826,0.4344951808452606
717,0.3170404562523697,4.246876678993363,13.395377767223422,1,1662700023039,0.3504370450973511,0.44028717279434204
718,0.2894234643265028,4.629116238850758,15.994267256882065,1,1662700023061,0.34330442547798157,0.44545042514801025
719,0.27637998836340516,4.44995930382154,16.10087376503685,1,1662700023082,0.34681710600852966,0.4475649297237396
720,0.31485932943320194,4.63094342735972,14.707975894175258,1,1662700023104,0.3403381109237671,0.45117810368537903
721,0.3373299253036723,5.435762632937448,16.11408364687493,1,1662700023126,0.34035342931747437,0.4503503739833832
722,0.3194942850282848,4.902474794372722,15.34448352945877,1,1662700023145,0.3392306864261627,0.4525482654571533
723,0.3166845697481753,5.318839381623664,16.79538534464485,1,1662700023166,0.34097719192504883,0.45261192321777344
724,0.2803528092215592,5.035274266956605,17.960491571094952,1,1662700023187,0.3371872305870056,0.4530195891857147
725,0.3036227014246309,5.107019114356253,16.820280863036793,1,1662700023205,0.34062832593917847,0.4512556195259094
726,0.3143300049692539,5.062335799360346,16.105162470428226,1,1662700023222,0.3413253426551819,0.4433135688304901
727,0.2937313615311196,5.011512897875408,17.06155199687269,1,1662700023243,0.34307336807250977,0.4387298822402954
728,0.2789843556912453,5.152284219086655,18.46800407972961,1,1662700023260,0.3455851078033447,0.44039326906204224
729,0.2986624900937584,4.814119828393103,16.118930190670472,1,1662700023280,0.3473496437072754,0.4438696503639221
730,0.2921296236929497,4.797727148213702,16.42328185537416,1,1662700023300,0.3389514088630676,0.4440016448497772
731,0.30415026946418483,4.89019569752906,16.07822247254298,1,1662700023317,0.32277601957321167,0.4486253261566162
732,0.32819208216368306,5.13531893578282,15.647296857154593,1,1662700023332,0.3234536349773407,0.45408859848976135
733,0.2879558345862639,5.399632661419923,18.751600116657254,1,1662700023353,0.30441951751708984,0.4671052098274231
734,0.2912018613990053,4.739294943167246,16.274947283642035,1,1662700023370,0.2918717861175537,0.4799661338329315
735,0.3360340625477233,4.418005393215905,13.147492726540078,1,1662700023390,0.276222288608551,0.4884791970252991
736,0.2837158048227755,4.167647252846677,14.689513879743213,1,1662700023407,0.2681535482406616,0.4968181252479553
737,0.3110661776422333,4.060990103045021,13.0550680045829,1,1662700023430,0.23730431497097015,0.49461081624031067
738,0.3142116652275785,4.553977692423491,14.493343807350747,1,1662700023448,0.19694975018501282,0.4924095571041107
739,0.30477208879692114,2.0101272834282558,6.595509750788447,1,1662700023468,0.2177431285381317,0.49863243103027344
740,0.31381552787248823,2.0839797489780314,6.640779578710997,1,1662700023490,0.18438857793807983,0.4962461590766907
741,0.3248851532608314,2.7119402987912764,8.347381441016534,1,1662700023510,0.1722179353237152,0.49555855989456177
742,0.28031574639218326,3.297661214119083,11.764095512156501,1,1662700023531,0.12319190800189972,0.4955346882343292
743,0.2650185642046907,3.467708037089667,13.084774070435817,1,1662700023548,0.11468236893415451,0.4865206182003021
744,0.32294591044792753,5.150859002859057,15.949602816505063,1,1662700023566,0.10191171616315842,0.4723801612854004
745,0.38223101923822017,3.8862790018261077,10.167356405483247,1,1662700023586,0.09226280450820923,0.45133721828460693
746,0.3131443923840993,3.79994127034399,12.134789454198579,1,1662700023654,0.16064023971557617,0.41095221042633057
747,0.21882754590409975,4.112030393077859,18.791191831397402,1,1662700023950,0.2660277485847473,0.42682644724845886
748,0.2939669447635294,4.348734279776987,14.793276445673719,1,1662700024019,0.3265790045261383,0.402392715215683
749,0.2382365997471705,5.193268962026988,21.798787287672692,1,1662700024038,0.3349096477031708,0.38259637355804443
750,0.26644004228158186,4.6539935792232985,17.467320374858737,1,1662700024060,0.33087316155433655,0.37907925248146057
751,0.230373568897562,3.9540302899798174,17.163558775000002,1,1662700024078,0.3289238512516022,0.37920138239860535
752,0.2769445725681964,4.794827562288083,17.31331117206631,1,1662700024100,0.3160686194896698,0.3980254828929901
753,0.27900447865345634,4.807746565537473,17.23178992946934,1,1662700024117,0.31316524744033813,0.40632933378219604
754,0.2810996045580379,4.245690848746507,15.103866316076264,1,1662700024135,0.3171885311603546,0.4022967219352722
755,0.23359384410450987,3.838130721847106,16.430787106401343,1,1662700024156,0.3265511393547058,0.3949330151081085
756,0.26719136545284117,4.146314611526926,15.51814597189423,1,1662700024174,0.32370859384536743,0.39488133788108826
757,0.22681818301644446,4.224798422942156,18.626365694128918,1,1662700024193,0.3295919895172119,0.39392006397247314
758,0.26653976581014527,4.225677740308191,15.85383602129416,1,1662700024213,0.33769476413726807,0.39321255683898926
759,0.2577970137673823,3.7460164902664435,14.5308761941152,1,1662700024229,0.34712105989456177,0.39450231194496155
760,0.2876929191743257,3.9236334966320836,13.638269262562499,1,1662700024249,0.34240296483039856,0.40135931968688965
761,0.2790880785913028,3.8039877584891197,13.630061798733037,1,1662700024267,0.3436838388442993,0.40290510654449463
762,0.2770739549170399,3.592834240480405,12.96705871021386,1,1662700024284,0.3466870188713074,0.40243902802467346
763,0.2839584251237237,3.9439059144755877,13.889025876788779,1,1662700024303,0.34966325759887695,0.4067955017089844
764,0.29925979808368464,4.416491211977483,14.75805049745593,1,1662700024321,0.35978931188583374,0.41488033533096313
765,0.2877494311189514,3.8212986151631605,13.27995193701527,1,1662700024339,0.36287540197372437,0.41074180603027344
766,0.29157134669521967,3.682696573678004,12.630516048367184,1,1662700024359,0.35852813720703125,0.4099047780036926
767,0.2848827929901444,4.310951180010665,15.132367717834764,1,1662700024378,0.35548633337020874,0.411434143781662
768,0.2872396362770771,3.8614096351690597,13.443164339075638,1,1662700024396,0.35270223021507263,0.4086143374443054
