FN,EAR,MAR,MOEAR,MINUTE,TIMESTAMP
1,0.40265035706121083,5.055004619046446,12.554327918497252,1,1662610205847
2,0.3496673981072723,7.8421238591505835,22.427380709781662,1,1662610205899
3,0.34761796126415584,4.513014290905835,12.98268442313423,1,1662610205964
4,0.35391770430019903,4.3636304085571,12.329505858389593,1,1662610206022
5,0.3656580027069961,4.117106716474582,11.259446493705331,1,1662610206080
6,0.35900476356423683,3.9966141738598453,11.132482294053823,1,1662610206133
7,0.3668488086424359,4.378218433327685,11.934667171278983,1,1662610206193
8,0.35975493131742153,4.228572059713934,11.754035015528252,1,1662610206246
9,0.3591452013760656,4.102569638606288,11.423150366167453,1,1662610206302
10,0.3721693115284379,3.8629276863085735,10.37949010477024,1,1662610206361
11,0.36008587070385745,4.300778704277279,11.94375857033928,1,1662610206413
12,0.37292036282242,3.9264053456927472,10.52880383354784,1,1662610206465
13,0.357082285096338,4.039591946416061,11.312776116368278,1,1662610206529
14,0.37185468077111766,3.911079683529467,10.517763754967488,1,1662610206583
15,0.35951812863633814,4.005817389099787,11.142184691197517,1,1662610206651
16,0.3579069616875301,3.973087424253003,11.100894504873304,1,1662610206703
17,0.3599874382034418,4.329077345058047,12.025634468421451,1,1662610206762
18,0.3430153494709342,4.334655712727833,12.636914701961857,1,1662610206820
19,0.350820205292772,4.170351620471655,11.88743281474152,1,1662610206871
20,0.36113037914507173,4.147038675817089,11.483494370190215,1,1662610206932
21,0.36360898706960554,4.353744324221135,11.973698338175836,1,1662610206992
22,0.3717079110290874,4.042539589321089,10.875581254456398,1,1662610207049
23,0.35457848924914653,4.114665094615022,11.604384415219926,1,1662610207102
24,0.35322104004388366,4.056199442577223,11.483459315088611,1,1662610207161
25,0.3446866308161673,3.866118482160404,11.216328503968963,1,1662610207214
26,0.35975315648720807,3.9341645131567065,10.93573313316181,1,1662610207272
27,0.3616504255526642,3.844842969754606,10.63137963650678,1,1662610207332
28,0.35776667279105845,3.9855718382785903,11.140142839985067,1,1662610207384
29,0.35628109617196246,4.12296762315326,11.572232339723323,1,1662610207450
30,0.3604540567675524,3.9520956472183686,10.964214642663807,1,1662610207501
31,0.35963709748016215,4.10179179305968,11.40536341161506,1,1662610207563
32,0.34940817861324647,3.934858048391762,11.261493832252807,1,1662610207619
33,0.3379196489688282,4.104836772481228,12.1473752266471,1,1662610207684
34,0.3476333441399673,3.7055444898401606,10.659347131983404,1,1662610207746
35,0.3438952751852622,3.7065724166637803,10.778201051663148,1,1662610207801
36,0.3526097431222145,3.6995813247204667,10.491999716066246,1,1662610207864
37,0.3416306370367904,3.5753366503508386,10.465503566548712,1,1662610207921
38,0.2932846190296376,3.5618493081394353,12.144684981858855,1,1662610207979
39,0.2049991307775222,3.6047357738244004,17.584151504215324,1,1662610208033
40,0.12665217706971088,3.813629768556825,30.111047885562655,1,1662610208083
41,0.17986160009497787,3.582459233293339,19.917865911353967,1,1662610208143
42,0.2574538378095479,4.0590938823406155,15.766297822071467,1,1662610208199
43,0.2530515963905895,3.9796926837221074,15.726803310022921,1,1662610208255
44,0.24503910930501868,3.984389387039267,16.260218209002698,1,1662610208313
45,0.2497685128430053,4.026665913273151,16.121591418547442,1,1662610208367
46,0.2559366337810922,4.205134953119858,16.430375327654716,1,1662610208421
47,0.2623304086278082,3.984826006515463,15.190103302774535,1,1662610208478
48,0.2693867051991252,4.213292356347467,15.640312884903086,1,1662610208532
49,0.2888415292401131,4.080909367713316,14.128540928478703,1,1662610208598
50,0.289202453539463,4.288030888622258,14.827090282749403,1,1662610208656
51,0.2737970889135133,4.050839089197065,14.795040755442944,1,1662610208717
52,0.2925586030804103,3.8426539988524473,13.134647070338541,1,1662610208778
53,0.28442910171950486,3.8555262759369513,13.555315727640105,1,1662610208833
54,0.28343369565834087,3.891046180848985,13.728241350454548,1,1662610208898
55,0.29208569599358936,3.586905395281244,12.280318565685493,1,1662610208960
56,0.2834459137616181,3.7492490546862225,13.227387916551136,1,1662610209016
57,0.29189231054107356,3.5306785340305504,12.095825777273197,1,1662610209078
58,0.2958805876947369,3.526898189253205,11.920005353281043,1,1662610209131
59,0.30878283248556426,3.541062820754701,11.46780989166633,1,1662610209195
60,0.3026471223278264,3.6532727503269644,12.071063891926753,1,1662610209244
61,0.3378183110831329,3.439191347288616,10.180594818148485,1,1662610209301
62,0.35202608404105684,3.479873505112089,9.88527175363014,1,1662610209365
63,0.34582626439355946,3.6598214070823367,10.582832433216707,1,1662610209417
64,0.35265942702527503,3.4751454995626907,9.8541120221171,1,1662610209479
65,0.3669153523890449,3.469569562937018,9.45604903241604,1,1662610209528
66,0.36367149385603176,3.410067112539302,9.376778686671715,1,1662610209593
67,0.362673878955424,3.636207491558288,10.026108034114063,1,1662610209662
68,0.3508958073720634,3.554265994557167,10.129120724399229,1,1662610209718
69,0.3469468362337356,3.5120055884486217,10.122604450217867,1,1662610209776
70,0.34514566798359037,3.3815294774898983,9.797398000807792,1,1662610209831
71,0.34728945289337887,3.5522876586628747,10.228607949558032,1,1662610209886
72,0.3502894154168622,3.7468201658004894,10.69635564449352,1,1662610209944
73,0.34962768062710037,3.711922881621427,10.616787763954031,1,1662610209999
74,0.35210742863106925,3.728888547980582,10.590201298728157,1,1662610210056
75,0.3604285408239152,3.737511925344722,10.369633649990712,1,1662610210113
76,0.35629028795914164,3.7534710610166773,10.534867740899843,1,1662610210177
77,0.3555877900073292,3.66758952966017,10.314160476614159,1,1662610210230
78,0.33924709707828404,3.5986335017915225,10.607706102083782,1,1662610210285
79,0.3510943891516095,3.568998456652419,10.165353155533497,1,1662610210343
80,0.3501679857916436,3.4712572503653165,9.913119963030482,1,1662610210393
81,0.34800216139282536,3.665608339286275,10.53329187558847,1,1662610210452
82,0.34158501108972916,3.4664891345984867,10.148247206572812,1,1662610210509
83,0.3454695191317362,3.5819573842672927,10.368374591396014,1,1662610210568
84,0.34793136567511374,3.4158607711005446,9.81762815339321,1,1662610210632
85,0.3450894331184685,3.4531938723834736,10.006663609424399,1,1662610210682
86,0.3513305556379277,3.6173777599569914,10.296223035280109,1,1662610210743
87,0.3521538753353105,3.676139117710464,10.439013667562662,1,1662610210801
88,0.340530567267278,3.663095499133944,10.75702404201156,1,1662610210853
89,0.3515914505584927,3.9144066773798456,11.133395511073791,1,1662610210910
90,0.35041439887340675,4.164541626080556,11.884619009577483,1,1662610210959
91,0.3344087912481717,4.33750639966635,12.970670966743207,1,1662610211012
92,0.3367289096305026,4.409328749713274,13.094595158317986,1,1662610211065
93,0.35007583024075867,4.062813615343067,11.605524473223236,1,1662610211125
94,0.3541273740631272,4.114281512643948,11.618083813849788,1,1662610211184
95,0.35619157073203367,4.088361590904645,11.477985238399588,1,1662610211245
96,0.3477443494484322,4.021443237476917,11.564366880023929,1,1662610211301
97,0.35444329358822324,4.027571997631651,11.363092687855193,1,1662610211365
98,0.35273596959563425,3.9249280750975455,11.127099058247344,1,1662610211415
99,0.35714493301676736,3.9274290609352565,10.996737452665666,1,1662610211477
100,0.3566300820365052,3.963079047993469,11.112576441568388,1,1662610211531
101,0.3523315644858046,4.088084667762358,11.602947563692002,1,1662610211593
102,0.3480104802490601,4.058395568378386,11.661705031049411,1,1662610211648
103,0.3510600321626347,4.096153195119144,11.667956531210962,1,1662610211708
104,0.3538232460682824,3.9843045246130337,11.260720059767143,1,1662610211761
105,0.35222279729037353,3.9861147181930714,11.317026464095981,1,1662610211819
106,0.34992090468944964,3.971564816698917,11.34989297145202,1,1662610211877
107,0.3492098533106528,3.9804765419465227,11.398522991862832,1,1662610211939
108,0.3580573842936393,4.090144071260664,11.423152407063268,1,1662610212000
109,0.35597371378675485,4.032452181545223,11.327949298977881,1,1662610212062
110,0.3542018207848354,4.019315370997036,11.347528824360907,1,1662610212116
111,0.35682629797011156,4.128240183041041,11.569327167099186,1,1662610212168
112,0.35641019676052893,4.074755075684763,11.4327679531082,1,1662610212226
113,0.3511716804168135,4.316924257014053,12.29291682031478,1,1662610212280
114,0.34939892193765454,4.281401623383087,12.253620015882719,1,1662610212332
115,0.3398026595124234,4.217432796564813,12.411417858283775,1,1662610212393
116,0.33838425623979607,4.1821616092316685,12.359208598251033,1,1662610212447
117,0.340376609992455,4.224461511291118,12.411139271246517,1,1662610212513
118,0.3376003950265343,4.130442541711383,12.234708852715482,1,1662610212575
119,0.33706792083995857,4.158246860771886,12.336525084943462,1,1662610212633
120,0.335596541682835,3.9306547069380464,11.712441037764993,1,1662610212693
121,0.342370918929182,3.7724077802518603,11.018481920282976,1,1662610212745
122,0.33854882809365905,3.602669887150671,10.6415074819104,1,1662610212806
123,0.3457710482399511,3.918834333907169,11.33361035822657,1,1662610212859
124,0.34324056282415843,3.696623387205031,10.769774285385976,1,1662610212913
125,0.3487508833201196,3.6640196581357607,10.50612294728597,1,1662610212970
126,0.34653223096778574,3.7321217347148226,10.76991229442599,1,1662610213029
127,0.3447234960936831,3.9273451703901046,11.392740021767468,1,1662610213079
128,0.34712149134814096,4.035297772531233,11.625030063275695,1,1662610213135
129,0.3470614438799082,4.004552880131528,11.538455079778904,1,1662610213185
130,0.3473309136886908,3.9794266712902684,11.457162361473499,1,1662610213242
131,0.3471109887834807,4.087124551703353,11.774690758213943,1,1662610213299
132,0.3443927636492998,4.047870785280624,11.753646454089349,1,1662610213359
133,0.3486963146932639,4.09988894059101,11.75776389893177,1,1662610213419
134,0.34914181580609516,4.021229851947973,11.51746846095704,1,1662610213471
135,0.3484711468298527,3.8288433829772455,10.987547800755932,1,1662610213543
136,0.3497770597257155,3.8585569083127105,11.031475052533386,1,1662610213603
137,0.3505004355946092,3.8436147312651543,10.966076902999061,1,1662610213663
138,0.3506834408430415,3.906919535054461,11.140872593419989,1,1662610213717
139,0.3499072337442488,3.841307376259453,10.978073631558896,1,1662610213778
140,0.3486297508709147,4.007890538507357,11.496123117706432,1,1662610213835
141,0.349456959928355,4.033754056282217,11.542920928257402,1,1662610213890
142,0.23907904669517094,4.055999264124759,16.965097193549603,1,1662610213943
143,0.1401190233838176,3.9048233331903046,27.86790286493871,1,1662610213999
144,0.13031160527115104,4.013049004844742,30.795791337958203,1,1662610214058
145,0.213976919374736,4.2458978350963665,19.842784200760274,1,1662610214114
146,0.2985498159874065,4.015785678761678,13.450973551868051,1,1662610214169
147,0.3450190998212664,4.099642115317099,11.882362795105768,1,1662610214234
148,0.3554853227746929,3.929059119034604,11.05266200125187,1,1662610214292
149,0.355663619428627,3.947873077651703,11.100019405959918,1,1662610214349
150,0.3431504763051238,4.026226386130658,11.733121951288226,1,1662610214409
151,0.35319577540589,3.9600589077712303,11.21207891917835,1,1662610214464
152,0.3593367517128113,3.8108115088856414,10.605125945846234,1,1662610214519
153,0.35067111664086625,4.071693357868861,11.611145499727073,1,1662610214573
154,0.3523519157740605,4.0550254741176115,11.508453033977046,1,1662610214634
155,0.35948487984676575,4.136993302403966,11.508114900875396,1,1662610214693
156,0.368389087143282,3.7695604687822803,10.232551941247216,1,1662610214746
157,0.36202077511206576,4.173717834263635,11.528945632945057,1,1662610214809
158,0.36042368883348447,4.289555384399525,11.9014246768372,1,1662610214861
159,0.37258543000969185,4.296820974545832,11.532444987003547,1,1662610214919
160,0.36036884248831946,4.2172909279360224,11.702706867818952,1,1662610214981
161,0.34861070660279597,4.213890441301664,12.087667881362387,1,1662610215031
162,0.3538554064425019,4.030197122607351,11.3893897033398,1,1662610215097
163,0.3582153449522472,4.04550402843112,11.293497292726016,1,1662610215146
164,0.3614715023916626,3.9548831332034533,10.941064806038977,1,1662610215203
165,0.34613242829704527,4.222525482889037,12.199161759167316,1,1662610215260
166,0.3419731248695233,4.171124705140522,12.197229553439254,1,1662610215318
167,0.34561770462836305,4.11478777664961,11.905604723213392,1,1662610215381
168,0.348754194117494,4.0973126537952025,11.748425460984803,1,1662610215428
169,0.35063938475183587,4.264028020142245,12.160721828667649,1,1662610215485
170,0.35748076135301254,4.027257275904185,11.265661572000697,1,1662610215549
171,0.357925168435205,4.054120482926774,11.326726479310688,1,1662610215598
172,0.3593551895252287,4.061720982557122,11.302803190134442,1,1662610215653
173,0.35491139954291867,4.040803026876363,11.385385287934989,1,1662610215716
174,0.35642294621475124,4.203559762531556,11.793740574712707,1,1662610215769
175,0.3552569489505365,4.130617267591403,11.627125886752244,1,1662610215828
176,0.3495423380294842,4.049428529233798,11.58494433624869,1,1662610215887
177,0.3547733938959202,4.01211973667636,11.308964555141907,1,1662610215952
178,0.3494247681260323,4.1357148953576095,11.835780610337041,1,1662610216008
179,0.35668542356757094,4.095749820392196,11.482806836978275,1,1662610216063
180,0.358699807524551,4.117331441916986,11.478488015734934,1,1662610216116
181,0.34837175820221145,3.5385012470081927,10.157256332341037,1,1662610216176
182,0.3480442644874378,3.4335234633548435,9.865191912906159,1,1662610216228
183,0.3502628723182804,3.5249752766522167,10.063799378225582,1,1662610216286
184,0.3519558913079537,3.3629059045309786,9.554907269867263,1,1662610216343
185,0.3459026426851236,3.5420161170401285,10.239922105089086,1,1662610216397
186,0.34803185695730215,3.645392391695542,10.474306644126466,1,1662610216453
187,0.36296872349257625,3.7957870967923357,10.457614805673389,1,1662610216503
188,0.3620384661630526,3.7925504510616865,10.475545571871972,1,1662610216560
189,0.3579133836052452,3.6623402890333137,10.232476506306433,1,1662610216613
190,0.3538572470063963,3.4440260713234276,9.732812032138975,1,1662610216658
191,0.34868192770058637,3.514568112010961,10.0795820855646,1,1662610216723
192,0.3571504742661807,3.54387926047251,9.922650299580148,1,1662610216777
193,0.3591092460675137,3.546187243943442,9.874953883188926,1,1662610216832
194,0.35721622755171595,3.5751710289479153,10.008422779254396,1,1662610216892
195,0.3679310387155737,3.716778921479692,10.101835752848565,1,1662610216947
196,0.3675522278520986,3.985526993138928,10.843430378396961,1,1662610217010
197,0.36604671876378,4.086165242461993,11.162960991050182,1,1662610217063
198,0.37417114367924253,3.7839353599090124,10.112846551183496,1,1662610217116
199,0.38520958135770955,4.043956473355216,10.498068244050131,1,1662610217177
200,0.37149640713187093,3.749295099573403,10.092412813678996,1,1662610217227
201,0.3723533057221501,3.8731381976740633,10.40178276425508,1,1662610217285
202,0.37881151901313237,3.9563733079516803,10.444173710078028,1,1662610217343
203,0.3758140385585411,3.8431760803884685,10.226270671338455,1,1662610217395
204,0.3856801015455583,3.989306169108593,10.34356232826639,1,1662610217461
205,0.3939001642656268,3.9936501969662177,10.138737069104387,1,1662610217508
206,0.3972411194018396,3.94005736512991,9.91855367607159,1,1662610217568
207,0.3921830619756499,4.006536879579807,10.215986532912957,1,1662610217628
208,0.39186366140262374,3.9921808429825156,10.187678103892146,1,1662610217684
209,0.3874474338816077,3.840252920244009,9.911674680022465,1,1662610217742
210,0.38324666544910113,4.033163399198056,10.52367512310084,1,1662610217798
211,0.3942845715154526,3.962914525985478,10.050899305427592,1,1662610217862
212,0.3868131834228671,3.8236002179259265,9.884875650026483,1,1662610217919
213,0.39558980424766077,3.9091604083931526,9.881853289489245,1,1662610217978
214,0.3932827799724541,4.019646290947298,10.220753350118299,1,1662610218042
215,0.38959813137336297,4.031443466885044,10.347697132616883,1,1662610218094
216,0.38626252433173286,3.929755075858698,10.173793283874769,1,1662610218159
217,0.3776949378104691,3.931760993200792,10.409885332309608,1,1662610218208
218,0.38612334522133074,3.826048961853004,9.908877588481124,1,1662610218258
219,0.37856809144196524,3.8679381339097954,10.217285136676008,1,1662610218310
220,0.38642933667843493,3.8155667768679047,9.873905562307263,1,1662610218371
221,0.3806971083075753,3.816178453753145,10.024185554543148,1,1662610218428
222,0.37509100396312944,3.6350340353394626,9.691072291610539,1,1662610218482
223,0.37682445883726917,3.689972211903286,9.792284246328057,1,1662610218545
224,0.3820768392630631,3.653249828302695,9.561557919472325,1,1662610218597
225,0.3830191173390929,3.6962444032311077,9.65028698543724,1,1662610218664
226,0.3824250555459228,3.6836856662908786,9.632438076088688,1,1662610218716
227,0.38535651034425294,3.6289034055867075,9.417002978215878,1,1662610218765
228,0.3856454935974889,3.6838953616819956,9.552543522074707,1,1662610218829
229,0.3851469722037808,3.6887231243976832,9.577442874056878,1,1662610218878
230,0.38461843143211494,3.7016233367460742,9.62414443572866,1,1662610218932
231,0.3854418475791098,3.7164031270219837,9.641929516382396,1,1662610218992
232,0.3879033844167896,3.757701912904405,9.68721094958758,1,1662610219046
233,0.38810687253016596,3.7853414940835495,9.753348270815097,1,1662610219098
234,0.38533390372016313,3.8889704227921285,10.092468856870621,1,1662610219160
235,0.38395754655246245,3.8460341686443473,10.0168213990784,1,1662610219211
236,0.3860396001689864,3.9913846319608632,10.33931397248795,1,1662610219276
237,0.38806360504724924,3.88485815669039,10.010879933503126,1,1662610219325
238,0.3984181679430637,3.9293412762775093,9.862354662599211,1,1662610219381
239,0.3951248897000891,3.9847137975848375,10.084694488897796,1,1662610219432
240,0.3926110803216508,3.959502605872723,10.085050586521549,1,1662610219487
241,0.33476548269211415,3.939748908006933,11.768683187777588,1,1662610219543
242,0.37150478964840944,4.150819617253779,11.172990854793817,1,1662610219601
243,0.34495278314045424,4.311933860102127,12.500069780119556,1,1662610219659
244,0.3325127558876593,4.3065216510865385,12.951447951493066,1,1662610219726
245,0.311854376571161,4.323704001821083,13.864496786481595,1,1662610219776
246,0.33039299671451333,4.442297375752717,13.445494970921633,1,1662610219832
247,0.3235258340545554,4.34357821403322,13.425753855875303,1,1662610219885
248,0.32999179053013633,4.2779566839782905,12.963827606455586,1,1662610219942
249,0.3131517998960939,4.290941421298633,13.702432566960816,1,1662610219999
250,0.3183040864035941,4.299959519148571,13.508967376863744,1,1662610220055
251,0.3315743194859653,3.8403638333624737,11.582211310321416,1,1662610220118
252,0.3094209633750923,4.31121299367153,13.933163889885858,1,1662610220175
253,0.32875013071260933,4.19829070552635,12.770460946816966,1,1662610220228
254,0.3279244701088896,4.2592087386013775,12.988383383487905,1,1662610220282
255,0.3341583757558385,4.157406538300913,12.44142550339253,1,1662610220345
256,0.33493028046659534,4.0387675913179315,12.058532258389645,1,1662610220393
257,0.33732397661395297,4.106187750699766,12.17283097370529,1,1662610220450
258,0.3384130320437674,4.219934918598173,12.469776630979162,1,1662610220508
259,0.34208144259547557,4.093307320801809,11.965885345152447,1,1662610220562
260,0.3408585739486949,4.297765781916713,12.608648015301505,1,1662610220629
261,0.3287255303536287,4.130607989620965,12.56552232245982,1,1662610220682
262,0.3281282085799837,4.127351686494345,12.57847261701754,1,1662610220737
263,0.31953174119661226,4.148981826205586,12.984568639935713,1,1662610220793
264,0.32809157990761895,4.096483628915452,12.485793235135455,1,1662610220851
265,0.3311982087988236,4.137938743660224,12.49384396934855,1,1662610220911
266,0.33515426991022546,4.104623432410575,12.246967444305696,1,1662610220968
267,0.3363238413001675,4.096751354098081,12.180972179256685,1,1662610221030
268,0.31601066778133446,3.971922028246515,12.568949194445901,1,1662610221084
269,0.3196375411861847,4.051535661319626,12.675406168763072,1,1662610221136
270,0.3171430624009423,3.922122863323638,12.367046069464909,1,1662610221198
271,0.316365020226556,3.902628845515358,12.335841815636252,1,1662610221260
272,0.33276940439804603,4.1012634058041355,12.324640882243973,1,1662610221310
273,0.3454025888723298,3.949228008432046,11.433695448912193,1,1662610221373
274,0.3444534131172656,3.907050953059281,11.34275581043282,1,1662610221427
275,0.3371020337972904,4.0471258160788945,12.005640459922448,1,1662610221481
276,0.34681628226700933,4.083261168141539,11.773556712651368,1,1662610221545
277,0.33708129424900024,4.074757547748566,12.088352623739967,1,1662610221596
278,0.3347451264446428,4.112462021012107,12.285352933113394,1,1662610221656
279,0.3415250230843321,3.9241952266010673,11.490212902004764,1,1662610221710
280,0.34242483022057313,3.9088436941522238,11.41518765340218,1,1662610221764
281,0.3442330537094248,3.9431815125509195,11.454976418038726,1,1662610221820
282,0.3438476532937334,3.9574320418941977,11.509259999263522,1,1662610221877
283,0.34197485282870754,4.057671157951604,11.86540800993943,1,1662610221932
284,0.3419823451524777,3.918717188306134,11.458828924513393,1,1662610221986
285,0.3298887029086337,3.8962630575065003,11.810841120514555,1,1662610222046
286,0.3340438748856242,3.8459670089166544,11.513358867105419,1,1662610222097
287,0.33479442084061173,3.957856238014317,11.82175087648359,1,1662610222158
288,0.33170609548300867,4.029063211242519,12.146485295591754,1,1662610222218
289,0.34102517890277256,3.8059167023712424,11.16022199479975,1,1662610222269
290,0.34033719753149094,3.9601224824874435,11.63587909641002,1,1662610222331
291,0.3504343724957777,3.7885830854927645,10.811105824210815,1,1662610222382
292,0.34199512820820943,3.9450608577601654,11.535429988225973,1,1662610222433
293,0.34834950883221444,3.958686529045815,11.364122608688822,1,1662610222495
294,0.33278095214624387,3.9927916822171166,11.998257882447685,1,1662610222548
295,0.32776950009289685,3.9773353993737235,12.134550036676574,1,1662610222607
296,0.3425815835160668,4.155841723180114,12.1309548532261,1,1662610222676
297,0.3465565084295932,3.9312646232240214,11.343791063219063,1,1662610222729
298,0.3450572865147209,4.2082538894659836,12.195812272135427,1,1662610222794
299,0.33573829896335566,3.7445909339731256,11.153302871716257,1,1662610222843
300,0.3379305845847036,4.217116907487639,12.479240115748098,1,1662610222894
301,0.31211132489160215,4.95234585852812,15.86724179344692,1,1662610222953
302,0.33510194403341975,4.58123121670627,13.67115678758755,1,1662610223002
303,0.31296635490288294,4.98870950976179,15.940082477267705,1,1662610223061
304,0.2978938853616828,5.351071612838334,17.963012588665325,1,1662610223114
305,0.31164701162821984,5.0185692232479076,16.1033766922008,1,1662610223176
306,0.31290073608679747,5.010044525573443,16.01160990616422,1,1662610223239
307,0.33004602222880974,4.977281711293668,15.080568696698569,1,1662610223296
308,0.3218907148212764,4.8983282398567685,15.217364199450333,1,1662610223359
309,0.3324346856676227,4.751125019262961,14.291905219581286,1,1662610223408
310,0.32487694807466966,5.320891737729245,16.378175703947736,1,1662610223459
311,0.3311434382406239,4.992588427395961,15.076815213134672,1,1662610223516
312,0.3282815657038934,5.211064160040313,15.87376418431195,1,1662610223575
313,0.318714562673131,5.15736619313651,16.181771394066576,1,1662610223632
314,0.3287997536488893,4.840322938388374,14.721187849663478,1,1662610223691
315,0.30970167075924676,4.238567511609793,13.685969149661885,1,1662610223749
316,0.33223812301217365,4.36581304174532,13.14061433457277,1,1662610223802
317,0.3343614885052293,4.067953121233633,12.166332729943006,1,1662610223860
318,0.34402609856421174,4.884991397396333,14.199479102846494,1,1662610223918
319,0.3325643514675891,4.70565483859307,14.149606889094578,1,1662610223977
320,0.3382072989403885,4.642242719365659,13.726027598783102,1,1662610224034
321,0.3241285479096464,4.505458153439024,13.900220090132137,1,1662610224098
322,0.3241946388520511,4.400382640978619,13.573273933708602,1,1662610224151
323,0.3272808254682589,4.745323784276368,14.499241675667891,1,1662610224211
324,0.3301054028455923,4.544036559391233,13.765411048169721,1,1662610224266
325,0.34417901236107085,5.124288833931757,14.888440752906734,1,1662610224327
326,0.3416341021806101,5.146397267490225,15.064061914900707,1,1662610224385
327,0.33939279718717885,4.83381177979316,14.242529069134191,1,1662610224446
328,0.3513099372143651,5.392987067680376,15.35108033220717,1,1662610224499
329,0.3382395362645078,4.8381272869494785,14.303849101679226,1,1662610224558
330,0.3523446631547221,5.16173826752494,14.649684832201672,1,1662610224609
331,0.3419202493046509,5.199111276038942,15.205625541664057,1,1662610224668
332,0.342446058362183,4.709938942352009,13.753812687692296,1,1662610224730
333,0.3517656895368501,4.872086199554651,13.850373542597206,1,1662610224786
334,0.34855011552186144,4.49638043821742,12.900240849110842,1,1662610224844
335,0.3527425761267411,4.616561556087833,13.087622159988685,1,1662610224902
336,0.3542092529139544,4.818896221019461,13.604659340138927,1,1662610224961
337,0.35966594006998986,4.824293184831009,13.41326116087672,1,1662610225013
338,0.3573002370833286,4.849718561811043,13.573230741181975,1,1662610225067
339,0.36134951234254986,5.044898567462983,13.961271276548871,1,1662610225132
340,0.3693824192038768,5.213798807369433,14.114907847012965,1,1662610225184
341,0.3667116951694872,5.122786447441617,13.96952023870949,1,1662610225242
342,0.36820993530047935,4.791326456212297,13.012485533021573,1,1662610225300
343,0.36433628080668434,4.33164735329585,11.889146323020759,1,1662610225358
344,0.3526625827034523,4.379216896874415,12.417583014631356,1,1662610225415
345,0.3471548369376555,4.350491388607072,12.531847250016463,1,1662610225474
346,0.3444624529576618,4.204639273256992,12.20637906150482,1,1662610225527
347,0.35769618263299763,4.60205737292701,12.865827471378969,1,1662610225591
348,0.35107241430100766,4.520757908461845,12.876995526586064,1,1662610225640
349,0.36642483216426047,4.625697971941776,12.62386597715128,1,1662610225698
350,0.3600239853092132,4.6056718616063295,12.792680625571831,1,1662610225758
351,0.36046130552946276,4.454735879530948,12.358430187083796,1,1662610225815
352,0.3750116130214021,4.812551601647284,12.833073522372837,1,1662610225875
353,0.37060907393362186,4.840884098470823,13.061968632041243,1,1662610225929
354,0.35550081822245183,5.319603020150588,14.963687135093704,1,1662610225986
355,0.3655260932206328,4.553563305237471,12.45756018432568,1,1662610226043
356,0.3782877394581351,4.822169966157929,12.747359914612291,1,1662610226096
357,0.3673601266174809,5.00913609314328,13.63549206950028,1,1662610226160
358,0.37128175238381744,4.705812918010168,12.674506322480054,1,1662610226220
359,0.3633561475519477,4.843681118552318,13.33039540182772,1,1662610226275
360,0.37698914886841517,5.1853057313751565,13.754522502675648,1,1662610226345
361,0.3795542962985391,4.250325408828213,11.198201285765746,1,1662610226399
362,0.37917114425629467,4.2618573075438375,11.239930496037703,1,1662610226458
363,0.38236472536124555,4.2870947510628925,11.212056099088604,1,1662610226512
364,0.37916233881426786,3.895526265617715,10.274032694808156,1,1662610226561
365,0.3742294723894378,4.1245184854081955,11.021361997689109,1,1662610226623
366,0.3736942149862927,4.015820081265127,10.746273076270205,1,1662610226672
367,0.3572941196253624,4.1744463534481495,11.683501418453874,1,1662610226728
368,0.3637808326349633,3.5482647412231456,9.75385293260808,1,1662610226786
369,0.36359596572030595,3.5980867746674825,9.895838001226036,1,1662610226841
370,0.38088640815171587,3.880908558901884,10.18914950978253,1,1662610226914
371,0.4108383010594824,4.255041213846772,10.356973054541754,1,1662610226980
372,0.40474269750696457,4.404312882690078,10.881759967057322,1,1662610227041
373,0.4085452023439389,4.122199147673414,10.08994628751775,1,1662610227096
374,0.40492623556708307,3.947486582015663,9.74865601505757,1,1662610227162
375,0.28268105582285163,3.769217627775402,13.333817566244928,1,1662610227217
376,0.21315485060160047,3.9506069485038955,18.533976296358478,1,1662610227280
377,0.17245753557365368,3.7602032684870603,21.803647233965844,1,1662610227335
378,0.16941979116302197,3.8391209196893734,22.660404037419866,1,1662610227386
379,0.17149564680271517,4.246530486977467,24.76173924031193,1,1662610227447
380,0.18029878867236818,4.506565940033498,24.99498733861519,1,1662610227507
381,0.22710195942901806,4.921926813108276,21.672762425665688,1,1662610227555
382,0.23951743683732582,4.024703533979148,16.803384284345963,1,1662610227616
383,0.12008354927832743,4.052178090756006,33.7446562423296,1,1662610227669
384,0.07775639847868594,6.2710320937166015,80.64972422090221,1,1662610227728
385,0.07486040406228997,6.857242635433093,91.60039571423242,1,1662610227782
386,0.06017635899645854,7.9131375491926,131.49910830693992,1,1662610227842
387,0.12780732761831382,8.360157750266628,65.41219432451916,1,1662610227901
388,0.10992016425589345,5.819766232922487,52.94539243385871,1,1662610227959
389,0.18053843212262594,5.008013487336271,27.739320810843815,1,1662610228011
390,0.22048613669807285,4.6227774733163685,20.96629539863843,1,1662610228065
391,0.2992491840534749,4.29284142504035,14.34537386833186,1,1662610228125
392,0.38224065662776885,4.087630373573813,10.693866030986868,1,1662610228182
393,0.3899221185894998,4.221310691323034,10.826035482657817,1,1662610228241
394,0.36349819507337466,3.9244599061435306,10.796366967795674,1,1662610228293
395,0.37009262020303196,3.867947136183176,10.451294959789333,1,1662610228342
396,0.41775359703919684,3.518908129569739,8.423405937159574,1,1662610228400
397,0.40505503099444307,3.8960841235776758,9.618653825907241,1,1662610228465
398,0.41291221760179075,3.6536568497424997,8.848507488984152,1,1662610228524
399,0.40361758267943637,3.555643315242077,8.809436129213584,1,1662610228580
400,0.3878739248849182,3.3444510574820994,8.622520986617996,1,1662610228632
401,0.4072432047913918,3.448735582335694,8.46849141191267,1,1662610228696
402,0.39292313303419796,3.4839205829297484,8.866672104608629,1,1662610228758
403,0.37481152475180135,3.585869321268641,9.5671266342282,1,1662610228807
404,0.3763809319983765,3.5174396727393167,9.34542473781453,1,1662610228863
405,0.37665035435321575,3.4736569578294345,9.222497517078939,1,1662610228915
406,0.36335860040767487,3.6094881241563,9.933680171892417,1,1662610228971
407,0.36165669092238717,3.602515796541178,9.961147925545475,1,1662610229029
408,0.36532535042706843,3.476098248523413,9.515075382696066,1,1662610229084
409,0.3696670465731269,3.4842299175189804,9.425319215814213,1,1662610229146
410,0.3662808342577888,3.4921215058392847,9.534000087434348,1,1662610229209
411,0.36604795298468784,3.4897821287227573,9.533674755637108,1,1662610229260
412,0.3590498028533977,3.4298400263858166,9.552546747355386,1,1662610229319
413,0.2612881678259842,3.4034745326363067,13.025750691102834,1,1662610229375
414,0.066820566073318,3.2874218678822085,49.19775543767659,1,1662610229429
415,0.049449839687074906,3.318554242208601,67.10950456480444,1,1662610229484
416,0.06001567622969149,3.091815137007367,51.516792465595124,1,1662610229541
417,0.039595021862291,3.0762752135776448,77.69348440510367,1,1662610229597
418,0.07518505485203603,2.7545252686543558,36.63660649147964,1,1662610229652
419,0.08115828860427352,2.7386723616144573,33.744826421466065,1,1662610229708
420,0.08743935070006228,2.6191223019880696,29.953588184480925,1,1662610229764
421,0.08141371777492057,2.524566823473345,31.00910869164405,1,1662610229817
422,0.07449939139261255,2.4570487355668047,32.98078936803836,1,1662610229878
423,0.10623494442306297,2.480069402088019,23.34513766215715,1,1662610229941
424,0.07133146770028542,2.554214569353273,35.807682803967495,1,1662610229993
425,0.09247916919006902,2.448127140778523,26.472200845003027,1,1662610230049
426,0.07527889354928968,2.4611625947508387,32.69392626154057,1,1662610230100
427,0.089294823645038,2.437199202061271,27.29384641319803,1,1662610230160
428,0.08809909455126562,2.5650825063502203,29.11587819847089,1,1662610230225
429,0.10762754003303891,2.7220742446834074,25.29161443110007,1,1662610230276
430,0.10689829302872678,2.6071719338228627,24.3892756371913,1,1662610230326
431,0.12271828383958124,2.6597495521804912,21.67362082456553,1,1662610230381
432,0.17123450125621853,2.6756088842581227,15.625407640570073,1,1662610230431
433,0.17178731215648466,2.9849368495698414,17.375770143320015,1,1662610230490
434,0.10644653311971797,3.2531174259262827,30.56104628853977,1,1662610230542
435,0.11860480066257206,3.568431440080045,30.086736962967887,1,1662610230599
436,0.2152088424136584,3.856718425068918,17.920817666291896,1,1662610230668
437,0.45681838968316224,3.756740350507876,8.223706478002027,1,1662610230723
438,0.5083659889384494,3.404465933469351,6.696879821914183,1,1662610230781
439,0.5529325838132093,3.4948442826145323,6.320561285270817,1,1662610230832
440,0.5457774908030909,2.994729183097647,5.4870881147755215,1,1662610230893
441,0.5718705692391843,3.0780660460968425,5.382452274457656,1,1662610230946
442,0.5871570106854905,3.0322418164109504,5.164277631413933,1,1662610230998
443,0.5188442796517322,3.1808900476766255,6.130722015113588,1,1662610231060
444,0.522867972092796,3.21120328568628,6.141518427363862,1,1662610231111
445,0.5008311415392054,3.089135050052543,6.16801710963639,1,1662610231176
446,0.464567131333092,3.167947428413847,6.8191381067431704,1,1662610231240
447,0.4853759745509537,3.1592485039636085,6.508868731886435,1,1662610231294
448,0.4966296993903879,3.1782373480824964,6.39961192813031,1,1662610231361
449,0.459799269610488,3.179271156644555,6.914476309059443,1,1662610231415
450,0.5235852849679894,3.320215358590158,6.341307622488182,1,1662610231468
451,0.4371480351485892,3.2980732186070156,7.5445225722814495,1,1662610231520
452,0.47808939317645227,3.3219873034988736,6.948464766029229,1,1662610231577
453,0.5319674072118669,3.3370703125461323,6.27307287496483,1,1662610231630
454,0.5154306119124936,3.4339122909139963,6.662220309679594,1,1662610231687
455,0.4415916476784493,3.289108438710389,7.448303100844417,1,1662610231750
456,0.33872381949958924,3.140874095411253,9.272669693118708,1,1662610231808
457,0.2126420063138549,3.178096382196626,14.94575995255531,1,1662610231874
458,0.12125644123299159,3.3578474561148925,27.692116162826043,1,1662610231924
459,0.26712581569045485,3.562900682180675,13.337912223015394,1,1662610231978
460,0.3520449385218734,4.186256644170376,11.89125644512078,1,1662610232033
461,0.4001699169849369,5.55934642465627,13.892464647375112,1,1662610232084
462,0.40669742350465043,4.8848958525929085,12.01113056113829,1,1662610232144
463,0.39252673735261234,5.631577277024261,14.346990258565075,1,1662610232195
464,0.3822793781796904,5.988723466317177,15.665829255121835,1,1662610232252
465,0.3978365207222714,6.069289864969704,15.25573834687404,1,1662610232313
466,0.4202211155998121,6.930305811189075,16.492045625305966,1,1662610232367
467,0.41408590884511454,6.176295033148776,14.91549193348419,1,1662610232431
468,0.41654252604918907,6.254174617285929,15.014492461562929,1,1662610232484
469,0.4301722600432275,6.392522813600779,14.860378986219153,1,1662610232546
470,0.42218732337033316,6.029004371227714,14.28040122829365,1,1662610232604
471,0.1845580008309805,5.767535128419185,31.25052884432322,1,1662610232651
472,0.2121817270837367,5.670339694040987,26.723977469573565,1,1662610232712
473,0.2654697196348862,4.059137828215915,15.290398595360145,1,1662610232767
474,0.26097755295624886,3.702902085537017,14.188584587417692,1,1662610232826
475,0.28060417404670407,3.416202406458055,12.174453277695928,1,1662610232881
476,0.2537893045670156,3.6611871468139605,14.426089204429761,1,1662610232934
477,0.25180794367943704,3.928805968245306,15.60239089695619,1,1662610232995
478,0.16421000375061096,3.330237040111333,20.280354205271387,1,1662610233058
479,0.31647586477743916,3.4403439352385203,10.870794010336091,1,1662610233105
480,0.29483699006390485,3.9600405379609565,13.43128803852811,1,1662610233160
481,0.4307674799767086,3.5283574167379044,8.190863007877663,1,1662610233212
482,0.36587458147440133,3.675585440708696,10.046025678790864,1,1662610233267
483,0.4469631333419949,4.279696060188318,9.57505382644993,1,1662610233325
484,0.3990527600958519,4.489330280673363,11.249966745236975,1,1662610233377
485,0.5005334958247354,4.25763316849119,8.506190302960313,1,1662610233435
486,0.4913477597095703,3.6486635515469885,7.4258271854209115,1,1662610233492
487,0.38979154865225796,3.953914532752698,10.143664085134068,1,1662610233543
488,0.44051104710567424,3.5836693985529706,8.135254319043863,1,1662610233596
489,0.3554409647107164,3.645402782132481,10.25600069789191,1,1662610233650
490,0.4857884665265103,3.8508503799753258,7.927010716227406,1,1662610233710
491,0.4886138371724186,4.075627352178366,8.341203302312922,1,1662610233764
492,0.45099965758723903,3.651351874310519,8.09613003664913,1,1662610233823
493,0.4282156581312381,4.242339500102037,9.907016288511944,1,1662610233878
494,0.4650022429157924,4.325022766933149,9.301079366441616,1,1662610233930
495,0.3146200287108719,3.8055534203878643,12.095712520212992,1,1662610233991
496,0.3318226562236516,3.711797452578374,11.186088059269188,1,1662610234043
497,0.34850530016987413,3.879353412430064,11.131404344608608,1,1662610234102
498,0.3872512499984666,3.8473819373457094,9.935105276899542,1,1662610234158
499,0.4079744578579105,3.3147646582706347,8.124931829494832,1,1662610234212
500,0.3993416707475435,3.6569368248879717,9.157413545254135,1,1662610234268
501,0.37678909921628817,3.978627327868884,10.559295202924735,1,1662610234324
502,0.40493773214773143,3.6875098705061027,9.106362726308761,1,1662610234377
503,0.3990854286210722,3.4717493006013544,8.699263495029149,1,1662610234441
504,0.37431449879839507,3.5623927080717652,9.517111197956726,1,1662610234494
505,0.29300741584455275,3.630251589386017,12.389623583151732,1,1662610234547
506,0.2867925686855815,3.538480901282493,12.338119211037947,1,1662610234607
507,0.3502767245188438,4.059727794502341,11.590058688823728,1,1662610234658
508,0.267166078102803,4.597703447984804,17.209158739889315,1,1662610234717
509,0.34065958866547913,4.553940597483273,13.368009441105595,1,1662610234789
510,0.21892113878863617,4.548117659875381,20.775141610543578,1,1662610234841
511,0.48747485994818407,4.780138597363199,9.805918192112106,1,1662610234894
512,0.4618477555481655,4.618322912376347,9.999665164324282,1,1662610234948
513,0.5405666695239597,4.203558719910629,7.776207740688891,1,1662610235009
514,0.5150950804644792,4.406832437947726,8.55537667720284,1,1662610235060
515,0.4696592902246052,4.693258088747006,9.992899504878418,1,1662610235114
516,0.5009435242097197,4.828424797157911,9.638660974358647,1,1662610235182
517,0.5369940920489792,5.351817697567955,9.966250610220523,1,1662610235239
518,0.5198036973167004,5.112382495705126,9.835217644845471,1,1662610235295
519,0.5290123501647985,4.828622519692111,9.12761775445865,1,1662610235357
520,0.519247587907806,5.2483046812982,10.107518654915838,1,1662610235415
521,0.5408386481061539,5.333583477989761,9.861690721745358,1,1662610235481
522,0.5118197933462382,5.485757863758808,10.718143250954302,1,1662610235540
523,0.5653094536627948,5.991255087308887,10.598186618833108,1,1662610235596
524,0.5380913586654783,5.590020561768214,10.388608684651688,1,1662610235658
525,0.5214173593598758,6.48702949880996,12.441146007823443,1,1662610235712
526,0.5142354111805687,5.990236144183243,11.64882078118854,1,1662610235774
527,0.5211379413746668,5.8384045455909295,11.203184573723961,1,1662610235829
528,0.49730660396842075,5.83953023228743,11.742313867720613,1,1662610235884
529,0.5211016502062895,6.287602303194695,12.065980410358726,1,1662610235943
530,0.4660354149369256,7.176130312581606,15.398251039682986,1,1662610236001
531,0.4689091820165538,5.011063550880371,10.686639850664017,1,1662610236063
532,0.5531827220304475,5.387555299572113,9.73919662529803,1,1662610236123
533,0.5877492349534348,4.936527484497585,8.399036852661643,1,1662610236176
534,0.6209799536855709,5.405610231131313,8.704967364966516,1,1662610236236
535,0.579822996917168,5.043758083790947,8.698789303990793,1,1662610236290
536,0.6337591540685229,4.934428232400184,7.7859675883540245,1,1662610236346
537,0.6412808584029323,5.488433407706852,8.558548623103198,1,1662610236398
538,0.6156965123259435,4.9684498880548515,8.069641111471174,1,1662610236454
539,0.5918821782840272,5.876699613458583,9.9288335230775,1,1662610236512
540,0.6451245062791313,5.797695338190655,8.986940166991763,1,1662610236573
541,0.6432818319301552,5.38790011689137,8.37564477878238,1,1662610236634
542,0.6820499766864271,5.437276735661903,7.971962351025333,1,1662610236727
543,0.6544425141942067,4.456493693200247,6.809602977409527,1,1662610236777
544,0.5948191556335563,5.250404783823933,8.826892567425137,1,1662610236827
545,0.6738443755886827,5.0271948358647,7.460468645260786,1,1662610236890
546,0.6872254501996987,5.740755328753948,8.35352550911169,1,1662610236945
547,0.7026033881914875,5.248394158672755,7.469924351179414,1,1662610236997
548,0.7386506695213014,5.7580417165861,7.795351651569915,1,1662610237058
549,0.7616988011684689,5.664039302205,7.436061726126119,1,1662610237107
550,0.7070891747646048,5.415211058512309,7.658455611790512,1,1662610237161
551,0.7614992079739531,5.277999023191266,6.931063050260978,1,1662610237225
552,0.6342585807324373,5.16710774250542,8.146689535581025,1,1662610237275
553,0.6595128468035271,4.843235292542938,7.343655724095043,1,1662610237335
554,0.6754938918536291,5.2534487328475805,7.777196502001733,1,1662610237385
555,0.6720309411971673,4.677660554486629,6.960483911877279,1,1662610237440
556,0.6485883007598693,5.379410875188276,8.294030078689204,1,1662610237492
557,0.7433967025499679,6.417237567675581,8.632319117993724,1,1662610237552
558,0.6957885782320258,5.636797651120358,8.101308109200732,1,1662610237608
559,0.6787997290866277,5.394123419678532,7.94656094948167,1,1662610237663
560,0.6821488721245444,5.6622723646846795,8.30064022102624,1,1662610237722
561,0.7198543104413064,5.657237790236175,7.8588649233315095,1,1662610237784
562,0.6576610374074148,5.234302489122838,7.95896699271883,1,1662610237834
563,0.6985862465683292,5.086029245952224,7.280460030434847,1,1662610237898
564,0.7030819103645938,4.893113394374971,6.959521105922883,1,1662610237950
565,0.47230970465945604,4.957178164527255,10.495609375846874,1,1662610238006
566,0.39019447361537163,4.944565180996504,12.672053335820781,1,1662610238056
567,0.3584018546136314,4.342880774173611,12.117350170677478,1,1662610238107
568,0.4159341867298356,4.942560764629122,11.883035639577026,1,1662610238174
569,0.4103150736874016,5.716843513059319,13.932813780598991,1,1662610238225
570,0.4523689875937762,6.674953642519016,14.755550945311645,1,1662610238283
571,0.4515401887918509,7.153644237208268,15.842763091251495,1,1662610238350
572,0.33390621296469536,5.909606309987724,17.698401768320974,1,1662610238409
573,0.2688993843062888,7.981489151332455,29.682065549994608,1,1662610238467
574,0.3676107330658635,6.460277386154316,17.573690877509964,1,1662610238517
575,0.6632276708241506,4.8989154629849425,7.386476286336747,1,1662610238575
576,0.8125088725743043,4.921277684291647,6.056891008093692,1,1662610238634
577,0.9828152809473144,5.468384307523947,5.56400008580767,1,1662610238686
578,0.9620249320144894,5.273127810127223,5.481279782515868,1,1662610238743
579,0.9974426357310484,4.1515872101794775,4.162231552430767,1,1662610238793
580,0.6884239616777905,3.7776394539323377,5.487373572421381,1,1662610238849
581,0.6111179327645104,3.839967500352027,6.283513041388247,1,1662610238909
582,0.6729766512436122,4.156820244717808,6.1767674064713916,1,1662610238968
583,0.6333425814320346,5.416138224568901,8.551672322935575,1,1662610239030
584,0.7771160731723233,6.709439230555393,8.633767158059532,1,1662610239089
585,0.7119547572542536,7.124569899712303,10.007054278545924,1,1662610239141
586,0.7092635581459503,6.896164649410358,9.722993054143751,1,1662610239202
587,0.6368629808936841,4.607487544583117,7.2346606457131735,1,1662610239258
588,0.6330271955477492,5.607301064400467,8.857914958216844,1,1662610239323
589,0.6797653525107222,4.207460196933997,6.189577302511356,1,1662610239380
590,0.6767794650992763,4.672352424222473,6.9038034768638985,1,1662610239433
591,0.6053625010529786,4.517132977891523,7.461864535768798,1,1662610239497
592,0.5621604579244411,4.2788331853111945,7.611409029210489,1,1662610239548
593,0.5499559076472003,4.306630769664299,7.83086554718315,1,1662610239608
594,0.5710681817350703,4.558124330584897,7.981751525248695,1,1662610239661
595,0.5865261653777182,4.497458130857319,7.667958219666111,1,1662610239718
596,0.5688272711113911,4.1030803769480615,7.213227257777822,1,1662610239782
597,0.6427992625755996,3.669426386306046,5.7085105723413685,1,1662610239841
598,0.6956876991053003,4.371350370216521,6.28349527501832,1,1662610239895
599,0.7183015220437088,4.374285695263602,6.089762531503345,1,1662610239948
600,0.7245850633191835,4.056222663246838,5.597993760271664,1,1662610240009
601,0.6655788190056735,6.110329492137175,9.180474675058866,1,1662610240061
602,0.500759662955897,4.031828791545334,8.051424844697257,1,1662610240116
603,0.3716384674056935,4.548614117081484,12.239352263058544,1,1662610240178
604,0.489525158648929,4.6202080526903275,9.438142189549415,1,1662610240240
605,0.46681178280790125,5.034947289026871,10.78581876991484,1,1662610240295
606,0.4267048133938517,4.583451300992553,10.741503627619014,1,1662610240351
607,0.4563255451107613,5.454835457530616,11.953824448303886,1,1662610240402
608,0.4739935256337285,4.738091303082602,9.996109750123239,1,1662610240460
609,0.4429547906184742,4.374127391612234,9.874884489915715,1,1662610240512
610,0.4354507262927669,5.217893927546571,11.98274250675706,1,1662610240573
611,0.4419530815173155,3.9079993208576167,8.842566064797317,1,1662610240626
612,0.4511281572655287,3.323692238869942,7.367512280803293,1,1662610240683
613,0.44449742099547473,3.6844865455927973,8.289106688945914,1,1662610240749
614,0.4868869953117547,3.6136748105657497,7.421999037480774,1,1662610240800
615,0.5405784590421128,3.750423887040135,6.937797509885545,1,1662610240861
616,0.5250808492285424,3.9693226158509898,7.559450362135251,1,1662610240923
617,0.5300174193201974,3.946224420232653,7.445461745944307,1,1662610240980
618,0.5475351510278743,4.041727975815161,7.381677629696878,1,1662610241042
619,0.5556606569269771,4.280644498457916,7.703702691731985,1,1662610241092
620,0.5672340547003266,4.048787284965671,7.13777187990709,1,1662610241152
621,0.5387206545694249,3.636222362406799,6.7497363087239854,1,1662610241212
622,0.5523746740747735,3.7963160569816705,6.872719252272912,1,1662610241264
623,0.511680176596945,3.6599558517116972,7.1528193178268795,1,1662610241323
624,0.45520826763136135,3.5415580466177574,7.7800828729362985,1,1662610241376
625,0.44228010145130414,3.3495065647509423,7.573269866222388,1,1662610241442
626,0.4308494704274022,3.5138542044350625,8.155642389322942,1,1662610241497
627,0.427834156814931,3.3151652600882118,7.748715728469195,1,1662610241546
628,0.43969802648294143,3.493196020405342,7.944534225788399,1,1662610241605
629,0.42739986246343076,3.667330999730284,8.580561955712067,1,1662610241656
630,0.38603939894403017,4.281803830754088,11.091623918352655,1,1662610241707
631,0.2855827569173368,4.286416125702746,15.009366013451114,1,1662610241763
632,0.28851941127620717,4.033742056519057,13.980834213811182,1,1662610241823
633,0.3554729917868425,4.8091268622302925,13.528810833296895,1,1662610241876
634,0.5080024053107817,4.829499805793262,9.506844367870087,1,1662610241943
635,0.514828834332661,4.480340143807289,8.70258199429498,1,1662610241995
636,0.476447307878492,5.287420726476566,11.0975980744234,1,1662610242064
637,0.5037177833154661,5.615376216590563,11.147861764240691,1,1662610242114
638,0.5058425891216289,5.552095788336675,10.975935810342936,1,1662610242175
639,0.5046145921632333,8.60487454379931,17.052369625125298,1,1662610242229
640,0.5089616278470283,8.844185681096162,17.376920375133544,1,1662610242290
641,0.49031828144247624,11.417571163313047,23.2860400997562,1,1662610242348
642,0.5077314840925532,8.398201079455138,16.540634848486665,1,1662610242399
643,0.5064770687489171,10.844317583555876,21.411270623452214,1,1662610242457
644,0.5128932215629046,9.469175071309559,18.462273770073985,1,1662610242514
645,0.49776766851812115,11.203547607970592,22.507583992596594,1,1662610242578
646,0.47321710898690217,9.359461984526359,19.778367702223996,1,1662610242642
647,0.4716186445409599,8.999093650532755,19.081293232780975,1,1662610242690
648,0.451275441082186,9.076432121572106,20.112843056130572,1,1662610242748
649,0.45805742574639186,7.820134188182035,17.072388195517938,1,1662610242798
650,0.4514909913000672,6.741462820297993,14.931555557478495,1,1662610242858
651,0.4660221120539547,7.5848663241503695,16.27576487888243,1,1662610242909
652,0.44409231584126463,7.425387724957567,16.72036975215685,1,1662610242966
653,0.4209592472032526,8.857512724759838,21.04125941788172,1,1662610243025
654,0.425022162611692,8.261780904953298,19.438470818053343,1,1662610243079
655,0.5010634009186394,6.926930243018098,13.824458602081902,1,1662610243139
656,0.545516688068573,5.92486479426099,10.861014747758215,1,1662610243204
657,0.5166517588758872,6.050248451468528,11.71049618534629,1,1662610243262
658,0.4975497955610185,8.220287734567464,16.521537759448933,1,1662610243312
659,0.5324186822308539,8.09541002786698,15.204969881873629,1,1662610243366
660,0.586516312231632,6.476888347251295,11.04298075292642,1,1662610243424
661,0.5818846903208686,6.222661543197373,10.693977082926878,1,1662610243489
662,0.5617346744784163,6.047832199364187,10.76635015450976,1,1662610243540
663,0.3830489326256525,5.695973193620806,14.870092848391744,1,1662610243592
664,0.43256137685715057,5.307175817367679,12.269185603041775,1,1662610243656
665,0.4692463566684029,5.9616530159444405,12.704740124721512,1,1662610243710
666,0.45775131526302226,5.544116302995648,12.111633802319101,1,1662610243773
667,0.44418218365005957,8.014678458915263,18.04367386610327,1,1662610243829
668,0.4560778811513502,6.549177366001835,14.359778530519177,1,1662610243894
669,0.45389960325864476,6.6721540046808965,14.699625108239884,1,1662610243945
670,0.44582488485866417,6.921640978504508,15.525470231879975,1,1662610244007
671,0.45631819757806813,6.3038244565479395,13.814536632564307,1,1662610244061
672,0.45129455580764594,6.996087056915328,15.5022633596698,1,1662610244112
673,0.4319835203089244,8.45560233331742,19.573900243394853,1,1662610244181
674,0.4428638338039299,7.121580225008725,16.08074464748837,1,1662610244231
675,0.4277229068655334,8.078680079269532,18.88764887172454,1,1662610244284
676,0.4154858081064857,8.585975545310351,20.66490690606172,1,1662610244348
677,0.42372534633427306,8.27969559632798,19.540241498312927,1,1662610244397
678,0.4270767002992464,7.375438319227568,17.269587205435712,1,1662610244457
679,0.4433693462266959,7.20149001305325,16.242643011614767,1,1662610244509
680,0.4402382843882527,7.797372254638491,17.711708706737266,1,1662610244566
681,0.4238950091449585,6.753649593502756,15.932364023642526,1,1662610244623
682,0.4214933885716363,7.003301865766996,16.615448914868868,1,1662610244680
683,0.3899247966856447,5.831975626105627,14.956667736131012,1,1662610244742
684,0.2617292119625432,5.92736896549203,22.646952249030242,1,1662610244793
685,0.2618611175371171,5.5494238717157875,21.192240848545193,1,1662610244851
686,0.25383850505240024,5.66954491060226,22.33524385684468,1,1662610244906
687,0.2764484306781214,5.758416858456327,20.829985702328162,1,1662610244964
688,0.22958789162653978,5.960240035881523,25.960602685340113,1,1662610245029
689,0.23027417418538013,6.685961371344829,29.034786011054617,1,1662610245088
690,0.23575766800252723,5.227823901714123,22.174565714053816,1,1662610245145
691,0.23590992869442412,5.796376435205784,24.570294549636667,1,1662610245207
692,0.31084187935978674,5.6359845575612,18.131355302474475,1,1662610245260
693,0.313548470315828,5.640942725870642,17.990656182084667,1,1662610245318
694,0.4000450691782115,6.277569036143945,15.692154509089633,1,1662610245378
695,0.42598774355048485,5.7301049087206435,13.451337498496725,1,1662610245429
696,0.4253346104690706,6.6501787970783095,15.635169660292425,1,1662610245491
697,0.4247570330507796,9.132792452085159,21.50121538068408,1,1662610245540
698,0.4525616423499,8.114532726155344,17.930226441686717,1,1662610245596
699,0.41462778532939004,8.261787138798557,19.925792315715647,1,1662610245657
700,0.42436746083362653,7.948299312414572,18.729756746195736,1,1662610245707
701,0.4373432200127983,7.607544481612875,17.394906639664494,1,1662610245764
702,0.36896096146204604,5.659676419403622,15.339499325285168,1,1662610245815
703,0.4696392842616176,6.607758837964808,14.069859697435117,1,1662610245875
704,0.43916905878979895,5.623864181855996,12.805693090841736,1,1662610245925
705,0.47625541498407475,4.936270672511975,10.364754955441372,1,1662610245981
706,0.5424520569143509,4.668477610931142,8.606249255440208,1,1662610246039
707,0.6296555372233209,4.388482720972782,6.969656362152044,1,1662610246091
708,0.7155011077532434,4.705657345944312,6.576729644375566,1,1662610246144
709,0.7024851906665595,4.0871413309869515,5.818117428367181,1,1662610246206
710,0.6909631353016051,4.493022490911855,6.5025502249850895,1,1662610246258
711,0.5858047499437852,5.282200071344851,9.016997680288084,1,1662610246323
712,0.40608054474800254,7.509954605151491,18.493756232059507,1,1662610246381
713,0.3767536867597029,9.009032900449645,23.912262088083274,1,1662610246434
714,0.33271347871207935,5.973150686818976,17.952836506476398,1,1662610246483
715,0.39827413743952045,5.323456208477467,13.36631156293912,1,1662610246539
716,0.410357272430784,6.025911437916425,14.684548910809983,1,1662610246591
717,0.3676943492669407,5.166842692506544,14.052004614178857,1,1662610246648
718,0.37876130188586576,5.706284912585291,15.065649220692555,1,1662610246713
719,0.40103617566630123,5.468514207318796,13.635962387266279,1,1662610246763
720,0.38348533982387345,5.771714165783351,15.050677474226719,1,1662610246824
721,0.3353093997542198,7.409870045780375,22.098605202275195,1,1662610246873
722,0.2847349185322973,6.484246058633536,22.77292188839154,1,1662610246927
723,0.36544819150053,4.526300502123648,12.385614725684269,1,1662610246981
724,0.4024309443454609,5.434983840708649,13.505382518604403,1,1662610247035
725,0.4686905776656719,4.603180810384351,9.821364093365471,1,1662610247092
726,0.6107731554494771,3.6949324983862675,6.049598718311566,1,1662610247150
727,0.8360849332330758,5.860231200954875,7.00913384277099,1,1662610247726
728,0.784605344647487,5.150073258656069,6.5639028510185975,1,1662610247783
729,0.5554538375489908,4.761636676385676,8.572515580047103,1,1662610247842
730,0.5078380695038278,4.480919544732729,8.82352035779971,1,1662610247901
731,0.5172110808627481,5.017622960910334,9.701305997815341,1,1662610247959
732,0.5444944411529011,5.10700103284107,9.37934466700452,1,1662610248026
733,0.508472614444474,5.286861297933432,10.397534002316982,1,1662610248075
734,0.5056383316775448,4.621219001313716,9.13937633245091,1,1662610248127
735,0.5076303017566431,4.861256389137389,9.576371568669407,1,1662610248191
736,0.4610276901666557,5.272708466158484,11.436858519826579,1,1662610248246
737,0.48191389820963415,6.786525801478436,14.082444658041952,1,1662610248307
738,0.5118395249690166,5.238436018349348,10.23452813392332,1,1662610248362
739,0.3272673564311556,5.916053537726177,18.07712691617224,1,1662610248415
740,0.4135348169064379,6.396148957403193,15.467014374391406,1,1662610248474
741,0.4069565224481953,5.562449339108435,13.66841181373748,1,1662610248523
742,0.593865252827819,3.6324445691079927,6.116614083432757,1,1662610248579
743,0.4609874307814651,4.372359937434791,9.484770398235748,1,1662610248645
744,0.5374719071086151,4.570973641598664,8.504581506759456,1,1662610248701
745,0.5603016699833897,2.6859244833362994,4.7937113651935475,1,1662610248763
746,0.6895742181684356,5.40699502483677,7.8410631986766886,1,1662610250295
747,0.41584103531260624,4.567174801068697,10.982982469816497,1,1662610250347
748,0.42792191835505905,5.900317557733195,13.788304138320704,1,1662610250397
749,0.4879761168931216,5.611870756386057,11.500297990229694,1,1662610250458
750,0.4487558565305877,4.550196782915052,10.139581950179863,1,1662610250511
751,0.44075772352913,5.958765795866858,13.519367847159323,1,1662610250561
752,0.47808421160451864,5.12726256782449,10.724601322048823,1,1662610250623
753,0.44214724096468905,5.199162385426443,11.758893652898902,1,1662610250678
754,0.40086542453340784,5.141970118498539,12.827172920896325,1,1662610250741
755,0.4085525802574578,4.772068629205269,11.680427097530634,1,1662610250800
756,0.39457884394079085,5.156023915764812,13.067157540099913,1,1662610250859
757,0.41093102766322104,6.873676085868218,16.727079785032796,1,1662610250926
758,0.3918793013429346,8.169539430815092,20.847080728221233,1,1662610250978
759,0.39746814356682103,7.605107025735576,19.133878145524964,1,1662610251040
760,0.3920962740642146,8.861207092368266,22.599569744743466,1,1662610251095
761,0.4459438446354212,7.274495437638789,16.312581786135002,1,1662610251149
762,0.4573678871806647,7.050831778195873,15.416105887230179,1,1662610251206
763,0.4323603282463342,6.235830391409271,14.422762644995615,1,1662610251259
764,0.468550697789372,6.4901845297894365,13.851616400125339,1,1662610251312
765,0.4643135539283215,6.690714873633454,14.409906445820306,1,1662610251374
766,0.49469439734055437,5.708881862935975,11.540219362957334,1,1662610251430
767,0.48207683880242347,5.183888859409038,10.753241894563672,1,1662610251493
768,0.4771251087557321,4.659446442492142,9.765670171170097,1,1662610251544
769,0.4075181220983981,4.854389485537916,11.912082487379026,1,1662610251599
770,0.32328329910506365,4.666528396261085,14.434795763280405,1,1662610251653
771,0.3526615618405209,4.583781502808835,12.997678224092063,1,1662610251708
772,0.3411236337391942,5.00768269760135,14.679964101900866,1,1662610251761
773,0.307167748076501,5.184349936217879,16.87791107198762,1,1662610251823
774,0.29154051649434054,5.450900483848715,18.696888341262607,1,1662610251882
775,0.34829571927326963,4.665112909585877,13.394114975974404,1,1662610251939
776,0.3439345017970835,4.140103866635343,12.037477615659348,1,1662610251993
777,0.3324623573515695,5.11913595452057,15.397640789472083,1,1662610252055
778,0.36492693208764526,4.558516353713455,12.491586542093382,1,1662610252106
779,0.29945237421464754,4.972547524897355,16.60547036215192,1,1662610252166
780,0.3402604002322871,5.5537689768924,16.322113807839475,1,1662610252227
781,0.37437574703193155,4.6341949428905025,12.378459287575696,1,1662610252283
782,0.42535987823089194,4.661106406062306,10.958030234182512,1,1662610252339
783,0.15365452767705393,5.280435081901766,34.365632837061675,1,1662610252390
784,0.22225057519181365,5.428254162729043,24.424027510588804,1,1662610252444
785,0.30177006041977517,5.753258897506242,19.06504207045328,1,1662610252500
786,0.35788039980732633,5.582339855265664,15.598339160990802,1,1662610252557
787,0.42456057698546945,5.405635991099125,12.73230790640303,1,1662610252614
788,0.4161360692260284,5.324426123181569,12.794916175097416,1,1662610252673
789,0.43150280400880914,5.759616687183271,13.347808249852504,1,1662610252722
790,0.418486995555985,5.531888156281176,13.218781503429351,1,1662610252779
791,0.4122678772583531,6.9055792850000115,16.750223982822067,1,1662610252833
792,0.42589460221822634,6.559161054108708,15.400902054043469,1,1662610252890
793,0.42932667156094284,6.84321585307945,15.939414684391572,1,1662610252945
794,0.4362096116641401,5.870533144710875,13.458055457133982,1,1662610252995
795,0.4592336042161679,6.620451975655861,14.416305590170877,1,1662610253050
796,0.4589510236960776,6.60485711064063,14.391202480494822,1,1662610253106
797,0.46160030422720977,7.15624062330504,15.503110716717773,1,1662610253159
798,0.4370510576745953,6.733648373198754,15.407006240932763,1,1662610253217
799,0.45964079074969033,6.356082521459577,13.828369129494757,1,1662610253272
800,0.44155308889579314,6.6904950002566705,15.152187060876008,1,1662610253326
801,0.44390540801727196,5.889043517554523,13.266437874362156,1,1662610253390
802,0.4536227065705068,5.422757096220004,11.954333453052449,1,1662610253440
803,0.468135863938697,7.312360037163602,15.620166281729624,1,1662610253491
804,0.4392576313696173,7.622851533627389,17.353942172522146,1,1662610253546
805,0.4541501550966184,8.152295554463908,17.95066117004748,1,1662610253599
806,0.46495773640794924,7.818151036478065,16.81475631931092,1,1662610253659
807,0.46142203185194947,7.701509184787181,16.690813730494483,1,1662610253717
808,0.4561187702819842,7.7983704999554515,17.097236527087674,1,1662610253775
809,0.434974525705072,6.770032601282523,15.564204800979178,1,1662610253832
810,0.43482534807730355,8.011294388158161,18.42416598660184,1,1662610253889
811,0.4244636198866888,9.039024535143797,21.295169036057267,1,1662610253956
812,0.44768846272451346,8.182936094582933,18.2781929308246,1,1662610254007
813,0.44945753579988756,6.8730624748548195,15.291906192256882,1,1662610254061
814,0.4184645953533057,7.3419095249773525,17.544876212953326,1,1662610254123
815,0.4120942958171263,7.804011624111561,18.937441511140744,1,1662610254176
816,0.44563914534504345,7.514163319917189,16.861542345206733,1,1662610254236
817,0.43977193269086967,7.37056709801365,16.759976137892064,1,1662610254294
818,0.2601766404394853,7.945652816027541,30.53945505102187,1,1662610254341
819,0.27244723669523385,7.048548700906726,25.871243130982478,1,1662610254405
820,0.20241144580605336,6.1217146359247785,30.243915365292555,1,1662610254457
821,0.1527218654109599,4.897538351652357,32.0683507791995,1,1662610254517
822,0.2405419586404591,4.662193750171919,19.38203952658652,1,1662610254574
823,0.23156072866699035,5.060637853079804,21.854473693410917,1,1662610254631
824,0.17751494269265744,6.502571202655146,36.63112019765822,1,1662610254697
825,0.20502511875378837,6.646775034312043,32.41932049454904,1,1662610254755
826,0.2727507111785731,6.121372115577148,22.44310230806113,1,1662610254812
827,0.3756184339250012,5.649335157778756,15.040090281902257,1,1662610254872
828,0.33687903684805376,6.767864199790461,20.089894174219705,1,1662610254923
829,0.2828643137569613,8.680529513542254,30.687962713460617,1,1662610254980
830,0.2874263044043953,7.824468622234462,27.222521050911894,1,1662610255031
831,0.3326826318341255,7.553359435934001,22.704399668510746,1,1662610255093
832,0.3325522383465325,6.767241246778016,20.34940820252812,1,1662610255147
833,0.3120619041853596,8.685930267890612,27.833997522271456,1,1662610255208
834,0.3448069507634549,8.420627204378585,24.42128033015007,1,1662610255264
835,0.34629254635995377,7.5038702324120115,21.669164731637377,1,1662610255322
836,0.3569019527098116,7.9952601831917125,22.401839279631137,1,1662610255377
837,0.3343620358330247,8.473429112246983,25.342078956830147,1,1662610255429
838,0.36938428816660784,7.056524765383527,19.103478386716702,1,1662610255490
839,0.34299712264549725,6.672253350711741,19.452796860945714,1,1662610255543
840,0.3564813421692683,6.981259832274597,19.58380146852028,1,1662610255606
841,0.33907281446106824,8.15998767383953,24.065591005310292,1,1662610255665
842,0.35529941755649364,8.914104866787197,25.088993750939174,1,1662610255725
843,0.33209858435598444,7.735259512059418,23.292058070828173,1,1662610255776
844,0.340224294753638,8.714216290230942,25.613151161180447,1,1662610255836
845,0.33826784244510827,7.842407632862552,23.184017659423724,1,1662610255896
846,0.34224215519460677,8.167565052467987,23.864871490841686,1,1662610255957
847,0.3265747536223066,8.19426962313472,25.091558769456,1,1662610256011
848,0.3688535225443609,8.155991241273215,22.11173472063648,1,1662610256062
849,0.33044892817438365,8.50189060679748,25.7283043820644,1,1662610256117
850,0.39352529755594035,8.220576079697574,20.889574649337515,1,1662610256175
851,0.34193597334390674,8.440654057715946,24.68489634235309,1,1662610256230
852,0.36126589916291557,8.142646382369561,22.539205613474117,1,1662610256288
853,0.44031115748382466,8.543676854541962,19.403725545737107,1,1662610256345
854,0.4316806498552612,9.243727846098183,21.41334768931043,1,1662610256397
855,0.4393297221876564,7.742219922695769,17.622800215162172,1,1662610256455
856,0.4391148940269575,7.161975108273856,16.310025475551686,1,1662610256511
857,0.4781540724713847,8.24411456399349,17.2415441771373,1,1662610256566
858,0.4538249358677173,7.414253554941233,16.337254674569863,1,1662610256628
859,0.4588250131194034,7.344270736709045,16.006692152151242,1,1662610256692
860,0.47760049658775205,7.969861367339158,16.68729706999962,1,1662610256748
861,0.4788031055340191,7.150089670635543,14.93325667272124,1,1662610256811
862,0.46688913471590887,7.442839016341758,15.941341236973852,1,1662610256871
863,0.4643374828880137,6.995975536920689,15.066575055298603,1,1662610256925
864,0.4540241336746142,8.048014541523015,17.725962002034876,1,1662610256988
865,0.41286360321057103,6.567305731161945,15.90671999200775,1,1662610257040
866,0.4224681697208331,6.7068843703578,15.875478559224256,1,1662610257097
867,0.4101626731389122,6.854760633142036,16.712297539616664,1,1662610257148
868,0.4074846938643315,7.305059933657524,17.927200809387163,1,1662610257205
869,0.40784624067779973,7.435105221295453,18.230167351644706,1,1662610257258
870,0.4082803337584521,7.267245881380844,17.79964715537906,1,1662610257319
871,0.4146616675561422,6.573689942125414,15.85314114243604,1,1662610257374
872,0.4036091057737713,7.004539783543963,17.354761533725426,1,1662610257429
873,0.38788270559944293,6.4531390833900355,16.63683116115529,1,1662610257486
874,0.3949197485591894,5.712071269240305,14.46387852235806,1,1662610257544
875,0.3772859227479891,5.474767969206495,14.510925637857436,1,1662610257594
876,0.3590335151828274,6.289130294426046,17.516833466712683,1,1662610257657
877,0.34133343993257514,4.931605576115929,14.448058699112773,1,1662610257713
878,0.1946445163870902,5.233992647665263,26.89000823047285,1,1662610257771
879,0.18792711798354583,4.4850179498737965,23.86573049168182,1,1662610257823
880,0.2363305758957014,4.468884162423211,18.909462499661668,1,1662610257882
881,0.22808090059862413,4.100383687908443,17.977759984051808,1,1662610257940
882,0.241763914806788,4.019208623119131,16.62451828814564,1,1662610257991
883,0.22481401650808577,3.920602595453839,17.43931564566317,1,1662610258044
884,0.2489921832431772,4.069387621453896,16.343435237400787,1,1662610258092
885,0.21947197857462264,5.1919881118300735,23.656724405319682,1,1662610258148
886,0.3539109434134299,4.93393468718551,13.941175821234246,1,1662610258210
887,0.3390344568565048,4.611704275574516,13.602464830075972,1,1662610258272
888,0.3850174553598582,4.826499435551365,12.535793814959003,1,1662610258327
889,0.38615267566582506,4.977002657393828,12.888691367506944,1,1662610258387
890,0.3183228916794275,4.540983252293151,14.26533677278298,1,1662610258440
891,0.32932420824905684,4.469127319062052,13.570600663775682,1,1662610258494
892,0.34737401582180716,4.602437447942795,13.249227743918857,1,1662610258547
893,0.368722982851848,5.235430509812913,14.198817956288057,1,1662610258606
894,0.37064691770333635,4.600041896064853,12.410846216038681,1,1662610258661
895,0.35320704980859535,5.102966857896742,14.447522665988874,1,1662610258711
896,0.3780592975286036,4.208910852231284,11.132938350531749,1,1662610258779
897,0.38519196005458256,4.719682331008949,12.252805926531176,1,1662610258839
898,0.3759863398747191,3.823985276174734,10.17054310390348,1,1662610258892
899,0.37515589489122925,5.840218683573149,15.56744479589327,1,1662610258951
900,0.31560471670950874,6.417069518491037,20.332616018528913,1,1662610259005
901,0.33545570125701707,4.394125131177564,13.098972873950066,1,1662610259056
902,0.3277674393842709,4.840872255495781,14.76922864757288,1,1662610259115
903,0.3269306839398909,5.103358896305449,15.609911051492942,1,1662610259165
904,0.359800761487432,5.567112279019488,15.472764026415074,1,1662610259224
905,0.3666486483637367,5.354790335480181,14.604691328816571,1,1662610259282
906,0.3618851167454421,5.809300191548175,16.052885080749434,1,1662610259342
907,0.3865838670702576,5.961536814792654,15.421069844358525,1,1662610259402
908,0.41527357681979293,5.824014904386252,14.024525588618346,1,1662610259460
909,0.4118848230050287,5.3227584548045845,12.922929317887489,1,1662610259512
910,0.3731545604900349,6.399035781550782,17.148486067401734,1,1662610259564
911,0.3779521096062397,6.258074856722213,16.557851372339307,1,1662610259623
912,0.3383692187016474,7.501462717943904,22.169459582427976,1,1662610259684
913,0.37028711038614104,7.139015916023553,19.279677082410128,1,1662610259743
914,0.40370725019651826,6.097839564175328,15.104607512515559,1,1662610259803
915,0.4493539072051209,6.670001815862158,14.843538041870053,1,1662610259860
916,0.45295493482968097,7.391946223396955,16.319385561339466,1,1662610259915
917,0.40754701555950723,6.378721970194435,15.65149964707092,1,1662610259979
918,0.39295646677572593,6.539888252302489,16.642780575577174,1,1662610260040
919,0.3791938841978142,6.761642062932099,17.831622145584898,1,1662610260095
920,0.39124235197319673,6.970236515588553,17.81564925278353,1,1662610260158
921,0.3551056531287855,6.325305111255701,17.812459631448657,1,1662610260210
922,0.35570224666958683,7.201856761444932,20.2468689159975,1,1662610260265
923,0.3661675496957332,6.813969133709916,18.60888311750176,1,1662610260325
924,0.39663849437386317,6.573391686896533,16.57275272102206,1,1662610260377
925,0.39668343938335776,6.538577133089567,16.48311092405004,1,1662610260433
926,0.391739457073369,6.77218717305944,17.287477814089776,1,1662610260488
927,0.39841902774438276,8.180798762645477,20.533152768732986,1,1662610260540
928,0.3762900142594788,6.493672908425867,17.257096022612007,1,1662610260590
929,0.3684210946368504,6.201202196804287,16.831832615113314,1,1662610260655
930,0.33040910322464695,8.357837797386281,25.295422298651808,1,1662610260715
931,0.3623188866920999,7.2954056513071155,20.1353170349819,1,1662610260766
932,0.3481040681579096,7.336388158302222,21.075272682461826,1,1662610260837
933,0.36679500188062997,8.208312261424027,22.378473586985642,1,1662610260908
934,0.401463335358505,9.393556807828203,23.398293145349868,1,1662610260968
935,0.41080152911933115,9.427577315958574,22.949226445600733,1,1662610261025
936,0.3299355749050318,8.701095287111135,26.372103977013232,1,1662610261089
937,0.3956785402519528,13.230104736103938,33.436498041262276,1,1662610261139
938,0.34853007115024837,10.545562454664541,30.25725275257078,1,1662610261194
939,0.32844187858484514,21.07473716851243,64.16580388383169,1,1662610261258
940,0.38404509857647307,7.934215083603557,20.65959209742044,1,1662610261309
941,0.33630203184091156,12.053207217110414,35.84042341680591,1,1662610261367
942,0.29818157310637927,23.44687290182119,78.63287009172858,1,1662610261423
943,0.250999050035594,14.079659881639495,56.09447477846179,1,1662610261479
944,0.28412746273233735,8.058204740584918,28.361231480732155,1,1662610261541
945,0.27670403413304523,7.5285208294913275,27.207846293529112,1,1662610261592
946,0.31101876483324614,7.569080174144709,24.33640998543255,1,1662610261648
947,0.3319127407655838,6.930550834986929,20.8806411558684,1,1662610261701
948,0.42466966366850617,14.133908635882756,33.28212454307915,1,1662610261760
949,0.4108360441715455,7.342775633959433,17.872763936197966,1,1662610261822
950,0.31210446198227093,7.785524789187308,24.945253072445865,1,1662610261882
951,0.309925993421428,7.953177599084797,25.661537811932753,1,1662610261942
952,0.3103226553454719,8.495624697300997,27.376746592488068,1,1662610261996
953,0.31688680897246857,10.84590283563987,34.226425741130086,1,1662610262048
954,0.2635555428741213,13.007483619335977,49.353860964133,1,1662610262109
955,0.2227261825336712,16.736325444154204,75.14305347385033,1,1662610262165
956,0.3196193265350674,12.336991150586563,38.599014910423435,1,1662610262225
957,0.31690282042187023,27.627798896270907,87.18066585678214,1,1662610262280
958,0.2780342078953193,23.77857238639876,85.5239093289969,1,1662610262337
959,0.3124023245737113,8.005710066683971,25.62628199904775,1,1662610262394
960,0.29663394664779064,16.411465955140194,55.32565015098021,1,1662610262449
961,0.27513629519511196,10.45513975221599,37.99985656127907,1,1662610262510
962,0.2494876022992084,10.917260299907984,43.7587286875081,1,1662610262564
963,0.2174296293433315,9.96017281798717,45.808719115551604,1,1662610262622
964,0.1805961559659388,9.603004636970564,53.17391494634986,1,1662610262674
965,0.22764993269033745,8.524236749315719,37.44449492506934,1,1662610262731
966,0.1724452689728051,9.061370280085477,52.54635475974971,1,1662610262788
967,0.16332972741999946,8.89407285676616,54.45470948405621,1,1662610262842
968,0.2673352431497183,13.15172480450938,49.19562662055708,1,1662610262896
969,0.2939603631813076,9.179671984516858,31.227584172139085,1,1662610262957
970,0.30072818141745106,13.74322923247629,45.699838198398986,1,1662610263015
971,0.2749001577482272,11.0910166181326,40.3456175106692,1,1662610263071
972,0.2903111596974276,11.532255741510134,39.723776907265474,1,1662610263128
973,0.3174186558772727,11.111528790351594,35.00590965468575,1,1662610263192
974,0.29650546056038996,11.447845786678048,38.609224143939294,1,1662610263246
975,0.2888582820937444,13.990932199064735,48.43528147316267,1,1662610263305
976,0.3779414926622636,13.754748371750193,36.39385629468771,1,1662610263355
977,0.27205956171252355,12.792291423160329,47.02018683937132,1,1662610263406
978,0.22974471936008645,8.60461184746786,37.452925453235636,1,1662610263460
979,0.2795979367647019,8.650581263862628,30.939360153943486,1,1662610263515
980,0.29942034779874294,7.842648480709759,26.192770592802994,1,1662610263575
981,0.30611383421113153,8.300925216539701,27.117118825849676,1,1662610263627
982,0.2916336036308188,6.490653590527506,22.25619239250657,1,1662610263689
983,0.2843387697428397,5.280194786870256,18.570083818136176,1,1662610263747
984,0.2905150961504632,4.847294517513363,16.68517258395019,1,1662610263799
985,0.24992639891329255,4.636395725101507,18.55104440851813,1,1662610263860
986,0.2176345008495775,4.819482426076987,22.144845634599406,1,1662610263911
987,0.184765999802693,5.346400132004888,28.93606041000062,1,1662610263966
988,0.19305539551313572,4.6137116311077255,23.89838221741802,1,1662610264022
989,0.21546969668029364,5.1118166688953846,23.724063047622508,1,1662610264078
990,0.2660095789060541,4.968964563131815,18.679645235206703,1,1662610264138
991,0.2983061617988074,5.094877957991669,17.079358761043327,1,1662610264190
992,0.3555123866775446,5.502811863762844,15.4785376543124,1,1662610264246
993,0.37174760257222306,6.436628496375264,17.314512459094495,1,1662610264299
994,0.37039550611878724,6.359394461415366,17.16919983196525,1,1662610264354
995,0.38007234530390843,5.257297903120508,13.832361044097372,1,1662610264408
996,0.35051879042053946,6.383220378064129,18.210779428988037,1,1662610264463
997,0.4370725939916123,4.423955157747147,10.121785759534594,1,1662610264519
998,0.4137278605404303,4.904239104694942,11.853780159471977,1,1662610264571
999,0.382153714525697,4.791921773172257,12.539252115132943,1,1662610264624
1000,0.33635649856225813,5.579140631033326,16.58698629246389,1,1662610264688
1001,0.36952101671164217,5.822808458165731,15.757719303715797,1,1662610264743
1002,0.3386585800449452,5.674683079082017,16.756354078874658,1,1662610264799
1003,0.35349119461518697,5.062034377632715,14.320114488688414,1,1662610264855
1004,0.34806795471798446,7.306526168076062,20.99166576249755,1,1662610264909
1005,0.2925778203882944,9.604421275910179,32.826894612734755,1,1662610264961
1006,0.24965364838378085,5.739522038603466,22.989938563927446,1,1662610265015
1007,0.22591843241629067,8.133474204777247,36.00181763739413,1,1662610265077
1008,0.22303604054184212,7.775414987333301,34.86169754647619,1,1662610265129
1009,0.33387206546880066,8.035681086125138,24.068144409871415,1,1662610265188
1010,0.28630814312818026,8.375287566397377,29.25270470790542,1,1662610265245
1011,0.27819076857489844,7.476349240324485,26.87490055340063,1,1662610265305
1012,0.324257502816505,9.619667644658657,29.66675423421847,1,1662610265358
1013,0.3617446598805758,7.335138519904071,20.277116246375687,1,1662610265423
1014,0.3102730151111887,8.270372642582158,26.65514640265576,1,1662610265478
1015,0.3133786330059912,7.793590632972743,24.869566116282545,1,1662610265529
1016,0.34123899108206934,8.541217853363843,25.030017309216714,1,1662610265579
1017,0.39606250212720095,7.724812320326388,19.504023427710045,1,1662610265641
1018,0.3796318474479705,6.576921237369113,17.32447180493859,1,1662610265696
1019,0.3956326492773906,8.036254412732896,20.312414628597608,1,1662610265748
1020,0.36597186907070334,7.583290229042435,20.720964833440227,1,1662610265806
1021,0.33096991965557765,6.808823220768919,20.57233245805084,1,1662610265856
1022,0.35633957297159885,5.744762327734673,16.12159513979253,1,1662610265908
1023,0.35054131166940217,7.714800470257779,22.00824899501049,1,1662610265969
1024,0.3877493240411898,9.068241176687856,23.386865210175213,1,1662610266026
1025,0.3976027151713671,9.23068050506878,23.215838707465437,1,1662610266092
1026,0.3531600833513368,7.434068032785396,21.050136703557484,1,1662610266158
1027,0.3164783484266881,5.533508835137434,17.48463635078425,1,1662610266211
1028,0.30897947062788045,9.090109048610833,29.419783230706965,1,1662610266272
1029,0.36230311948644556,5.179809853834415,14.296895541988844,1,1662610266322
1030,0.3006077839249126,5.300521831911593,17.632683234961025,1,1662610266378
1031,0.2982436759889971,5.593365697359296,18.75434803038589,1,1662610266438
1032,0.32421799168667914,6.823410088071152,21.045747808669496,1,1662610266492
1033,0.32132181673793914,5.937997169945844,18.479906625166084,1,1662610266554
1034,0.2812956250036775,4.8561027139790856,17.263342485030115,1,1662610266609
1035,0.2984981253410397,4.478048658858145,15.001932269229131,1,1662610266661
1036,0.3093291235744642,4.278466809524975,13.831438695732858,1,1662610266715
1037,0.19849422550428747,14.171024023323026,71.3926260943895,1,1662610266773
1038,0.17245947010702273,10.464955680095091,60.680667020494035,1,1662610266831
1039,0.2018085188867098,11.175777765363247,55.37812688490641,1,1662610266889
1040,0.19290858522532578,9.654133044336152,50.04511869214995,1,1662610266941
1041,0.20840642401909298,10.114914365687865,48.53456131832671,1,1662610266995
1042,0.21242125320173502,20.380509574740074,95.94383456247121,1,1662610267046
1043,0.16980329655229448,15.71082786205215,92.52369171297963,1,1662610267107
1044,0.19318781306201535,14.250393690880466,73.76445472937746,1,1662610267172
1045,0.20809952541361676,12.31737299423953,59.189817803561205,1,1662610267226
1046,0.17441337960423203,14.862771870473411,85.21577819430532,1,1662610267281
1047,0.18158852688620214,22.724279007454147,125.14160116346444,1,1662610267340
1048,0.14176632174885287,15.647610330412958,110.37607618919247,1,1662610267393
1049,0.16445494027972712,12.23567792359522,74.40140078968216,1,1662610267447
1050,0.2608388336760149,14.955151132460331,57.33483362771037,1,1662610267508
1051,0.23302750560902066,16.264806237466072,69.79779573642078,1,1662610267564
1052,0.21808184463928948,13.107850817399674,60.10519050350224,1,1662610267621
1053,0.2867108234526994,12.68892093547803,44.256860563101164,1,1662610267678
1054,0.29147508949451884,9.816343527992865,33.678155979011926,1,1662610267739
1055,0.30211706311307085,12.623987675143903,41.78508669806322,1,1662610267792
1056,0.26703037535310103,11.785527019394435,44.13552953970174,1,1662610267844
1057,0.24664878640356297,10.556123654751058,42.798198234307506,1,1662610267904
1058,0.20967200703844877,9.786165956495775,46.67368856111169,1,1662610267963
1059,0.2906379458462657,8.010306887203626,27.56111857273006,1,1662610268020
1060,0.29055072886179656,6.525336627793076,22.458510613122296,1,1662610268072
1061,0.3046780802942732,5.325310837021071,17.478483624019233,1,1662610268124
1062,0.35898600077673337,5.660286012250717,15.767428256265228,1,1662610268184
1063,0.3208272277847005,5.4662842984201445,17.038093481543395,1,1662610268238
1064,0.3822807153998024,5.199689683900675,13.601757751401767,1,1662610268293
1065,0.34270213247831843,5.353024692907931,15.620050725090243,1,1662610268352
1066,0.3579762254759379,5.643145253276557,15.76402244527234,1,1662610268408
1067,0.3384977088480223,5.621291978085047,16.606587965441378,1,1662610268460
1068,0.34789268622659386,5.449072554384932,15.663084537614491,1,1662610268514
1069,0.3551447389775139,5.46382209206265,15.38477553628802,1,1662610268574
1070,0.314627344672617,6.639326140449441,21.102190425812925,1,1662610268624
1071,0.3158948957199817,5.570871902135402,17.63520708189468,1,1662610268676
1072,0.33084940857606493,5.725873123541271,17.306584128968897,1,1662610268742
1073,0.30197701772872987,5.174228477673936,17.134510820032062,1,1662610268794
1074,0.2705247125706892,4.840257450344388,17.892108282268698,1,1662610268852
1075,0.3423799455011407,4.514792353835451,13.186497670671569,1,1662610268911
1076,0.3409488372346905,4.276560869339895,12.543116157912412,1,1662610268964
1077,0.32962313979995783,4.598231513987506,13.949965760225716,1,1662610269030
1078,0.3201192336307409,4.318878810048846,13.491469291191338,1,1662610269089
1079,0.29399152229127623,6.326039909857721,21.517763031241795,1,1662610269147
1080,0.3670338683906245,9.270526066393058,25.257958092648497,1,1662610269205
1081,0.2756520101739116,9.090841605733692,32.97941342781498,1,1662610269263
1082,0.20769098025799,6.184663040082533,29.778197552922407,1,1662610269326
1083,0.2995853624388848,6.802578448035535,22.706644919687147,1,1662610269378
1084,0.33534495394520714,8.028877512126254,23.942144999259813,1,1662610269434
1085,0.3144099783875101,7.238345384162124,23.021996379646918,1,1662610269489
1086,0.37458045880097973,7.271664689942639,19.412824452239203,1,1662610269541
1087,0.400761115417418,6.185606266595602,15.43464679738927,1,1662610269607
1088,0.3453683182188273,7.064627452232999,20.45534312083835,1,1662610269661
1089,0.41890899221264266,7.542167410086024,18.00431012533037,1,1662610269722
1090,0.3816663764474989,7.2247857784677105,18.929584119290464,1,1662610269781
1091,0.3230366246557933,7.376005142320748,22.833340182959553,1,1662610269841
1092,0.3477975263558316,6.5120639231873865,18.72372121624837,1,1662610269894
1093,0.3625771931105912,7.625528809721039,21.031462967377387,1,1662610269955
1094,0.36108592399645445,7.205434347736514,19.95490233456806,1,1662610270009
1095,0.3903817761263318,7.939694299161637,20.338281099966782,1,1662610270059
1096,0.37364761664949864,10.372627435967724,27.760453897656735,1,1662610270113
1097,0.4935121539251147,5.2444011623910525,10.626690995713219,1,1662610270172
1098,0.4252430985224892,5.602995729827714,13.175982747974912,1,1662610270227
1099,0.4466300507262504,5.299206079281006,11.864866841503703,1,1662610270288
1100,0.44362152722746095,5.528262173315826,12.46166345413009,1,1662610270346
1101,0.430590044909259,6.053245797120434,14.05802542043459,1,1662610270403
1102,0.40938911797698935,5.256382019425497,12.839574352635685,1,1662610270460
1103,0.42032407369188074,5.392004456838058,12.828207552990829,1,1662610270514
1104,0.4180360574884814,5.1242901140820445,12.258009858930027,1,1662610270574
1105,0.3818574045995945,5.088649661151932,13.326046843291554,1,1662610270638
1106,0.41541965607447634,4.764487049844766,11.469093915456396,1,1662610270689
1107,0.482089384897128,4.561221429954341,9.461360429928675,1,1662610270757
1108,0.4465044573524678,4.2272229117371305,9.467370016421107,1,1662610270809
1109,0.36755246282100495,5.3473328918010425,14.548488808263407,1,1662610270861
1110,0.43717890928971737,5.071801289125299,11.601203034623586,1,1662610270923
1111,0.40437029317465634,4.505260539670996,11.141423135465283,1,1662610270972
1112,0.4333180665924454,4.416213942307203,10.191622004214391,1,1662610271029
1113,0.4141925438241808,5.0479485808056275,12.187444356671989,1,1662610271082
1114,0.4046433805820047,4.974555961257962,12.293679323514406,1,1662610271139
1115,0.44083506320283894,4.39352855790113,9.966377279475976,1,1662610271195
1116,0.4257157702449155,5.366967683076364,12.606927105351845,1,1662610271256
1117,0.4384039911707048,4.653530321719222,10.61470793021873,1,1662610271313
1118,0.404611259259545,5.059496214644233,12.504585818751847,1,1662610271371
1119,0.40839074403152736,4.852103788281218,11.881032709954464,1,1662610271421
1120,0.4140925313614703,4.826319079706726,11.655170557746015,1,1662610271472
1121,0.43996620294291555,4.359859223756722,9.909532129044926,1,1662610271528
1122,0.4700592152073755,4.717658449115953,10.03630669602907,1,1662610271581
1123,0.510515617977912,5.3564428818196586,10.492221380093822,1,1662610271642
1124,0.44702346843441865,5.551924363465677,12.419760382849299,1,1662610271702
1125,0.450959755379694,5.278361284831424,11.704728020324582,1,1662610271755
1126,0.46322284734908603,4.83775368027033,10.443685383731916,1,1662610271811
1127,0.4664407086954454,4.611815852518392,9.887249904530952,1,1662610271872
1128,0.4977383860176171,5.021299046993973,10.088229455576384,1,1662610271927
1129,0.47720074251899436,5.155852828032781,10.804368829806586,1,1662610271981
1130,0.4994153530127279,4.88839912699423,9.788243588237558,1,1662610272040
1131,0.4353235969999325,4.288494312107932,9.851279236095712,1,1662610272094
1132,0.44499493935220047,4.156198667581637,9.339878502061183,1,1662610272148
1133,0.43095375924444235,4.791080495180368,11.11738879730437,1,1662610272207
1134,0.44422834858805027,4.530476295821189,10.198530350935506,1,1662610272271
1135,0.4643700014253296,5.204570128590528,11.207808671136608,1,1662610272324
1136,0.43952500705373354,5.254591712107256,11.955159837958579,1,1662610272375
1137,0.4478644466876239,5.340899522205843,11.9252589967942,1,1662610272437
1138,0.46545054868005975,6.2249804604964885,13.37409629905797,1,1662610272498
1139,0.45123412296310705,5.867560971994448,13.003362718812337,1,1662610272561
1140,0.48793581387597734,5.667394957569626,11.61504197150438,1,1662610272614
1141,0.4733596927655406,5.897412617344102,12.458628623170805,1,1662610272676
1142,0.49183402084999217,5.938733088504386,12.074669170386,1,1662610272728
1143,0.4456291684126178,6.47949694107003,14.540109580687327,1,1662610272790
1144,0.43442405918419535,5.979047648690969,13.76315957251313,1,1662610272841
1145,0.434411519030447,6.3566149691520035,14.632703532676079,1,1662610272898
1146,0.4119368555903304,5.512874943592657,13.382815518393892,1,1662610272954
1147,0.42145690530744256,5.276955205772058,12.520746817335091,1,1662610273009
1148,0.3955318283196416,5.963392197894483,15.076895892876866,1,1662610273062
1149,0.4175996070921981,5.415331942130778,12.967761104562474,1,1662610273126
1150,0.4302310435731495,5.577597493322584,12.96419116342603,1,1662610273176
1151,0.4311183288009449,5.226652888486337,12.123476408491035,1,1662610273255
1152,0.39901121031099285,5.956201431951705,14.927403737126555,1,1662610273327
1153,0.4204703107504213,6.418085439230466,15.264063300393286,1,1662610273378
1154,0.39836324373430065,5.945403197087048,14.924577733011176,1,1662610273438
1155,0.39843575470348824,6.287805979242604,15.781229232105247,1,1662610273495
