,File_name,MissingFrames_per_min,Blink_per_min,blink_duration_per_min,Perclose_per_min,Avg_EAR,Multiplication of 4 features,F*G,Windowsize 4,,average,,Duration normalize,
0,VIDEO_18112022132601_1668758161824_EAR.csv,42,40,5.57500,0.12389,0.38788,10.7160,0.0481,,,,,0.199107142857143,0.009567843086421
1,VIDEO_18112022132700_1668758220821_EAR.csv,30,51,6.68627,0.18944,0.34069,22.0088,0.0645,,,0.0563,1.0000,0.238795518207283,0.01541229580913
2,VIDEO_18112022132759_1668758279823_EAR.csv,56,15,5.46667,0.04556,0.48731,1.8204,0.0222,,,0.0449,0.0000,0.195238095238095,0.004334183937909
3,VIDEO_18112022132858_1668758338982_EAR.csv,0,30,12.60000,0.21000,0.40913,32.4769,0.0859,0.0552,1.0000,0.0552,1.0000,0.45,0.038662972536429
4,VIDEO_18112022132957_1668758397827_EAR.csv,0,27,4.22222,0.06333,0.44105,3.1844,0.0279,0.0501,0.0000,0.0497,0.0000,0.150793650793651,0.004212171414799
5,VIDEO_18112022133056_1668758456943_EAR.csv,1,11,2.27273,0.01389,0.18711,0.0650,0.0026,0.0347,0.0000,0.0419,0.0000,0.081168831168831,0.00021093352511
6,VIDEO_18112022133155_1668758515992_EAR.csv,6,33,3.60606,0.06611,0.45338,3.5669,0.0300,0.0366,0.0000,0.0402,0.0000,0.128787878787879,0.003860258438554
7,VIDEO_18112022133254_1668758574829_EAR.csv,7,31,5.00000,0.08611,0.41056,5.4799,0.0354,0.0240,1.0000,0.0396,0.0000,0.178571428571429,0.00631323135728
8,VIDEO_18112022133353_1668758633830_EAR.csv,26,29,4.13793,0.06667,0.42178,3.3742,0.0281,0.0240,1.0000,0.0383,0.0000,0.147783251231527,0.00415542512817
9,VIDEO_18112022133452_1668758692845_EAR.csv,0,45,4.40000,0.11000,0.43298,9.4303,0.0476,0.0353,1.0000,0.0392,1.0000,0.157142857142857,0.007484370065633
10,VIDEO_18112022133551_1668758751830_EAR.csv,0,32,4.50000,0.08000,0.40226,4.6341,0.0322,0.0358,0.0000,0.0386,0.0000,0.160714285714286,0.005171940917877
11,VIDEO_18112022133650_1668758810845_EAR.csv,0,14,2.71429,0.02111,0.44488,0.3569,0.0094,0.0293,0.0000,0.0362,0.0000,0.096938775510204,0.000910433328186
12,VIDEO_18112022133749_1668758869829_EAR.csv,25,37,4.59459,0.09444,0.42465,6.8180,0.0401,0.0323,1.0000,0.0365,1.0000,0.164092664092664,0.006581128467625
13,VIDEO_18112022133848_1668758928833_EAR.csv,5,30,2.90000,0.04833,0.48170,2.0255,0.0233,0.0262,0.0000,0.0355,0.0000,0.103571428571429,0.002411357721721
14,VIDEO_18112022133947_1668758987822_EAR.csv,13,39,3.66667,0.07944,0.46047,5.2312,0.0366,0.0273,1.0000,0.0356,1.0000,0.130952380952381,0.004790469641363
15,VIDEO_18112022134046_1668759046835_EAR.csv,0,33,4.39394,0.08056,0.46936,5.4823,0.0378,0.0344,1.0000,0.0357,1.0000,0.156926406926407,0.005933260339457
16,VIDEO_18112022134145_1668759105952_EAR.csv,8,40,3.32500,0.07389,0.42878,4.2137,0.0317,0.0323,0.0000,0.0355,0.0000,0.11875,0.003762249837376
17,VIDEO_18112022134244_1668759164825_EAR.csv,0,31,3.45161,0.05944,0.46860,2.9805,0.0279,0.0335,0.0000,0.0351,0.0000,0.123271889400922,0.003433811617642
18,VIDEO_18112022134343_1668759223825_EAR.csv,0,41,4.21951,0.09611,0.42288,7.0313,0.0406,0.0345,1.0000,0.0354,1.0000,0.150696864111498,0.006124851421948
19,VIDEO_18112022134442_1668759282826_EAR.csv,0,23,5.73913,0.07333,0.42775,4.1406,0.0314,0.0329,0.0000,0.0352,0.0000,0.204968944099379,0.006429519001458
20,VIDEO_18112022134541_1668759341860_EAR.csv,1,30,3.50000,0.05833,0.41829,2.5620,0.0244,0.0311,0.0000,0.0346,0.0000,0.125,0.003050029543022
21,VIDEO_18112022134640_1668759400861_EAR.csv,3,34,3.05882,0.05778,0.46636,2.8023,0.0269,0.0308,0.0000,0.0343,0.0000,0.109243697478992,0.002943575975389
22,VIDEO_18112022134739_1668759459857_EAR.csv,0,29,3.24138,0.05222,0.41263,2.0256,0.0215,0.0261,0.0000,0.0337,0.0000,0.11576354679803,0.002494526208172
23,VIDEO_18112022134838_1668759518862_EAR.csv,5,26,2.92308,0.04222,0.49677,1.5941,0.0210,0.0235,0.0000,0.0332,0.0000,0.104395604395604,0.002189679199328
24,VIDEO_18112022134937_1668759577861_EAR.csv,0,33,2.90909,0.05333,0.46631,2.3875,0.0249,0.0236,1.0000,0.0329,0.0000,0.103896103896104,0.002583890761363
25,VIDEO_18112022135036_1668759636860_EAR.csv,0,20,5.70000,0.06333,0.41858,3.0221,0.0265,0.0235,1.0000,0.0326,0.0000,0.203571428571429,0.005396632568719
26,VIDEO_18112022135136_1668759696016_EAR.csv,0,24,7.45833,0.09944,0.43682,7.7757,0.0434,0.0289,1.0000,0.0330,1.0000,0.266369047619048,0.011571021589359
27,VIDEO_18112022135234_1668759754860_EAR.csv,0,36,5.13889,0.10278,0.41494,7.8896,0.0426,0.0344,1.0000,0.0334,1.0000,0.183531746031746,0.007826982350856
28,VIDEO_18112022135333_1668759813859_EAR.csv,0,31,6.32258,0.10889,0.38562,8.2300,0.0420,0.0386,1.0000,0.0337,1.0000,0.225806451612903,0.009481620567634
29,VIDEO_18112022135432_1668759872989_EAR.csv,0,31,3.25806,0.05611,0.43973,2.4920,0.0247,0.0382,0.0000,0.0334,0.0000,0.116359447004608,0.002871002947509
30,VIDEO_18112022135531_1668759931875_EAR.csv,33,28,3.25000,0.05056,0.43095,1.9826,0.0218,0.0328,0.0000,0.0330,0.0000,0.116071428571429,0.002528814952817
31,VIDEO_18112022135631_1668759991018_EAR.csv,0,19,2.89474,0.03056,0.46917,0.7885,0.0143,0.0257,0.0000,0.0324,0.0000,0.103383458646617,0.001482077602574
32,VIDEO_18112022135729_1668760049868_EAR.csv,5,16,3.31250,0.02944,0.47235,0.7371,0.0139,0.0187,0.0000,0.0319,0.0000,0.118303571428571,0.001645384124027
33,VIDEO_18112022135828_1668760108863_EAR.csv,0,19,2.84211,0.03000,0.50275,0.8144,0.0151,0.0163,0.0000,0.0314,0.0000,0.101503759398496,0.001530916307571
34,VIDEO_18112022135927_1668760167859_EAR.csv,0,34,2.58824,0.04889,0.49903,2.1470,0.0244,0.0169,1.0000,0.0312,0.0000,0.092436974789916,0.002255200705386
35,VIDEO_18112022140026_1668760226860_EAR.csv,0,20,4.45000,0.04944,0.46177,2.0320,0.0228,0.0191,1.0000,0.0309,0.0000,0.158928571428571,0.003628617797368
36,VIDEO_18112022140125_1668760285855_EAR.csv,2,20,5.60000,0.06222,0.44393,3.0937,0.0276,0.0225,1.0000,0.0308,0.0000,0.2,0.005524465617212
37,VIDEO_18112022140224_1668760344862_EAR.csv,0,30,5.80000,0.09667,0.38005,6.3924,0.0367,0.0279,1.0000,0.0310,1.0000,0.207142857142857,0.007610041132129
38,VIDEO_18112022140323_1668760403859_EAR.csv,0,22,4.04545,0.04944,0.45712,2.0116,0.0226,0.0274,0.0000,0.0308,0.0000,0.144480519480519,0.003265567098592
39,VIDEO_18112022140422_1668760462875_EAR.csv,0,22,4.59091,0.05611,0.44856,2.5421,0.0252,0.0280,0.0000,0.0306,0.0000,0.163961038961039,0.004126738530919
40,VIDEO_18112022140521_1668760521875_EAR.csv,0,27,4.25926,0.06389,0.42320,3.1094,0.0270,0.0279,0.0000,0.0306,0.0000,0.152116402116402,0.004112905228288
41,VIDEO_18112022140620_1668760580854_EAR.csv,0,14,3.64286,0.02833,0.45075,0.6513,0.0128,0.0219,0.0000,0.0301,0.0000,0.130102040816327,0.001661565279955
42,VIDEO_18112022140719_1668760639857_EAR.csv,0,29,4.03448,0.06500,0.43693,3.3228,0.0284,0.0233,1.0000,0.0301,0.0000,0.144088669950739,0.004092175266044
43,VIDEO_18112022140818_1668760698853_EAR.csv,0,18,2.83333,0.02833,0.44689,0.6458,0.0127,0.0202,0.0000,0.0297,0.0000,0.101190476190476,0.00128126366638
44,VIDEO_18112022140917_1668760757869_EAR.csv,1,20,7.00000,0.07778,0.44686,4.8658,0.0348,0.0221,1.0000,0.0298,1.0000,0.25,0.008688897205968
45,VIDEO_18112022141016_1668760816857_EAR.csv,0,27,10.40741,0.15611,0.32667,14.3300,0.0510,0.0317,1.0000,0.0303,1.0000,0.371693121693122,0.018954989811248
46,VIDEO_18112022141115_1668760875868_EAR.csv,184,20,3.65000,0.04056,0.35862,1.0617,0.0145,0.0282,0.0000,0.0299,0.0000,0.130357142857143,0.001895943811258
47,VIDEO_18112022141214_1668760934860_EAR.csv,0,18,2.50000,0.02500,0.45912,0.5165,0.0115,0.0279,0.0000,0.0295,0.0000,0.089285714285714,0.001024821432582
48,VIDEO_18112022141313_1668760993865_EAR.csv,0,25,3.40000,0.04722,0.46264,1.8570,0.0218,0.0247,0.0000,0.0294,0.0000,0.121428571428571,0.002652862420312
49,VIDEO_18112022141412_1668761052861_EAR.csv,0,17,6.94118,0.06556,0.42001,3.2490,0.0275,0.0189,1.0000,0.0294,0.0000,0.247899159663866,0.006825598698871
50,VIDEO_18112022141511_1668761111866_EAR.csv,0,25,3.48000,0.04833,0.41583,1.7486,0.0201,0.0202,0.0000,0.0292,0.0000,0.124285714285714,0.002497933892159
51,VIDEO_18112022141611_1668761171018_EAR.csv,0,26,4.34615,0.06278,0.42167,2.9913,0.0265,0.0240,1.0000,0.0291,0.0000,0.15521978021978,0.004108894423738
52,VIDEO_18112022141709_1668761229858_EAR.csv,6,22,3.68182,0.04500,0.45566,1.6609,0.0205,0.0237,0.0000,0.0290,0.0000,0.131493506493506,0.002696220836038
53,VIDEO_18112022141808_1668761288980_EAR.csv,0,10,2.60000,0.01444,0.47929,0.1800,0.0069,0.0185,0.0000,0.0286,0.0000,0.092857142857143,0.00064286301727
54,VIDEO_18112022141907_1668761347861_EAR.csv,0,24,3.54167,0.04722,0.43763,1.7566,0.0207,0.0186,1.0000,0.0284,0.0000,0.126488095238095,0.002613986955374
55,VIDEO_18112022142006_1668761406868_EAR.csv,0,42,3.95238,0.09222,0.38341,5.8696,0.0354,0.0209,1.0000,0.0285,1.0000,0.141156462585034,0.004991197131455
56,VIDEO_18112022142105_1668761465861_EAR.csv,0,32,4.50000,0.08000,0.42592,4.9066,0.0341,0.0243,1.0000,0.0286,1.0000,0.160714285714286,0.005476154450559
57,VIDEO_18112022142204_1668761524864_EAR.csv,0,48,4.58333,0.12222,0.39086,10.5099,0.0478,0.0345,1.0000,0.0290,1.0000,0.163690476190476,0.007819848751793
58,VIDEO_18112022142303_1668761583866_EAR.csv,2,40,6.45000,0.14333,0.35239,13.0313,0.0505,0.0419,1.0000,0.0293,1.0000,0.230357142857143,0.011635082424898
59,VIDEO_18112022142402_1668761642861_EAR.csv,12,48,4.18750,0.11167,0.38212,8.5766,0.0427,0.0438,0.0000,0.0295,1.0000,0.149553571428571,0.006381378335723
60,VIDEO_18112022142501_1668761701851_EAR.csv,0,29,3.24138,0.05222,0.43931,2.1565,0.0229,0.0410,0.0000,0.0294,0.0000,0.11576354679803,0.002655790397185
61,VIDEO_18112022142600_1668761760854_EAR.csv,0,29,3.65517,0.05889,0.43328,2.7046,0.0255,0.0354,0.0000,0.0294,0.0000,0.130541871921182,0.003330797713578
62,VIDEO_18112022142659_1668761819852_EAR.csv,50,28,3.92857,0.06111,0.44262,2.9754,0.0270,0.0295,0.0000,0.0293,0.0000,0.14030612244898,0.003795181879296
63,VIDEO_18112022142758_1668761878862_EAR.csv,7,26,3.23077,0.04667,0.48236,1.8909,0.0225,0.0245,0.0000,0.0292,0.0000,0.115384615384615,0.00259733716278
64,VIDEO_18112022142857_1668761937859_EAR.csv,0,33,3.48485,0.06389,0.45095,3.3132,0.0288,0.0260,1.0000,0.0292,0.0000,0.124458874458874,0.003585768374409
65,VIDEO_18112022142956_1668761996852_EAR.csv,0,29,3.68966,0.05944,0.46219,2.9398,0.0275,0.0265,1.0000,0.0292,0.0000,0.131773399014778,0.003620410166832
66,VIDEO_18112022143055_1668762055861_EAR.csv,0,35,4.08571,0.07944,0.44948,5.1063,0.0357,0.0286,1.0000,0.0293,1.0000,0.145918367346939,0.00521051006716
67,VIDEO_18112022143154_1668762114857_EAR.csv,0,29,3.51724,0.05667,0.43285,2.5019,0.0245,0.0291,0.0000,0.0292,0.0000,0.125615763546798,0.003081159198104
68,VIDEO_18112022143253_1668762173866_EAR.csv,8,35,3.40000,0.06611,0.44501,3.5010,0.0294,0.0293,1.0000,0.0292,1.0000,0.121428571428571,0.003572433320846
69,VIDEO_18112022143352_1668762232855_EAR.csv,5,47,3.00000,0.07833,0.45514,5.0270,0.0357,0.0313,1.0000,0.0293,1.0000,0.107142857142857,0.00381992428452
70,VIDEO_18112022143451_1668762291862_EAR.csv,0,31,3.32258,0.05722,0.44372,2.6153,0.0254,0.0287,0.0000,0.0293,0.0000,0.118663594470046,0.003012966610522
71,VIDEO_18112022143550_1668762350867_EAR.csv,0,28,3.14286,0.04889,0.44918,1.9325,0.0220,0.0281,0.0000,0.0292,0.0000,0.112244897959184,0.002464875678177
72,VIDEO_18112022143649_1668762409865_EAR.csv,0,28,3.00000,0.04667,0.43196,1.6933,0.0202,0.0258,0.0000,0.0290,0.0000,0.107142857142857,0.002159806942813
73,VIDEO_18112022143749_1668762469024_EAR.csv,11,32,4.00000,0.07111,0.43836,3.9900,0.0312,0.0247,1.0000,0.0291,1.0000,0.142857142857143,0.004453147575615
74,VIDEO_18112022143847_1668762527864_EAR.csv,0,26,3.61538,0.05222,0.42619,2.0921,0.0223,0.0239,0.0000,0.0290,0.0000,0.129120879120879,0.002873816138936
75,VIDEO_18112022143946_1668762586856_EAR.csv,0,41,4.75610,0.10833,0.40907,8.6416,0.0443,0.0295,1.0000,0.0292,1.0000,0.1698606271777,0.007527557859956
76,VIDEO_18112022144045_1668762645861_EAR.csv,0,19,3.47368,0.03667,0.45191,1.0936,0.0166,0.0286,0.0000,0.0290,0.0000,0.12406015037594,0.002055684352381
77,VIDEO_18112022144144_1668762704857_EAR.csv,0,25,4.64000,0.06444,0.42869,3.2047,0.0276,0.0277,0.0000,0.0290,0.0000,0.165714285714286,0.004578162927947
78,VIDEO_18112022144243_1668762763857_EAR.csv,0,16,3.75000,0.03333,0.47259,0.9452,0.0158,0.0261,0.0000,0.0288,0.0000,0.133928571428571,0.002109766002766
79,VIDEO_18112022144342_1668762822858_EAR.csv,0,19,3.68421,0.03889,0.45404,1.2360,0.0177,0.0194,0.0000,0.0287,0.0000,0.131578947368421,0.002323283996706
80,VIDEO_18112022144441_1668762881983_EAR.csv,0,15,3.60000,0.03000,0.46483,0.7530,0.0139,0.0187,0.0000,0.0285,0.0000,0.128571428571429,0.001792931133912
81,VIDEO_18112022144540_1668762940876_EAR.csv,0,19,3.89474,0.04111,0.47799,1.4542,0.0197,0.0168,1.0000,0.0284,0.0000,0.139097744360902,0.002733375470847
82,VIDEO_18112022144639_1668762999856_EAR.csv,0,28,5.35714,0.08333,0.44835,5.6043,0.0374,0.0222,1.0000,0.0285,1.0000,0.191326530612245,0.007148362521023
83,VIDEO_18112022144738_1668763058854_EAR.csv,0,21,3.95238,0.04611,0.43187,1.6529,0.0199,0.0227,0.0000,0.0284,0.0000,0.141156462585034,0.002810995941853
84,VIDEO_18112022144837_1668763117860_EAR.csv,0,24,4.25000,0.05667,0.45262,2.6161,0.0256,0.0256,1.0000,0.0284,0.0000,0.151785714285714,0.003893030578421
85,VIDEO_18112022144937_1668763177011_EAR.csv,0,12,3.41667,0.02278,0.22213,0.2074,0.0051,0.0220,0.0000,0.0281,0.0000,0.12202380952381,0.000617394908384
86,VIDEO_18112022145035_1668763235862_EAR.csv,0,32,4.18750,0.07444,0.42223,4.2120,0.0314,0.0205,1.0000,0.0281,1.0000,0.149553571428571,0.004700897309919
87,VIDEO_18112022145134_1668763294873_EAR.csv,15,31,4.25806,0.07333,0.42686,4.1320,0.0313,0.0234,1.0000,0.0282,1.0000,0.152073732718894,0.004760413256428
88,VIDEO_18112022145233_1668763353858_EAR.csv,0,33,5.09091,0.09333,0.40996,6.4282,0.0383,0.0265,1.0000,0.0283,1.0000,0.181818181818182,0.006956907621244
89,VIDEO_18112022145332_1668763412867_EAR.csv,0,25,4.40000,0.06111,0.44244,2.9742,0.0270,0.0320,0.0000,0.0283,0.0000,0.157142857142857,0.004248808539495
90,VIDEO_18112022145431_1668763471856_EAR.csv,0,26,4.65385,0.06722,0.42831,3.4838,0.0288,0.0313,0.0000,0.0283,1.0000,0.166208791208791,0.004785425465717
91,VIDEO_18112022145530_1668763530863_EAR.csv,0,19,3.89474,0.04111,0.44513,1.3542,0.0183,0.0281,0.0000,0.0282,0.0000,0.139097744360902,0.002545439597609
92,VIDEO_18112022145629_1668763589979_EAR.csv,0,17,3.23529,0.03056,0.45622,0.7667,0.0139,0.0220,0.0000,0.0280,0.0000,0.115546218487395,0.001610710106011
93,VIDEO_18112022145728_1668763648854_EAR.csv,0,8,2.75000,0.01222,0.49828,0.1340,0.0061,0.0168,0.0000,0.0278,0.0000,0.098214285714286,0.000598137828678
94,VIDEO_18112022145827_1668763707856_EAR.csv,921,9,6.00000,0.03000,0.16601,0.2689,0.0050,0.0108,0.0000,0.0275,0.0000,0.214285714285714,0.001067222209377
95,VIDEO_18112022145926_1668763766846_EAR.csv,1758,1,28.00000,0.01556,0.00630,0.0027,0.0001,0.0063,0.0000,0.0273,0.0000,1,9.80625294540691E-05
96,VIDEO_18112022150025_1668763825852_EAR.csv,1800,0,0.00000,0.00000,0.00000,0.0000,0.0000,0.0028,0.0000,0.0270,0.0000,0,0
97,VIDEO_18112022150124_1668763884851_EAR.csv,649,1,5.00000,0.00278,0.03645,0.0005,0.0001,0.0013,0.0000,0.0267,0.0000,0.178571428571429,1.80803711402627E-05
98,VIDEO_18112022155316_1668766996212_EAR.csv,1800,0,0.00000,0.00000,0.00000,0.0000,0.0000,0.0000,0.0000,0.0264,0.0000,0,0
99,VIDEO_18112022155415_1668767055991_EAR.csv,1800,0,0.00000,0.00000,0.00000,0.0000,0.0000,0.0000,0.0000,0.0262,0.0000,0,0
100,VIDEO_18112022155514_1668767114980_EAR.csv,1800,0,0.00000,0.00000,0.00000,0.0000,0.0000,0.0000,0.0000,0.0259,0.0000,0,0
101,VIDEO_18112022155613_1668767173980_EAR.csv,1800,0,0.00000,0.00000,0.00000,0.0000,0.0000,0.0000,0.0000,0.0257,0.0000,0,0
102,VIDEO_18112022155712_1668767232981_EAR.csv,287,31,13.00000,0.22389,0.28904,26.0796,0.0647,0.0162,1.0000,0.0260,1.0000,0.464285714285714,0.030045664763418
103,VIDEO_18112022155811_1668767291982_EAR.csv,19,40,5.45000,0.12111,0.41826,11.0429,0.0507,0.0288,1.0000,0.0263,1.0000,0.194642857142857,0.009859727854445
104,VIDEO_18112022155910_1668767350994_EAR.csv,207,15,4.73333,0.03944,0.43041,1.2054,0.0170,0.0331,0.0000,0.0262,0.0000,0.169047619047619,0.002869965336747
105,VIDEO_18112022160010_1668767410200_EAR.csv,0,10,2.80000,0.01556,0.46614,0.2030,0.0073,0.0349,0.0000,0.0260,0.0000,0.1,0.000725113429236
106,VIDEO_18112022160109_1668767469000_EAR.csv,0,0,0.00000,0.00000,0.00000,0.0000,0.0000,0.0187,0.0000,0.0258,0.0000,0,0
107,VIDEO_18112022160208_1668767528000_EAR.csv,0,10,5.40000,0.03000,0.35812,0.5801,0.0107,0.0087,1.0000,0.0256,0.0000,0.192857142857143,0.0020719579585
108,VIDEO_18112022160307_1668767587000_EAR.csv,0,16,4.06250,0.03611,0.45279,1.0628,0.0164,0.0086,1.0000,0.0255,0.0000,0.145089285714286,0.002372340357268
109,VIDEO_18112022160405_1668767645989_EAR.csv,0,15,2.53333,0.02111,0.41696,0.3345,0.0088,0.0090,0.0000,0.0254,0.0000,0.090476190476191,0.000796411570177
110,VIDEO_18112022160505_1668767705126_EAR.csv,0,14,5.64286,0.04389,0.43696,1.5150,0.0192,0.0138,1.0000,0.0253,0.0000,0.201530612244898,0.00386488698514
111,VIDEO_18112022160604_1668767764000_EAR.csv,0,23,3.39130,0.04333,0.45106,1.5246,0.0195,0.0160,1.0000,0.0253,0.0000,0.12111801242236,0.002367379555638
112,VIDEO_18112022160702_1668767822994_EAR.csv,0,16,6.12500,0.05444,0.40619,2.1672,0.0221,0.0174,1.0000,0.0253,0.0000,0.21875,0.004837566674056
113,VIDEO_18112022160802_1668767882000_EAR.csv,0,27,4.03704,0.06056,0.41837,2.7615,0.0253,0.0215,1.0000,0.0253,1.0000,0.144179894179894,0.00365273336692
114,VIDEO_18112022160900_1668767940997_EAR.csv,0,30,4.60000,0.07667,0.42254,4.4705,0.0324,0.0248,1.0000,0.0253,1.0000,0.164285714285714,0.005322027051928
115,VIDEO_18112022161000_1668768000148_EAR.csv,0,23,3.56522,0.04556,0.43466,1.6237,0.0198,0.0249,0.0000,0.0253,0.0000,0.127329192546584,0.002521274568903
116,VIDEO_18112022161059_1668768059146_EAR.csv,0,19,5.31579,0.05611,0.38625,2.1889,0.0217,0.0248,0.0000,0.0252,0.0000,0.18984962406015,0.004114564116634
117,VIDEO_18112022161158_1668768118001_EAR.csv,0,24,2.91667,0.03889,0.41407,1.1272,0.0161,0.0225,0.0000,0.0252,0.0000,0.104166666666667,0.001677353342273
118,VIDEO_18112022161257_1668768177130_EAR.csv,0,32,2.96875,0.05278,0.42753,2.1436,0.0226,0.0200,1.0000,0.0251,0.0000,0.106026785714286,0.00239240622074
119,VIDEO_18112022161355_1668768235993_EAR.csv,0,45,4.35556,0.10889,0.38664,8.2518,0.0421,0.0256,1.0000,0.0253,1.0000,0.155555555555556,0.006549012886854
120,VIDEO_18112022161454_1668768294996_EAR.csv,0,30,8.30000,0.13833,0.35614,12.2674,0.0493,0.0325,1.0000,0.0255,1.0000,0.296428571428571,0.014604038372418
121,VIDEO_18112022161553_1668768353996_EAR.csv,0,20,4.15000,0.04611,0.40787,1.5610,0.0188,0.0332,0.0000,0.0254,0.0000,0.148214285714286,0.002787540927496
122,VIDEO_18112022161652_1668768412997_EAR.csv,0,23,4.65217,0.05944,0.41765,2.6565,0.0248,0.0338,0.0000,0.0254,0.0000,0.166149068322981,0.004124960413214
123,VIDEO_18112022161751_1668768471990_EAR.csv,0,12,2.91667,0.01944,0.44858,0.3053,0.0087,0.0254,0.0000,0.0253,0.0000,0.104166666666667,0.000908575352836
124,VIDEO_18112022161851_1668768531146_EAR.csv,34,26,6.03846,0.08722,0.42938,5.8799,0.0375,0.0225,1.0000,0.0254,1.0000,0.215659340659341,0.00807682798886
125,VIDEO_18112022161949_1668768589999_EAR.csv,0,15,5.53333,0.04611,0.48538,1.8576,0.0224,0.0233,0.0000,0.0254,0.0000,0.197619047619048,0.004422970527846
126,VIDEO_18112022162049_1668768649236_EAR.csv,0,22,5.45455,0.06667,0.47243,3.7794,0.0315,0.0250,1.0000,0.0254,1.0000,0.194805194805195,0.006135403089127
127,VIDEO_18112022162148_1668768708429_EAR.csv,10,23,5.17391,0.06611,0.47516,3.7382,0.0314,0.0307,1.0000,0.0255,1.0000,0.184782608695652,0.005804677571679
128,VIDEO_18112022162247_1668768767527_EAR.csv,21,39,3.15385,0.06833,0.44966,3.7794,0.0307,0.0290,1.0000,0.0255,1.0000,0.112637362637363,0.003460991243506
129,VIDEO_18112022162346_1668768826604_EAR.csv,0,36,3.63889,0.07278,0.41215,3.9294,0.0300,0.0309,0.0000,0.0255,1.0000,0.129960317460317,0.003898182766109
130,VIDEO_18112022162445_1668768885444_EAR.csv,0,35,3.60000,0.07000,0.42785,3.7737,0.0299,0.0305,0.0000,0.0256,1.0000,0.128571428571429,0.003850665647389
131,VIDEO_18112022162544_1668768944439_EAR.csv,0,37,4.10811,0.08444,0.41020,5.2651,0.0346,0.0313,1.0000,0.0256,1.0000,0.146718146718147,0.005082163975599
132,VIDEO_18112022162643_1668769003573_EAR.csv,0,45,4.15556,0.10389,0.37385,7.2628,0.0388,0.0334,1.0000,0.0257,1.0000,0.148412698412698,0.005764141457752
133,VIDEO_18112022162742_1668769062449_EAR.csv,0,42,3.97619,0.09278,0.40353,6.2522,0.0374,0.0352,1.0000,0.0258,1.0000,0.142006802721088,0.005316501912467
134,VIDEO_18112022162841_1668769121443_EAR.csv,0,45,3.71111,0.09278,0.39658,6.1445,0.0368,0.0369,0.0000,0.0259,1.0000,0.132539682539683,0.004876579256062
135,VIDEO_18112022162940_1668769180439_EAR.csv,214,29,3.41379,0.05500,0.38710,2.1078,0.0213,0.0336,0.0000,0.0259,0.0000,0.12192118226601,0.002595755181034
136,VIDEO_18112022163039_1668769239450_EAR.csv,1718,0,0.00000,0.00000,0.02256,0.0000,0.0000,0.0239,0.0000,0.0257,0.0000,0,0
137,VIDEO_18112022163138_1668769298440_EAR.csv,56,30,4.80000,0.08000,0.44885,5.1708,0.0359,0.0235,1.0000,0.0257,1.0000,0.171428571428571,0.006155682690924
138,VIDEO_18112022163237_1668769357450_EAR.csv,2,24,3.70833,0.04944,0.41343,1.8193,0.0204,0.0194,1.0000,0.0257,0.0000,0.132440476190476,0.002707317766258
139,VIDEO_18112022163336_1668769416439_EAR.csv,0,24,7.70833,0.10278,0.43622,8.2943,0.0448,0.0253,1.0000,0.0258,1.0000,0.275297619047619,0.012342692696047
140,VIDEO_18112022163435_1668769475440_EAR.csv,0,22,3.22727,0.03944,0.46089,1.2907,0.0182,0.0298,0.0000,0.0258,0.0000,0.11525974025974,0.002095366964846
141,VIDEO_18112022163534_1668769534444_EAR.csv,69,33,3.96970,0.07278,0.40683,3.8787,0.0296,0.0283,1.0000,0.0258,1.0000,0.141774891774892,0.004197721394858
142,VIDEO_18112022163633_1668769593578_EAR.csv,0,33,4.33333,0.07944,0.42644,4.8446,0.0339,0.0316,1.0000,0.0259,1.0000,0.154761904761905,0.005243071859181
143,VIDEO_18112022163732_1668769652435_EAR.csv,0,32,3.18750,0.05667,0.41685,2.4094,0.0236,0.0263,0.0000,0.0259,0.0000,0.113839285714286,0.002689073799983
144,VIDEO_18112022163832_1668769712257_EAR.csv,0,32,3.43750,0.06111,0.42844,2.8801,0.0262,0.0283,0.0000,0.0259,1.0000,0.122767857142857,0.003214363239392
145,VIDEO_18112022163931_1668769771222_EAR.csv,25,21,4.00000,0.04667,0.44341,1.7382,0.0207,0.0261,0.0000,0.0258,0.0000,0.142857142857143,0.002956061570215
146,VIDEO_18112022164030_1668769830381_EAR.csv,0,26,2.92308,0.04222,0.42484,1.3633,0.0179,0.0221,0.0000,0.0258,0.0000,0.104395604395604,0.001872628870956
147,VIDEO_18112022164129_1668769889216_EAR.csv,3,31,3.61290,0.06222,0.43142,3.0065,0.0268,0.0229,1.0000,0.0258,1.0000,0.129032258064516,0.003463717107963
148,VIDEO_18112022164228_1668769948222_EAR.csv,34,21,4.23810,0.04944,0.42310,1.8619,0.0209,0.0216,0.0000,0.0257,0.0000,0.151360544217687,0.003166448636866
149,VIDEO_18112022164327_1668770007222_EAR.csv,0,21,3.04762,0.03556,0.45678,1.0394,0.0162,0.0205,0.0000,0.0257,0.0000,0.108843537414966,0.001767748849314
150,VIDEO_18112022164426_1668770066233_EAR.csv,0,24,3.83333,0.05111,0.46519,2.1874,0.0238,0.0219,1.0000,0.0257,0.0000,0.136904761904762,0.003255111133099
151,VIDEO_18112022164525_1668770125381_EAR.csv,23,22,4.50000,0.05500,0.44324,2.4134,0.0244,0.0213,1.0000,0.0257,0.0000,0.160714285714286,0.003917927698321
152,VIDEO_18112022164624_1668770184231_EAR.csv,0,12,3.58333,0.02389,0.46007,0.4726,0.0110,0.0188,0.0000,0.0256,0.0000,0.12797619047619,0.0014065188162
153,VIDEO_18112022164723_1668770243239_EAR.csv,7,33,3.60606,0.06611,0.43682,3.4365,0.0289,0.0220,1.0000,0.0256,1.0000,0.128787878787879,0.003719186878341
154,VIDEO_18112022164822_1668770302229_EAR.csv,0,29,3.00000,0.04833,0.44171,1.8574,0.0213,0.0214,0.0000,0.0256,0.0000,0.107142857142857,0.002287410206277
155,VIDEO_18112022164921_1668770361232_EAR.csv,0,26,3.38462,0.04889,0.42656,1.8352,0.0209,0.0205,1.0000,0.0255,0.0000,0.120879120879121,0.002520836622889
156,VIDEO_18112022165020_1668770420225_EAR.csv,3,20,2.95000,0.03278,0.46274,0.8949,0.0152,0.0216,0.0000,0.0255,0.0000,0.105357142857143,0.001598030564227
157,VIDEO_18112022165119_1668770479220_EAR.csv,3,19,3.05263,0.03222,0.46125,0.8620,0.0149,0.0181,0.0000,0.0254,0.0000,0.109022556390977,0.001620341670619
158,VIDEO_18112022165218_1668770538219_EAR.csv,0,18,2.55556,0.02556,0.51296,0.6030,0.0131,0.0160,0.0000,0.0253,0.0000,0.091269841269841,0.00119644900755
159,VIDEO_18112022165317_1668770597228_EAR.csv,0,16,3.56250,0.03167,0.47817,0.8631,0.0151,0.0146,1.0000,0.0253,0.0000,0.127232142857143,0.001926571056185
160,VIDEO_18112022165416_1668770656215_EAR.csv,2,35,3.71429,0.07222,0.49198,4.6191,0.0355,0.0197,1.0000,0.0253,1.0000,0.13265306122449,0.004713398965064
161,VIDEO_18112022165515_1668770715214_EAR.csv,1,36,3.52778,0.07056,0.46184,4.1384,0.0326,0.0241,1.0000,0.0254,1.0000,0.125992063492063,0.004105507566079
162,VIDEO_18112022165614_1668770774327_EAR.csv,0,23,3.04348,0.03889,0.47354,1.2891,0.0184,0.0254,0.0000,0.0253,0.0000,0.108695652173913,0.002001680677389
163,VIDEO_18112022165713_1668770833572_EAR.csv,8,23,2.91304,0.03722,0.51506,1.2845,0.0192,0.0264,0.0000,0.0253,0.0000,0.104037267080745,0.001994581751382
164,VIDEO_18112022165812_1668770892415_EAR.csv,81,16,8.31250,0.07389,0.48657,4.7816,0.0360,0.0265,1.0000,0.0254,1.0000,0.296875,0.010673310385438
165,VIDEO_18112022165911_1668770951426_EAR.csv,81,13,4.53846,0.03278,0.49871,0.9645,0.0163,0.0225,0.0000,0.0253,0.0000,0.162087912087912,0.002649602315508
166,VIDEO_18112022170010_1668771010434_EAR.csv,0,9,2.44444,0.01222,0.50508,0.1358,0.0062,0.0194,0.0000,0.0252,0.0000,0.087301587301587,0.000538933455043
167,VIDEO_18112022170109_1668771069419_EAR.csv,752,7,6.42857,0.02500,0.28361,0.3191,0.0071,0.0164,0.0000,0.0251,0.0000,0.229591836734694,0.001627877088186
168,VIDEO_18112022170208_1668771128426_EAR.csv,19,16,4.75000,0.04222,0.47835,1.5350,0.0202,0.0125,1.0000,0.0250,0.0000,0.169642857142857,0.003426306063812
169,VIDEO_18112022170307_1668771187410_EAR.csv,0,8,5.37500,0.02389,0.46949,0.4823,0.0112,0.0112,1.0000,0.0250,0.0000,0.191964285714286,0.002153001967263
170,VIDEO_18112022170406_1668771246409_EAR.csv,6,15,6.80000,0.05667,0.49047,2.8349,0.0278,0.0166,1.0000,0.0250,1.0000,0.242857142857143,0.006749796805266
171,VIDEO_18112022170505_1668771305422_EAR.csv,0,9,3.00000,0.01500,0.48185,0.1951,0.0072,0.0166,0.0000,0.0249,0.0000,0.107142857142857,0.000774396197505
172,VIDEO_18112022170604_1668771364436_EAR.csv,0,8,4.00000,0.01778,0.45864,0.2609,0.0082,0.0136,0.0000,0.0248,0.0000,0.142857142857143,0.001164787751374
173,VIDEO_18112022170703_1668771423426_EAR.csv,0,25,4.68000,0.06500,0.41804,3.1792,0.0272,0.0176,1.0000,0.0248,1.0000,0.167142857142857,0.004541709138965
174,VIDEO_18112022170802_1668771482409_EAR.csv,0,18,3.44444,0.03444,0.43319,0.9251,0.0149,0.0144,1.0000,0.0247,0.0000,0.123015873015873,0.001835537468601
175,VIDEO_18112022170901_1668771541420_EAR.csv,0,23,3.91304,0.05000,0.45082,2.0287,0.0225,0.0182,1.0000,0.0247,0.0000,0.139751552795031,0.003150133005116
176,VIDEO_18112022171000_1668771600560_EAR.csv,0,23,3.04348,0.03889,0.46138,1.2560,0.0179,0.0206,0.0000,0.0247,0.0000,0.108695652173913,0.001950283710987
177,VIDEO_18112022171059_1668771659453_EAR.csv,0,21,4.00000,0.04667,0.47546,1.8638,0.0222,0.0194,1.0000,0.0247,0.0000,0.142857142857143,0.003169759778088
178,VIDEO_18112022171158_1668771718458_EAR.csv,0,24,3.54167,0.04722,0.46464,1.8650,0.0219,0.0212,1.0000,0.0247,0.0000,0.126488095238095,0.002775341747454
179,VIDEO_18112022171257_1668771777452_EAR.csv,0,15,4.66667,0.03889,0.47193,1.2847,0.0184,0.0201,0.0000,0.0246,0.0000,0.166666666666667,0.003058802309854
180,VIDEO_18112022171356_1668771836450_EAR.csv,0,11,3.36364,0.02056,0.50746,0.3859,0.0104,0.0182,0.0000,0.0245,0.0000,0.12012987012987,0.001253081394465
181,VIDEO_18112022171455_1668771895466_EAR.csv,1,8,5.12500,0.02278,0.48191,0.4501,0.0110,0.0154,0.0000,0.0245,0.0000,0.183035714285714,0.00200915519988
182,VIDEO_18112022171554_1668771954461_EAR.csv,55,9,9.11111,0.04556,0.47344,1.7686,0.0216,0.0153,1.0000,0.0245,0.0000,0.325396825396825,0.007018095120111
183,VIDEO_18112022171653_1668772013447_EAR.csv,11,16,3.68750,0.03278,0.49436,0.9560,0.0162,0.0148,1.0000,0.0244,0.0000,0.131696428571429,0.002134012516696
184,VIDEO_18112022171752_1668772072602_EAR.csv,0,7,3.28571,0.01278,0.47888,0.1407,0.0061,0.0137,0.0000,0.0243,0.0000,0.11734693877551,0.00071804586218
185,VIDEO_18112022171851_1668772131578_EAR.csv,0,10,2.80000,0.01556,0.52094,0.2269,0.0081,0.0130,0.0000,0.0242,0.0000,0.1,0.000810349040656
186,VIDEO_18112022171950_1668772190559_EAR.csv,7,23,3.26087,0.04167,0.47724,1.4914,0.0199,0.0126,1.0000,0.0242,0.0000,0.116459627329193,0.002315790443764
187,VIDEO_18112022172049_1668772249452_EAR.csv,51,22,4.13636,0.05056,0.45573,2.0966,0.0230,0.0143,1.0000,0.0242,0.0000,0.147727272727273,0.003403553768301
188,VIDEO_18112022172148_1668772308455_EAR.csv,0,14,3.14286,0.02444,0.50048,0.5383,0.0122,0.0158,0.0000,0.0241,0.0000,0.112244897959184,0.001373195763941
189,VIDEO_18112022172247_1668772367472_EAR.csv,0,12,4.58333,0.03056,0.50854,0.8546,0.0155,0.0177,0.0000,0.0241,0.0000,0.163690476190476,0.002543544919395
190,VIDEO_18112022172346_1668772426600_EAR.csv,0,10,3.20000,0.01778,0.49238,0.2801,0.0088,0.0149,0.0000,0.0240,0.0000,0.114285714285714,0.001000388142138
191,VIDEO_18112022172445_1668772485514_EAR.csv,0,8,2.62500,0.01167,0.49385,0.1210,0.0058,0.0106,0.0000,0.0239,0.0000,0.09375,0.000540148601672
192,VIDEO_18112022172544_1668772544458_EAR.csv,0,7,3.71429,0.01444,0.49781,0.1870,0.0072,0.0093,0.0000,0.0238,0.0000,0.13265306122449,0.000953846247312
193,VIDEO_18112022172643_1668772603457_EAR.csv,0,5,2.80000,0.00778,0.51237,0.0558,0.0040,0.0064,0.0000,0.0237,0.0000,0.1,0.000398512920886
194,VIDEO_18112022172742_1668772662493_EAR.csv,0,12,3.00000,0.02000,0.52442,0.3776,0.0105,0.0069,1.0000,0.0237,0.0000,0.107142857142857,0.001123748390101
195,VIDEO_18112022172841_1668772721484_EAR.csv,0,5,2.60000,0.00722,0.50147,0.0471,0.0036,0.0063,0.0000,0.0236,0.0000,0.092857142857143,0.000336302796838
196,VIDEO_18112022172940_1668772780492_EAR.csv,18,13,2.69231,0.01944,0.51485,0.3504,0.0100,0.0070,1.0000,0.0235,0.0000,0.096153846153846,0.000962600033804
197,VIDEO_18112022173039_1668772839483_EAR.csv,0,6,2.33333,0.00778,0.50551,0.0550,0.0039,0.0070,0.0000,0.0234,0.0000,0.083333333333333,0.000327643629116
198,VIDEO_18112022173138_1668772898493_EAR.csv,88,9,2.44444,0.01222,0.52333,0.1407,0.0064,0.0060,1.0000,0.0233,0.0000,0.087301587301587,0.000558403852148
199,VIDEO_18112022173237_1668772957489_EAR.csv,0,7,3.28571,0.01278,0.50475,0.1483,0.0064,0.0067,0.0000,0.0232,0.0000,0.11734693877551,0.000756843852823
200,VIDEO_18112022173336_1668773016491_EAR.csv,0,16,2.56250,0.02278,0.50159,0.4684,0.0114,0.0071,1.0000,0.0232,0.0000,0.091517857142857,0.001045591337082
201,VIDEO_18112022173435_1668773075489_EAR.csv,0,11,2.54545,0.01556,0.50207,0.2187,0.0078,0.0080,0.0000,0.0231,0.0000,0.090909090909091,0.000709997005902
202,VIDEO_18112022173534_1668773134482_EAR.csv,0,7,3.00000,0.01167,0.50074,0.1227,0.0058,0.0079,0.0000,0.0230,0.0000,0.107142857142857,0.000625925634688
203,VIDEO_18112022173633_1668773193483_EAR.csv,0,8,2.25000,0.01000,0.48996,0.0882,0.0049,0.0075,0.0000,0.0229,0.0000,0.080357142857143,0.000393721661543
204,VIDEO_18112022173732_1668773252487_EAR.csv,0,12,2.41667,0.01611,0.49805,0.2327,0.0080,0.0066,1.0000,0.0228,0.0000,0.086309523809524,0.00069256339694
205,VIDEO_18112022173831_1668773311478_EAR.csv,200,20,2.35000,0.02611,0.48824,0.5992,0.0127,0.0079,1.0000,0.0228,0.0000,0.083928571428572,0.001069954330725
206,VIDEO_18112022173930_1668773370486_EAR.csv,5,19,3.73684,0.03944,0.50011,1.4006,0.0197,0.0113,1.0000,0.0228,0.0000,0.133458646616541,0.002632680020476
207,VIDEO_18112022174029_1668773429496_EAR.csv,0,9,2.77778,0.01389,0.51070,0.1773,0.0071,0.0119,0.0000,0.0227,0.0000,0.099206349206349,0.000703670888024
208,VIDEO_18112022174128_1668773488602_EAR.csv,0,8,4.75000,0.02111,0.53026,0.4254,0.0112,0.0127,0.0000,0.0226,0.0000,0.169642857142857,0.001899054985267
209,VIDEO_18112022174227_1668773547493_EAR.csv,0,18,3.83333,0.03833,0.49198,1.3013,0.0189,0.0142,1.0000,0.0226,0.0000,0.136904761904762,0.002581902215382
210,VIDEO_18112022174326_1668773606482_EAR.csv,0,9,2.55556,0.01278,0.52587,0.1545,0.0067,0.0110,0.0000,0.0225,0.0000,0.091269841269841,0.000613278256382
211,VIDEO_18112022174425_1668773665482_EAR.csv,0,10,2.50000,0.01389,0.53925,0.1872,0.0075,0.0111,0.0000,0.0225,0.0000,0.089285714285714,0.000668712269167
212,VIDEO_18112022174524_1668773724483_EAR.csv,34,18,3.16667,0.03167,0.50543,0.9123,0.0160,0.0123,1.0000,0.0224,0.0000,0.113095238095238,0.001810103611875
213,VIDEO_18112022174623_1668773783490_EAR.csv,0,15,3.20000,0.02667,0.53720,0.6876,0.0143,0.0111,1.0000,0.0224,0.0000,0.114285714285714,0.001637195697714
214,VIDEO_18112022174722_1668773842488_EAR.csv,0,12,2.50000,0.01667,0.53828,0.2691,0.0090,0.0117,0.0000,0.0223,0.0000,0.089285714285714,0.000801008301023
215,VIDEO_18112022174821_1668773901481_EAR.csv,0,16,3.12500,0.02778,0.52882,0.7345,0.0147,0.0135,1.0000,0.0223,0.0000,0.111607142857143,0.001639433463616
216,VIDEO_18112022174920_1668773960483_EAR.csv,0,11,2.36364,0.01444,0.53275,0.2001,0.0077,0.0114,0.0000,0.0222,0.0000,0.084415584415585,0.000649605968664
217,VIDEO_18112022175019_1668774019476_EAR.csv,81,20,4.95000,0.05500,0.52425,2.8545,0.0288,0.0150,1.0000,0.0223,1.0000,0.176785714285714,0.005097368687275
218,VIDEO_18112022175118_1668774078446_EAR.csv,44,11,3.81818,0.02333,0.49772,0.4878,0.0116,0.0157,0.0000,0.0222,0.0000,0.136363636363636,0.001583641225489
219,VIDEO_18112022175217_1668774137227_EAR.csv,148,33,6.24242,0.11444,0.43517,10.2593,0.0498,0.0245,1.0000,0.0223,1.0000,0.222943722943723,0.011103127130416
220,VIDEO_18112022175316_1668774196228_EAR.csv,0,34,3.79412,0.07167,0.49304,4.5581,0.0353,0.0314,1.0000,0.0224,1.0000,0.135504201680672,0.00478793765273
221,VIDEO_18112022175415_1668774255242_EAR.csv,0,28,2.75000,0.04278,0.51296,1.6896,0.0219,0.0297,0.0000,0.0224,0.0000,0.098214285714286,0.002155152603932
222,VIDEO_18112022175514_1668774314231_EAR.csv,0,32,3.25000,0.05778,0.47312,2.8429,0.0273,0.0336,0.0000,0.0224,1.0000,0.116071428571429,0.003172898117096
223,VIDEO_18112022175613_1668774373230_EAR.csv,0,38,3.13158,0.06611,0.45618,3.5888,0.0302,0.0287,1.0000,0.0225,1.0000,0.111842105263158,0.003372962108663
224,VIDEO_18112022175712_1668774432226_EAR.csv,0,25,3.24000,0.04500,0.47604,1.7352,0.0214,0.0252,0.0000,0.0225,0.0000,0.115714285714286,0.002478829302976
225,VIDEO_18112022175811_1668774491230_EAR.csv,0,34,2.97059,0.05611,0.48743,2.7624,0.0274,0.0266,1.0000,0.0225,1.0000,0.10609243697479,0.002901666262072
226,VIDEO_18112022175910_1668774550231_EAR.csv,5,33,3.30303,0.06056,0.48469,3.1992,0.0294,0.0271,1.0000,0.0225,1.0000,0.117965367965368,0.003462367433795
227,VIDEO_18112022180009_1668774609222_EAR.csv,0,27,3.07407,0.04611,0.50586,1.9360,0.0233,0.0254,0.0000,0.0225,1.0000,0.10978835978836,0.00256087716207
228,VIDEO_18112022180108_1668774668225_EAR.csv,1,49,4.34694,0.11833,0.47252,11.9099,0.0559,0.0340,1.0000,0.0227,1.0000,0.155247813411079,0.008680651431313
229,VIDEO_18112022180207_1668774727267_EAR.csv,3,34,3.44118,0.06500,0.48185,3.6645,0.0313,0.0350,0.0000,0.0227,1.0000,0.122899159663866,0.003849250411574
230,VIDEO_18112022180306_1668774786227_EAR.csv,0,31,4.16129,0.07167,0.47821,4.4210,0.0343,0.0362,0.0000,0.0227,1.0000,0.148617511520737,0.005093345470483
231,VIDEO_18112022180405_1668774845227_EAR.csv,26,24,2.91667,0.03889,0.51409,1.3995,0.0200,0.0354,0.0000,0.0227,0.0000,0.104166666666667,0.002082536149538
232,VIDEO_18112022180504_1668774904231_EAR.csv,14,26,4.26923,0.06167,0.49996,3.4222,0.0308,0.0291,1.0000,0.0228,1.0000,0.152472527472527,0.004700819207648
233,VIDEO_18112022180603_1668774963224_EAR.csv,0,26,2.61538,0.03778,0.50027,1.2851,0.0189,0.0260,0.0000,0.0228,0.0000,0.093406593406593,0.001765294073216
234,VIDEO_18112022180702_1668775022230_EAR.csv,0,10,2.60000,0.01444,0.53604,0.2013,0.0077,0.0194,0.0000,0.0227,0.0000,0.092857142857143,0.000718975591341
235,VIDEO_18112022180801_1668775081228_EAR.csv,251,36,5.08333,0.10167,0.37893,7.0500,0.0385,0.0240,1.0000,0.0228,1.0000,0.181547619047619,0.006994008497723
,,,,,,,,,,,,,,
,,Xmin,0,0.00000,0.00000,,,,,,,,,
,,Xmax,51,28.00000,0.22389,,,,,,,,,
,,Xmax â€“ Xmin,51,28.00000,0.22389,,,,,,,,,
