,File_name,MissingFrames_per_min,Blink_per_min,blink_duration_per_min,Perclose_per_min,Avg_EAR
0,VIDEO_23112022095805_1669177685396_EAR.csv,0,22,3.0,0.03666666666666667,0.4872356351356348
1,VIDEO_23112022095905_1669177745186_EAR.csv,29,12,3.1666666666666665,0.021456804065499716,0.4964080588698495
2,VIDEO_23112022100004_1669177804026_EAR.csv,0,22,5.136363636363637,0.06277777777777778,0.46842908761720653
3,VIDEO_23112022100103_1669177863023_EAR.csv,0,27,3.5925925925925926,0.05388888888888889,0.4830882373031795
4,VIDEO_23112022100202_1669177922019_EAR.csv,0,6,5.5,0.018333333333333333,0.459875027164574
5,VIDEO_23112022100301_1669177981021_EAR.csv,0,7,4.0,0.015555555555555555,0.44454554726405004
6,VIDEO_23112022100400_1669178040027_EAR.csv,0,7,3.2857142857142856,0.012777777777777779,0.49132329207312725
7,VIDEO_23112022100459_1669178099015_EAR.csv,0,11,2.5454545454545454,0.015555555555555555,0.4493489254242338
8,VIDEO_23112022100558_1669178158031_EAR.csv,3,14,3.2857142857142856,0.025598219254312743,0.44408472873510174
9,VIDEO_23112022100657_1669178217018_EAR.csv,0,6,4.833333333333333,0.01611111111111111,0.44257227836197216
10,VIDEO_23112022100756_1669178276025_EAR.csv,0,6,3.1666666666666665,0.010555555555555556,0.47027974837416686
11,VIDEO_23112022100855_1669178335031_EAR.csv,0,8,3.375,0.015,0.47860047502086855
12,VIDEO_23112022100954_1669178394264_EAR.csv,0,9,2.888888888888889,0.014444444444444444,0.4496570677779491
13,VIDEO_23112022101053_1669178453204_EAR.csv,0,12,3.0833333333333335,0.020555555555555556,0.42566267469468216
14,VIDEO_23112022101152_1669178512202_EAR.csv,0,8,2.625,0.011666666666666667,0.4160258466903488
15,VIDEO_23112022101251_1669178571205_EAR.csv,0,12,2.6666666666666665,0.017777777777777778,0.40787723416245614
16,VIDEO_23112022101350_1669178630201_EAR.csv,0,6,3.8333333333333335,0.012777777777777779,0.44280010943667325
17,VIDEO_23112022101449_1669178689204_EAR.csv,0,7,3.0,0.011666666666666667,0.4498526867955238
18,VIDEO_23112022101548_1669178748216_EAR.csv,0,6,2.6666666666666665,0.008888888888888889,0.4408584723053022
19,VIDEO_23112022101647_1669178807206_EAR.csv,0,6,3.8333333333333335,0.012777777777777779,0.4528452117965894
20,VIDEO_23112022101746_1669178866363_EAR.csv,0,5,2.0,0.005555555555555556,0.45852896718348557
21,VIDEO_23112022101845_1669178925196_EAR.csv,8,7,2.857142857142857,0.011160714285714286,0.4544170435780857
22,VIDEO_23112022101944_1669178984205_EAR.csv,0,1,3.0,0.0016666666666666668,0.46936758459429956
23,VIDEO_23112022102043_1669179043211_EAR.csv,0,6,2.5,0.008333333333333333,0.4398480405629214
24,VIDEO_23112022102142_1669179102208_EAR.csv,0,2,4.0,0.0044444444444444444,0.47491431588563315
25,VIDEO_23112022102241_1669179161476_EAR.csv,0,3,3.0,0.005,0.4874615206976786
26,VIDEO_23112022102340_1669179220235_EAR.csv,0,4,3.5,0.0077777777777777776,0.48097386404310744
27,VIDEO_23112022102439_1669179279245_EAR.csv,0,0,0.0,0.0,0.054375302626804074
28,VIDEO_23112022102538_1669179338246_EAR.csv,0,4,4.0,0.008888888888888889,0.4715708168931315
29,VIDEO_23112022102637_1669179397241_EAR.csv,0,7,2.7142857142857144,0.010555555555555556,0.4651987129417416
30,VIDEO_23112022102736_1669179456256_EAR.csv,0,4,6.75,0.015,0.4575431363538332
31,VIDEO_23112022102835_1669179515240_EAR.csv,0,8,4.375,0.019444444444444445,0.46607822483761163
32,VIDEO_23112022102934_1669179574232_EAR.csv,38,11,3.727272727272727,0.023269012485811577,0.4752040302480852
33,VIDEO_23112022103033_1669179633231_EAR.csv,0,18,3.7222222222222223,0.03722222222222222,0.46817507981778117
34,VIDEO_23112022103132_1669179692289_EAR.csv,0,7,2.4285714285714284,0.009444444444444445,0.49176213958008674
35,VIDEO_23112022103231_1669179751106_EAR.csv,12,13,3.3076923076923075,0.024049217002237135,0.5023966054828642
36,VIDEO_23112022103330_1669179810102_EAR.csv,0,8,4.0,0.017777777777777778,0.5552983858896222
37,VIDEO_23112022103429_1669179869098_EAR.csv,0,9,4.333333333333333,0.021666666666666667,0.48681941489632935
38,VIDEO_23112022103528_1669179928105_EAR.csv,0,7,4.428571428571429,0.017222222222222222,0.4626990312622417
39,VIDEO_23112022103627_1669179987106_EAR.csv,7,12,4.0,0.026770775237032907,0.459770575554159
40,VIDEO_23112022103726_1669180046107_EAR.csv,0,8,2.875,0.012777777777777779,0.47455079690675656
41,VIDEO_23112022103825_1669180105104_EAR.csv,0,9,2.888888888888889,0.014444444444444444,0.4655615192903903
42,VIDEO_23112022103924_1669180164110_EAR.csv,0,11,2.909090909090909,0.017777777777777778,0.4710125696516919
43,VIDEO_23112022104023_1669180223104_EAR.csv,22,17,3.0,0.028683914510686165,0.47441278415131755
44,VIDEO_23112022104122_1669180282143_EAR.csv,0,5,3.4,0.009444444444444445,0.4670602809624578
45,VIDEO_23112022104221_1669180341271_EAR.csv,0,17,3.0,0.028333333333333332,0.4969752130531376
46,VIDEO_23112022104320_1669180400137_EAR.csv,0,10,3.4,0.01888888888888889,0.45722480126082515
47,VIDEO_23112022104419_1669180459138_EAR.csv,0,9,15.222222222222221,0.07611111111111112,0.4306550497686314
48,VIDEO_23112022104518_1669180518135_EAR.csv,0,1,3.0,0.0016666666666666668,0.4727418306662982
49,VIDEO_23112022104617_1669180577134_EAR.csv,0,5,3.4,0.009444444444444445,0.439248960268069
50,VIDEO_23112022104716_1669180636162_EAR.csv,0,3,2.6666666666666665,0.0044444444444444444,0.4653330688686462
51,VIDEO_23112022104815_1669180695138_EAR.csv,0,6,3.0,0.01,0.48575393765048475
52,VIDEO_23112022104914_1669180754324_EAR.csv,0,3,4.0,0.006666666666666667,0.47067411213546745
53,VIDEO_23112022105013_1669180813173_EAR.csv,0,5,14.0,0.03888888888888889,0.43720065120582485
54,VIDEO_23112022105112_1669180872168_EAR.csv,0,5,3.2,0.008888888888888889,0.19567479039342267
55,VIDEO_23112022105211_1669180931168_EAR.csv,0,3,4.333333333333333,0.007222222222222222,0.4857504057964795
56,VIDEO_23112022105310_1669180990185_EAR.csv,0,3,3.0,0.005,0.4846674702807254
57,VIDEO_23112022105409_1669181049172_EAR.csv,0,4,3.25,0.007222222222222222,0.494859025202053
58,VIDEO_23112022105508_1669181108180_EAR.csv,0,8,3.625,0.01611111111111111,0.4339318833321074
59,VIDEO_23112022105607_1669181167167_EAR.csv,0,15,3.466666666666667,0.028888888888888888,0.4779803127866362
60,VIDEO_23112022105706_1669181226162_EAR.csv,0,8,4.0,0.017777777777777778,0.48281259210945504
61,VIDEO_23112022105805_1669181285171_EAR.csv,0,12,3.5833333333333335,0.02388888888888889,0.47548872168573975
62,VIDEO_23112022105904_1669181344181_EAR.csv,0,2,2.0,0.0022222222222222222,0.4772442706992214
63,VIDEO_23112022110003_1669181403170_EAR.csv,0,2,3.5,0.0038888888888888888,0.4598504048668691
64,VIDEO_23112022110102_1669181462189_EAR.csv,0,8,3.625,0.01611111111111111,0.4570788916069577
65,VIDEO_23112022110201_1669181521309_EAR.csv,0,4,3.25,0.007222222222222222,0.46566604491820235
66,VIDEO_23112022110300_1669181580173_EAR.csv,0,10,3.4,0.01888888888888889,0.4602290829518163
67,VIDEO_23112022110359_1669181639177_EAR.csv,0,6,3.0,0.01,0.44259840701624936
68,VIDEO_23112022110458_1669181698180_EAR.csv,0,5,3.6,0.01,0.42821378948488453
69,VIDEO_23112022110557_1669181757193_EAR.csv,0,11,3.090909090909091,0.01888888888888889,0.4546645504384112
70,VIDEO_23112022110656_1669181816175_EAR.csv,0,5,3.8,0.010555555555555556,0.4396425415760725
71,VIDEO_23112022110755_1669181875180_EAR.csv,0,4,4.0,0.008888888888888889,0.4541673909342575
72,VIDEO_23112022110854_1669181934181_EAR.csv,0,4,4.25,0.009444444444444445,0.4272017014872865
73,VIDEO_23112022110953_1669181993178_EAR.csv,0,17,3.0588235294117645,0.028888888888888888,0.43579832402899954
74,VIDEO_23112022111052_1669182052184_EAR.csv,0,6,3.0,0.01,0.48459650446379765
75,VIDEO_23112022111151_1669182111165_EAR.csv,29,15,3.3333333333333335,0.028232636928289104,0.5045650348411926
76,VIDEO_23112022111250_1669182170166_EAR.csv,29,20,3.45,0.03896103896103896,0.5154637008380365
77,VIDEO_23112022111349_1669182229174_EAR.csv,0,6,3.5,0.011666666666666667,0.4767023952605264
78,VIDEO_23112022111448_1669182288178_EAR.csv,0,4,4.0,0.008888888888888889,0.45142091142473884
79,VIDEO_23112022111547_1669182347171_EAR.csv,0,2,3.0,0.0033333333333333335,0.4421597000765899
80,VIDEO_23112022111646_1669182406170_EAR.csv,0,7,2.7142857142857144,0.010555555555555556,0.4602943178410058
81,VIDEO_23112022111745_1669182465177_EAR.csv,0,0,0.0,0.0,0.054935470974036046
82,VIDEO_23112022111844_1669182524406_EAR.csv,0,3,2.0,0.0033333333333333335,0.4765116204957241
83,VIDEO_23112022111943_1669182583424_EAR.csv,0,2,3.5,0.0038888888888888888,0.47048652864890267
84,VIDEO_23112022112042_1669182642266_EAR.csv,0,5,7.2,0.02,0.4715164032080184
85,VIDEO_23112022112141_1669182701275_EAR.csv,0,14,3.5,0.02722222222222222,0.46340122854207677
86,VIDEO_23112022112240_1669182760280_EAR.csv,0,4,3.5,0.0077777777777777776,0.4722910945789489
87,VIDEO_23112022112339_1669182819276_EAR.csv,0,1,5.0,0.002777777777777778,0.46864749629275776
88,VIDEO_23112022112438_1669182878279_EAR.csv,321,15,11.266666666666667,0.11426639621365788,0.4610131158430901
89,VIDEO_23112022112537_1669182937421_EAR.csv,1689,3,2.6666666666666665,0.07207207207207207,0.38038901835073974
90,VIDEO_23112022112636_1669182996367_EAR.csv,1231,3,3.0,0.015817223198594025,0.5163058860736134
91,VIDEO_23112022112735_1669183055369_EAR.csv,1153,3,13.0,0.06027820710973725,0.49762823734905676
92,VIDEO_23112022112834_1669183114573_EAR.csv,0,7,2.5714285714285716,0.01,0.5152287603524033
93,VIDEO_23112022112933_1669183173612_EAR.csv,920,19,6.2631578947368425,0.13522727272727272,0.448110881867637
94,VIDEO_23112022113032_1669183232863_EAR.csv,1786,1,1.0,0.0,0.0
95,VIDEO_23112022113131_1669183291766_EAR.csv,1265,12,39.916666666666664,0.8953271028037383,0.2463979915874439
96,VIDEO_23112022113230_1669183350778_EAR.csv,1319,13,8.0,0.21621621621621623,0.3382289986966304
97,VIDEO_23112022113329_1669183409771_EAR.csv,974,17,10.294117647058824,0.211864406779661,0.3113029646830335
98,VIDEO_23112022113428_1669183468776_EAR.csv,794,8,10.375,0.08250497017892644,0.2420077310178395
99,VIDEO_23112022113527_1669183527769_EAR.csv,1188,10,25.2,0.4117647058823529,0.24694497211815294
100,VIDEO_23112022113626_1669183586774_EAR.csv,1062,18,13.055555555555555,0.31842818428184283,0.350953119984641
101,VIDEO_23112022113725_1669183645770_EAR.csv,1800,0,0.0,0.0,0.0
102,VIDEO_23112022113824_1669183704769_EAR.csv,1800,0,0.0,0.0,0.0
103,VIDEO_23112022113923_1669183763770_EAR.csv,1800,0,0.0,0.0,0.0
104,VIDEO_23112022114022_1669183822773_EAR.csv,1800,0,0.0,0.0,0.0
105,VIDEO_23112022114121_1669183881815_EAR.csv,1635,0,0.0,0.0,0.0
106,VIDEO_23112022114320_1669184000277_EAR.csv,1800,0,0.0,0.0,0.0
107,VIDEO_23112022114419_1669184059920_EAR.csv,1800,0,0.0,0.0,0.0
108,VIDEO_23112022114518_1669184118858_EAR.csv,1800,0,0.0,0.0,0.0
109,VIDEO_23112022114617_1669184177856_EAR.csv,1800,0,0.0,0.0,0.0
110,VIDEO_23112022114716_1669184236856_EAR.csv,72,0,0.0,0.0,0.0
111,VIDEO_23112022114908_1669184348247_EAR.csv,1715,3,5.0,0.17647058823529413,0.36151381963329665
112,VIDEO_23112022115009_1669184409594_EAR.csv,1140,3,5.333333333333333,0.024242424242424242,0.024109378373947055
113,VIDEO_23112022115108_1669184468368_EAR.csv,1767,1,3.0,0.09090909090909091,0.43438088348447995
114,VIDEO_23112022115207_1669184527364_EAR.csv,1712,2,10.0,0.22727272727272727,0.3581853569794675
115,VIDEO_23112022115306_1669184586371_EAR.csv,232,21,4.476190476190476,0.05994897959183673,0.4140618397730195
116,VIDEO_23112022115405_1669184645431_EAR.csv,18,22,5.136363636363637,0.06341189674523008,0.4635985047314759
117,VIDEO_23112022115504_1669184704461_EAR.csv,10,26,6.1923076923076925,0.08994413407821229,0.5149684033201286
118,VIDEO_23112022115603_1669184763435_EAR.csv,34,13,6.230769230769231,0.045866364665911666,0.4705261123417852
119,VIDEO_23112022115702_1669184822505_EAR.csv,0,0,0.0,0.0,0.47040229153639357
120,VIDEO_23112022115801_1669184881442_EAR.csv,0,6,4.833333333333333,0.01611111111111111,0.4950943648334211
121,VIDEO_23112022115900_1669184940780_EAR.csv,0,13,3.076923076923077,0.022222222222222223,0.48068448470994257
122,VIDEO_23112022115959_1669184999961_EAR.csv,0,3,3.6666666666666665,0.006111111111111111,0.4934939656813833
123,VIDEO_23112022120059_1669185059202_EAR.csv,0,11,3.4545454545454546,0.021111111111111112,0.4946083380139279
124,VIDEO_23112022120158_1669185118312_EAR.csv,0,7,2.7142857142857144,0.010555555555555556,0.46857949403716853
125,VIDEO_23112022120257_1669185177331_EAR.csv,0,10,3.5,0.019444444444444445,0.46185754038381677
126,VIDEO_23112022120356_1669185236376_EAR.csv,0,4,3.75,0.008333333333333333,0.47271668610238204
127,VIDEO_23112022120455_1669185295605_EAR.csv,0,7,3.2857142857142856,0.012777777777777779,0.4636121678566459
128,VIDEO_23112022120554_1669185354815_EAR.csv,0,5,4.0,0.011111111111111112,0.4570118593714346
129,VIDEO_23112022120653_1669185413914_EAR.csv,0,0,0.0,0.0,0.4598795255101365
130,VIDEO_23112022120752_1669185472975_EAR.csv,0,2,7.0,0.0077777777777777776,0.46137267328287734
131,VIDEO_23112022120852_1669185532130_EAR.csv,0,2,7.5,0.008333333333333333,0.4584686261034639
132,VIDEO_23112022120951_1669185591439_EAR.csv,0,7,3.2857142857142856,0.012777777777777779,0.47510289494302893
133,VIDEO_23112022121050_1669185650414_EAR.csv,0,4,4.75,0.010555555555555556,0.4711688233164304
134,VIDEO_23112022121149_1669185709454_EAR.csv,0,1,3.0,0.0016666666666666668,0.48332256349046815
135,VIDEO_23112022121248_1669185768665_EAR.csv,9,10,4.4,0.024567280848687884,0.47404503573555046
136,VIDEO_23112022121347_1669185827555_EAR.csv,0,0,0.0,0.0,0.47255872744667005
137,VIDEO_23112022121446_1669185886763_EAR.csv,0,8,3.5,0.015555555555555555,0.4713057376912938
138,VIDEO_23112022121545_1669185945835_EAR.csv,0,9,2.7777777777777777,0.013888888888888888,0.46919538391636983
139,VIDEO_23112022121644_1669186004996_EAR.csv,0,9,3.3333333333333335,0.016666666666666666,0.4698634535254772
140,VIDEO_23112022121744_1669186064166_EAR.csv,0,4,2.5,0.005555555555555556,0.46767813209329406
141,VIDEO_23112022121843_1669186123162_EAR.csv,0,2,5.5,0.006111111111111111,0.4737243607119762
142,VIDEO_23112022121942_1669186182150_EAR.csv,0,2,5.0,0.005555555555555556,0.472551811268229
143,VIDEO_23112022122041_1669186241264_EAR.csv,0,3,2.0,0.0033333333333333335,0.49534125753056857
144,VIDEO_23112022122140_1669186300803_EAR.csv,0,3,4.0,0.006666666666666667,0.48228302169806164
145,VIDEO_23112022122240_1669186360089_EAR.csv,0,4,4.25,0.009444444444444445,0.4860155453518913
146,VIDEO_23112022122339_1669186419128_EAR.csv,0,4,6.25,0.013888888888888888,0.47229506809748734
147,VIDEO_23112022122438_1669186478229_EAR.csv,0,0,0.0,0.0,0.477697532923084
148,VIDEO_23112022122537_1669186537342_EAR.csv,0,3,3.6666666666666665,0.006111111111111111,0.4754924880311988
149,VIDEO_23112022122636_1669186596541_EAR.csv,0,1,7.0,0.0038888888888888888,0.48429766013254344
150,VIDEO_23112022122735_1669186655803_EAR.csv,0,2,3.5,0.0038888888888888888,0.4911633328262141
151,VIDEO_23112022122834_1669186714619_EAR.csv,0,1,4.0,0.0022222222222222222,0.472496006830178
152,VIDEO_23112022122933_1669186773610_EAR.csv,474,12,8.583333333333334,0.07767722473604827,0.44546519580842253
153,VIDEO_23112022123032_1669186832601_EAR.csv,370,23,2.9130434782608696,0.04685314685314685,0.4482374940941969
154,VIDEO_23112022123131_1669186891605_EAR.csv,1112,24,12.541666666666666,0.4375,0.38896288911436644
155,VIDEO_23112022123230_1669186950718_EAR.csv,0,16,7.0625,0.06277777777777778,0.4756519900241177
156,VIDEO_23112022123329_1669187009613_EAR.csv,0,1,4.0,0.0022222222222222222,0.4807542791679807
157,VIDEO_23112022123428_1669187068611_EAR.csv,0,1,3.0,0.0016666666666666668,0.48216139278744585
158,VIDEO_23112022123527_1669187127631_EAR.csv,0,6,3.0,0.01,0.48442001129391493
159,VIDEO_23112022123626_1669187186772_EAR.csv,0,0,0.0,0.0,0.482037531025566
160,VIDEO_23112022123725_1669187245621_EAR.csv,0,1,3.0,0.0016666666666666668,0.4790484887295984
161,VIDEO_23112022123824_1669187304606_EAR.csv,0,6,4.333333333333333,0.014444444444444444,0.49354360858384205
162,VIDEO_23112022123922_1669187362827_EAR.csv,0,2,4.5,0.005,0.4858120952166031
163,VIDEO_23112022124021_1669187421799_EAR.csv,0,3,2.6666666666666665,0.0044444444444444444,0.4893602440140526
164,VIDEO_23112022124120_1669187480836_EAR.csv,0,2,3.0,0.0033333333333333335,0.49086077524530997
165,VIDEO_23112022124219_1669187539865_EAR.csv,0,4,3.25,0.007222222222222222,0.4705213037399619
166,VIDEO_23112022124318_1669187598855_EAR.csv,0,3,3.0,0.005,0.490864335988865
167,VIDEO_23112022124418_1669187658146_EAR.csv,0,4,3.75,0.008333333333333333,0.4840083394944066
168,VIDEO_23112022124517_1669187717027_EAR.csv,0,4,2.25,0.005,0.484185191218032
169,VIDEO_23112022124616_1669187776015_EAR.csv,0,6,2.5,0.008333333333333333,0.4770962748667387
170,VIDEO_23112022124715_1669187835197_EAR.csv,387,36,8.5,0.21656050955414013,0.4226051140727543
171,VIDEO_23112022124814_1669187894014_EAR.csv,539,32,8.46875,0.21490880253766853,0.38266281716695466
172,VIDEO_23112022124913_1669187953006_EAR.csv,841,37,5.891891891891892,0.2273201251303441,0.3364560909772969
173,VIDEO_23112022125012_1669188012038_EAR.csv,430,34,4.676470588235294,0.11605839416058394,0.4107060256805844
174,VIDEO_23112022125111_1669188071007_EAR.csv,39,13,13.076923076923077,0.09653605905735378,0.5189274620609858
175,VIDEO_23112022125210_1669188130019_EAR.csv,1530,6,3.6666666666666665,0.08148148148148149,0.3028317116150821
176,VIDEO_23112022125309_1669188189005_EAR.csv,1800,0,0.0,0.0,0.0
177,VIDEO_23112022125408_1669188248004_EAR.csv,1800,0,0.0,0.0,0.0
178,VIDEO_23112022125507_1669188307008_EAR.csv,1743,3,3.6666666666666665,0.19298245614035087,0.4573999176374851
179,VIDEO_23112022125606_1669188366005_EAR.csv,1597,8,9.375,0.3694581280788177,0.2855377791861713
180,VIDEO_23112022125705_1669188425012_EAR.csv,674,32,4.28125,0.1216696269982238,0.4192162742767415
181,VIDEO_23112022125804_1669188484011_EAR.csv,1089,15,5.4,0.11392405063291139,0.3994038413113052
182,VIDEO_23112022125903_1669188543020_EAR.csv,57,13,3.230769230769231,0.024096385542168676,0.5081790234976075
183,VIDEO_23112022130002_1669188602008_EAR.csv,1013,21,4.142857142857143,0.11054637865311309,0.3478964146051065
184,VIDEO_23112022130101_1669188661006_EAR.csv,746,14,14.214285714285714,0.1888045540796964,0.4311119322248882
185,VIDEO_23112022130200_1669188720446_EAR.csv,0,13,10.0,0.07222222222222222,0.46965164354527605
186,VIDEO_23112022130259_1669188779765_EAR.csv,0,3,3.6666666666666665,0.006111111111111111,0.4910974449393513
187,VIDEO_23112022130358_1669188838790_EAR.csv,0,1,2.0,0.0011111111111111111,0.4854397297745064
188,VIDEO_23112022130457_1669188897708_EAR.csv,0,2,4.0,0.0044444444444444444,0.471354950232067
189,VIDEO_23112022130557_1669188957007_EAR.csv,0,5,4.6,0.012777777777777779,0.46649269258447806
190,VIDEO_23112022130656_1669189016068_EAR.csv,0,2,3.0,0.0033333333333333335,0.46212539135970515
191,VIDEO_23112022130755_1669189075313_EAR.csv,0,2,2.5,0.002777777777777778,0.4691361039731374
192,VIDEO_23112022130854_1669189134296_EAR.csv,0,1,2.0,0.0011111111111111111,0.4593226066890434
193,VIDEO_23112022130953_1669189193655_EAR.csv,0,5,3.6,0.01,0.459046928152264
194,VIDEO_23112022131052_1669189252914_EAR.csv,0,2,5.5,0.006111111111111111,0.46608940111239294
195,VIDEO_23112022131152_1669189312198_EAR.csv,0,2,6.5,0.007222222222222222,0.4785140229859303
196,VIDEO_23112022131251_1669189371526_EAR.csv,0,2,2.5,0.002777777777777778,0.46875433543892087
197,VIDEO_23112022131350_1669189430628_EAR.csv,0,6,3.8333333333333335,0.012777777777777779,0.468211727797085
198,VIDEO_23112022131449_1669189489721_EAR.csv,0,0,0.0,0.0,0.47273812636241547
199,VIDEO_23112022131548_1669189548829_EAR.csv,0,2,2.5,0.002777777777777778,0.4672970065577573
200,VIDEO_23112022131647_1669189607726_EAR.csv,0,1,2.0,0.0011111111111111111,0.4882174618481914
201,VIDEO_23112022131747_1669189667007_EAR.csv,0,6,2.6666666666666665,0.008888888888888889,0.47440110972678173
202,VIDEO_23112022131846_1669189726433_EAR.csv,0,0,0.0,0.0,0.4654053317300648
203,VIDEO_23112022131945_1669189785802_EAR.csv,0,5,2.8,0.0077777777777777776,0.47281968004585107
204,VIDEO_23112022132044_1669189844937_EAR.csv,0,1,5.0,0.002777777777777778,0.46830364923099826
205,VIDEO_23112022132144_1669189904259_EAR.csv,0,6,3.0,0.01,0.4572369578171957
206,VIDEO_23112022132243_1669189963337_EAR.csv,62,9,7.444444444444445,0.03855005753739931,0.4909325269387966
207,VIDEO_23112022132342_1669190022436_EAR.csv,0,2,10.0,0.011111111111111112,0.48087353679946215
208,VIDEO_23112022132441_1669190081558_EAR.csv,0,2,5.0,0.005555555555555556,0.46153092838088877
209,VIDEO_23112022132540_1669190140532_EAR.csv,0,3,3.6666666666666665,0.006111111111111111,0.47304199962956434
210,VIDEO_23112022132639_1669190199895_EAR.csv,0,7,3.0,0.011666666666666667,0.4665050627709589
211,VIDEO_23112022132739_1669190259180_EAR.csv,0,2,3.5,0.0038888888888888888,0.48393649145910234
212,VIDEO_23112022132838_1669190318269_EAR.csv,0,5,2.6,0.007222222222222222,0.4852204630491971
213,VIDEO_23112022132937_1669190377443_EAR.csv,0,5,3.2,0.008888888888888889,0.4822676296738319
214,VIDEO_23112022133036_1669190436576_EAR.csv,0,2,2.5,0.002777777777777778,0.4899052321862642
215,VIDEO_23112022133135_1669190495563_EAR.csv,0,9,3.4444444444444446,0.017222222222222222,0.4750820418560569
216,VIDEO_23112022133234_1669190554696_EAR.csv,0,21,3.619047619047619,0.042222222222222223,0.4545220409448354
217,VIDEO_23112022133333_1669190613710_EAR.csv,0,2,4.5,0.005,0.4655120457595169
218,VIDEO_23112022133432_1669190672893_EAR.csv,0,17,2.764705882352941,0.026111111111111113,0.47771668608753265
219,VIDEO_23112022133531_1669190731915_EAR.csv,0,6,2.8333333333333335,0.009444444444444445,0.4735394194750619
220,VIDEO_23112022133630_1669190790970_EAR.csv,0,5,5.6,0.015555555555555555,0.47165080643717083
221,VIDEO_23112022133730_1669190850210_EAR.csv,0,3,3.3333333333333335,0.005555555555555556,0.45534975931979543
222,VIDEO_23112022133829_1669190909327_EAR.csv,0,4,2.75,0.006111111111111111,0.4691196826844711
223,VIDEO_23112022133928_1669190968510_EAR.csv,0,2,4.0,0.0044444444444444444,0.47471781840880245
224,VIDEO_23112022134027_1669191027600_EAR.csv,0,2,2.5,0.002777777777777778,0.47806713445647986
225,VIDEO_23112022134126_1669191086659_EAR.csv,0,3,7.0,0.011666666666666667,0.4462602082023247
226,VIDEO_23112022134225_1669191145722_EAR.csv,0,3,3.0,0.005,0.4722365203239734
227,VIDEO_23112022134324_1669191204643_EAR.csv,0,2,3.5,0.0038888888888888888,0.4711643809246848
228,VIDEO_23112022134423_1669191263930_EAR.csv,0,4,3.5,0.0077777777777777776,0.48056294529912613
229,VIDEO_23112022134523_1669191323306_EAR.csv,0,2,4.0,0.0044444444444444444,0.5004259250359443
230,VIDEO_23112022134622_1669191382303_EAR.csv,0,3,3.0,0.005,0.5055717479980735
231,VIDEO_23112022134721_1669191441384_EAR.csv,0,3,2.0,0.0033333333333333335,0.4995802872837229
232,VIDEO_23112022134820_1669191500303_EAR.csv,0,6,5.0,0.016666666666666666,0.4722388114950732
233,VIDEO_23112022134919_1669191559272_EAR.csv,0,3,2.3333333333333335,0.0038888888888888888,0.47650424006178543
234,VIDEO_23112022135018_1669191618524_EAR.csv,0,6,3.0,0.01,0.4776491355689321
235,VIDEO_23112022135117_1669191677373_EAR.csv,11,4,5.25,0.011738401341531582,0.4795416585896843
236,VIDEO_23112022135216_1669191736421_EAR.csv,0,4,6.0,0.013333333333333334,0.46853763500264
237,VIDEO_23112022135315_1669191795551_EAR.csv,0,4,3.5,0.0077777777777777776,0.47674934001356567
238,VIDEO_23112022135414_1669191854565_EAR.csv,0,5,4.0,0.011111111111111112,0.4732482049708437
239,VIDEO_23112022135513_1669191913804_EAR.csv,0,3,4.333333333333333,0.007222222222222222,0.4768343803318052
240,VIDEO_23112022135613_1669191973230_EAR.csv,0,12,6.5,0.043333333333333335,0.4920515353929062
241,VIDEO_23112022135712_1669192032301_EAR.csv,0,6,5.166666666666667,0.017222222222222222,0.49890736813496733
242,VIDEO_23112022135811_1669192091423_EAR.csv,0,9,4.777777777777778,0.02388888888888889,0.47787014617863754
243,VIDEO_23112022135910_1669192150459_EAR.csv,0,5,4.2,0.011666666666666667,0.46316878741785455
244,VIDEO_23112022140009_1669192209504_EAR.csv,0,4,3.5,0.0077777777777777776,0.4643697467395735
245,VIDEO_23112022140108_1669192268663_EAR.csv,0,1,2.0,0.0011111111111111111,0.4680723610140873
246,VIDEO_23112022140207_1669192327904_EAR.csv,0,4,4.0,0.008888888888888889,0.46954118308473264
247,VIDEO_23112022140307_1669192387009_EAR.csv,0,2,3.5,0.0038888888888888888,0.46984096008119675
248,VIDEO_23112022140406_1669192446060_EAR.csv,0,8,3.875,0.017222222222222222,0.4596219558706392
249,VIDEO_23112022140504_1669192504973_EAR.csv,0,4,3.5,0.0077777777777777776,0.47295641391959514
250,VIDEO_23112022140604_1669192564274_EAR.csv,0,4,4.5,0.01,0.47780624588289655
251,VIDEO_23112022140703_1669192623352_EAR.csv,0,4,5.25,0.011666666666666667,0.4901777697594168
252,VIDEO_23112022140802_1669192682259_EAR.csv,0,7,4.428571428571429,0.017222222222222222,0.48427611249086044
253,VIDEO_23112022140901_1669192741416_EAR.csv,0,1,5.0,0.002777777777777778,0.4764833129738892
254,VIDEO_23112022141000_1669192800600_EAR.csv,0,4,6.0,0.013333333333333334,0.4666521080779596
255,VIDEO_23112022141059_1669192859891_EAR.csv,0,2,3.5,0.0038888888888888888,0.48364989354388943
256,VIDEO_23112022141158_1669192918956_EAR.csv,0,8,2.375,0.010555555555555556,0.445429768993733
257,VIDEO_23112022141257_1669192977962_EAR.csv,0,5,3.2,0.008888888888888889,0.4892898801343691
258,VIDEO_23112022141356_1669193036992_EAR.csv,0,8,7.375,0.03277777777777778,0.45111881720825664
259,VIDEO_23112022141456_1669193096081_EAR.csv,0,11,4.454545454545454,0.02722222222222222,0.4876967169013468
260,VIDEO_23112022141555_1669193155057_EAR.csv,2,5,4.4,0.012235817575083427,0.4894790438403449
261,VIDEO_23112022141654_1669193214190_EAR.csv,0,8,5.875,0.026111111111111113,0.48364125500423094
262,VIDEO_23112022141753_1669193273167_EAR.csv,0,2,2.5,0.002777777777777778,0.4928712098152363
263,VIDEO_23112022141852_1669193332280_EAR.csv,0,6,6.0,0.02,0.45537328029733914
264,VIDEO_23112022141951_1669193391315_EAR.csv,0,2,4.5,0.005,0.48979017001798836
265,VIDEO_23112022142050_1669193450314_EAR.csv,0,2,2.5,0.002777777777777778,0.4865093292763795
266,VIDEO_23112022142149_1669193509211_EAR.csv,0,5,6.6,0.018333333333333333,0.48615479044784243
267,VIDEO_23112022142248_1669193568408_EAR.csv,0,10,3.8,0.021111111111111112,0.47926232524962953
268,VIDEO_23112022142347_1669193627526_EAR.csv,0,8,5.0,0.022222222222222223,0.4886118987885751
269,VIDEO_23112022142446_1669193686671_EAR.csv,0,6,4.666666666666667,0.015555555555555555,0.47590403337726706
270,VIDEO_23112022142545_1669193745652_EAR.csv,0,3,3.3333333333333335,0.005555555555555556,0.4883930136389538
271,VIDEO_23112022142644_1669193804836_EAR.csv,0,0,0.0,0.0,0.020466183975721253
272,VIDEO_23112022142744_1669193864052_EAR.csv,0,6,4.5,0.015,0.5117849289962276
273,VIDEO_23112022142843_1669193923463_EAR.csv,0,1,2.0,0.0011111111111111111,0.4933944158055471
274,VIDEO_23112022142942_1669193982620_EAR.csv,0,3,3.3333333333333335,0.005555555555555556,0.478965776956974
275,VIDEO_23112022143041_1669194041991_EAR.csv,0,5,3.0,0.008333333333333333,0.4888891729641384
276,VIDEO_23112022143141_1669194101036_EAR.csv,0,2,6.0,0.006666666666666667,0.48726880397900124
277,VIDEO_23112022143239_1669194159946_EAR.csv,0,5,3.2,0.008888888888888889,0.4869833569442014
278,VIDEO_23112022143339_1669194219107_EAR.csv,169,7,7.428571428571429,0.03188228080931944,0.5446932594738066
279,VIDEO_23112022143438_1669194278121_EAR.csv,53,43,4.674418604651163,0.11505437893531768,0.542151575654832
280,VIDEO_23112022143537_1669194337279_EAR.csv,0,3,4.666666666666667,0.0077777777777777776,0.5110302144380972
281,VIDEO_23112022143636_1669194396329_EAR.csv,0,2,4.0,0.0044444444444444444,0.5006337895871128
282,VIDEO_23112022143735_1669194455351_EAR.csv,12,5,5.6,0.015659955257270694,0.4936520560807141
283,VIDEO_23112022143836_1669194516084_EAR.csv,71,6,2.6666666666666665,0.009253903990746095,0.5056174775515524
284,VIDEO_23112022143935_1669194575505_EAR.csv,23,3,4.333333333333333,0.007315700619020821,0.5399931504448482
285,VIDEO_23112022144034_1669194634642_EAR.csv,38,5,2.4,0.00681044267877412,0.4838720302327436
286,VIDEO_23112022144133_1669194693839_EAR.csv,20,5,2.4,0.006741573033707865,0.5121982913212254
287,VIDEO_23112022144232_1669194752855_EAR.csv,1009,16,5.9375,0.12010113780025285,0.42517806757608395
288,VIDEO_23112022144331_1669194811790_EAR.csv,1800,0,0.0,0.0,0.0
289,VIDEO_23112022144430_1669194870805_EAR.csv,1800,0,0.0,0.0,0.0
290,VIDEO_23112022144529_1669194929804_EAR.csv,1800,0,0.0,0.0,0.0
291,VIDEO_23112022144628_1669194988966_EAR.csv,1800,0,0.0,0.0,0.0
292,VIDEO_23112022144727_1669195047869_EAR.csv,501,0,0.0,0.0,0.0
293,VIDEO_23112022152631_1669197391231_EAR.csv,0,31,3.0,0.051666666666666666,0.5172658578160144
294,VIDEO_23112022152730_1669197450499_EAR.csv,4,18,3.5555555555555554,0.035634743875278395,0.47050305888943794
295,VIDEO_23112022152829_1669197509455_EAR.csv,0,10,5.8,0.03222222222222222,0.4608308480156418
296,VIDEO_23112022152928_1669197568455_EAR.csv,0,4,4.0,0.008888888888888889,0.4823625193617625
297,VIDEO_23112022153027_1669197627477_EAR.csv,1462,9,4.0,0.10650887573964497,0.4177231714047596
298,VIDEO_23112022153126_1669197686442_EAR.csv,1207,9,10.222222222222221,0.1551433389544688,0.41106808772669257
299,VIDEO_23112022153225_1669197745450_EAR.csv,0,4,13.75,0.030555555555555555,0.47669698190329635
300,VIDEO_23112022153324_1669197804456_EAR.csv,0,2,2.5,0.002777777777777778,0.4806453076023442
301,VIDEO_23112022153423_1669197863456_EAR.csv,0,4,3.5,0.0077777777777777776,0.47991672615881076
302,VIDEO_23112022153522_1669197922454_EAR.csv,0,4,3.25,0.007222222222222222,0.46462413325346796
303,VIDEO_23112022153621_1669197981462_EAR.csv,0,3,3.0,0.005,0.4766311034605216
304,VIDEO_23112022153720_1669198040472_EAR.csv,0,12,6.583333333333333,0.04388888888888889,0.47281316270792867
305,VIDEO_23112022153819_1669198099452_EAR.csv,0,5,4.0,0.011111111111111112,0.4882236414289893
306,VIDEO_23112022153918_1669198158724_EAR.csv,0,6,4.166666666666667,0.013888888888888888,0.46614649256677093
307,VIDEO_23112022154017_1669198217713_EAR.csv,0,3,2.6666666666666665,0.0044444444444444444,0.46667139221752635
308,VIDEO_23112022154116_1669198276867_EAR.csv,0,2,5.5,0.006111111111111111,0.4707383665296221
309,VIDEO_23112022154215_1669198335715_EAR.csv,0,7,4.0,0.015555555555555555,0.4589031431688837
310,VIDEO_23112022154314_1669198394719_EAR.csv,0,3,5.666666666666667,0.009444444444444445,0.45343750119342624
311,VIDEO_23112022154413_1669198453721_EAR.csv,0,4,3.5,0.0077777777777777776,0.4572657959472905
312,VIDEO_23112022154512_1669198512723_EAR.csv,0,2,3.0,0.0033333333333333335,0.46476529534430056
313,VIDEO_23112022154611_1669198571717_EAR.csv,2,23,3.5217391304347827,0.04505005561735261,0.4565781451111421
314,VIDEO_23112022154710_1669198630728_EAR.csv,0,3,3.3333333333333335,0.005555555555555556,0.47019858390138064
315,VIDEO_23112022154809_1669198689721_EAR.csv,0,6,3.3333333333333335,0.011111111111111112,0.4721649650314253
316,VIDEO_23112022154908_1669198748727_EAR.csv,0,6,3.1666666666666665,0.010555555555555556,0.45839437138038563
317,VIDEO_23112022155007_1669198807714_EAR.csv,0,4,5.0,0.011111111111111112,0.46844745448941827
318,VIDEO_23112022155106_1669198866727_EAR.csv,0,9,3.0,0.015,0.4575832396624038
319,VIDEO_23112022155205_1669198925808_EAR.csv,0,1,6.0,0.0033333333333333335,0.4729495085515863
320,VIDEO_23112022155304_1669198984935_EAR.csv,0,5,5.4,0.015,0.4660677461737305
321,VIDEO_23112022155403_1669199043923_EAR.csv,0,0,0.0,0.0,0.48194346004348354
322,VIDEO_23112022155502_1669199102841_EAR.csv,0,2,2.5,0.002777777777777778,0.47733760300918104
323,VIDEO_23112022155601_1669199161845_EAR.csv,0,2,5.0,0.005555555555555556,0.46048484864006456
324,VIDEO_23112022155701_1669199221038_EAR.csv,0,3,6.666666666666667,0.011111111111111112,0.4611073031873598
325,VIDEO_23112022155759_1669199279854_EAR.csv,0,5,2.8,0.0077777777777777776,0.4666816970078799
326,VIDEO_23112022155858_1669199338846_EAR.csv,0,11,4.0,0.024444444444444446,0.45891751377576173
327,VIDEO_23112022155957_1669199397894_EAR.csv,0,0,0.0,0.0,0.0976085444528599
328,VIDEO_23112022160056_1669199456884_EAR.csv,0,4,3.25,0.007222222222222222,0.4743337650285701
329,VIDEO_23112022160155_1669199515883_EAR.csv,0,8,4.875,0.021666666666666667,0.44456966843885715
330,VIDEO_23112022160254_1669199574895_EAR.csv,0,6,7.166666666666667,0.02388888888888889,0.47733356795909154
331,VIDEO_23112022160353_1669199633875_EAR.csv,0,3,3.6666666666666665,0.006111111111111111,0.478536148615778
332,VIDEO_23112022160452_1669199692880_EAR.csv,0,14,3.5714285714285716,0.027777777777777776,0.43776803297565486
333,VIDEO_23112022160551_1669199751877_EAR.csv,0,7,2.857142857142857,0.011111111111111112,0.44780438446864324
334,VIDEO_23112022160650_1669199810876_EAR.csv,0,3,4.666666666666667,0.0077777777777777776,0.4589882437642998
335,VIDEO_23112022160749_1669199869879_EAR.csv,0,3,2.6666666666666665,0.0044444444444444444,0.488463118029795
336,VIDEO_23112022160848_1669199928881_EAR.csv,0,7,3.2857142857142856,0.012777777777777779,0.47030760745147393
337,VIDEO_23112022160947_1669199987881_EAR.csv,0,4,3.25,0.007222222222222222,0.44993007232213
338,VIDEO_23112022161046_1669200046885_EAR.csv,0,1,2.0,0.0011111111111111111,0.46171004672984056
339,VIDEO_23112022161145_1669200105881_EAR.csv,0,3,4.666666666666667,0.0077777777777777776,0.4686757091832499
340,VIDEO_23112022161244_1669200164876_EAR.csv,0,2,2.5,0.002777777777777778,0.4545034382830188
341,VIDEO_23112022161344_1669200224053_EAR.csv,0,13,7.076923076923077,0.051111111111111114,0.43349325938386646
342,VIDEO_23112022161442_1669200282914_EAR.csv,0,48,3.7291666666666665,0.09944444444444445,0.38933117613828894
343,VIDEO_23112022161541_1669200341931_EAR.csv,0,14,4.928571428571429,0.03833333333333333,0.4591235088766694
344,VIDEO_23112022161640_1669200400916_EAR.csv,0,2,5.5,0.006111111111111111,0.4889616708843198
345,VIDEO_23112022161739_1669200459910_EAR.csv,0,6,8.666666666666666,0.028888888888888888,0.4948684595277241
346,VIDEO_23112022161838_1669200518931_EAR.csv,0,7,5.142857142857143,0.02,0.4669779685471141
347,VIDEO_23112022161937_1669200577908_EAR.csv,0,2,5.0,0.005555555555555556,0.46081279634804756
348,VIDEO_23112022162036_1669200636907_EAR.csv,0,3,5.333333333333333,0.008888888888888889,0.4733458733149162
349,VIDEO_23112022162135_1669200695916_EAR.csv,0,3,4.0,0.006666666666666667,0.45846600823897227
350,VIDEO_23112022162234_1669200754976_EAR.csv,0,2,5.0,0.005555555555555556,0.45957315921598074
351,VIDEO_23112022162333_1669200813993_EAR.csv,0,4,5.25,0.011666666666666667,0.44617955202675214
352,VIDEO_23112022162432_1669200872943_EAR.csv,0,4,5.5,0.012222222222222223,0.4376706678269715
353,VIDEO_23112022162531_1669200931945_EAR.csv,0,11,10.636363636363637,0.065,0.4197525717970725
354,VIDEO_23112022162630_1669200990982_EAR.csv,0,8,5.875,0.026111111111111113,0.28250384447586974
355,VIDEO_23112022162730_1669201050111_EAR.csv,1,0,0.0,0.0,0.007107637723670068
356,VIDEO_23112022162828_1669201108984_EAR.csv,0,3,7.0,0.011666666666666667,0.4430157913969692
357,VIDEO_23112022162928_1669201168113_EAR.csv,0,4,4.5,0.01,0.44164274664060377
358,VIDEO_23112022163027_1669201227154_EAR.csv,0,2,5.5,0.006111111111111111,0.45061895219800185
359,VIDEO_23112022163126_1669201286118_EAR.csv,0,11,4.7272727272727275,0.028888888888888888,0.43359005895177416
360,VIDEO_23112022163225_1669201345127_EAR.csv,0,29,4.241379310344827,0.06833333333333333,0.42208066851324055
361,VIDEO_23112022163324_1669201404148_EAR.csv,0,20,3.35,0.03722222222222222,0.44938025342940063
362,VIDEO_23112022163422_1669201462925_EAR.csv,0,15,3.6666666666666665,0.030555555555555555,0.4481506866277919
363,VIDEO_23112022163521_1669201521901_EAR.csv,0,11,2.8181818181818183,0.017222222222222222,0.45479756388499454
364,VIDEO_23112022163620_1669201580910_EAR.csv,12,25,3.0,0.04194630872483222,0.4417265968046871
365,VIDEO_23112022163720_1669201640107_EAR.csv,0,7,3.2857142857142856,0.012777777777777779,0.48500720365227185
366,VIDEO_23112022163819_1669201699200_EAR.csv,0,6,3.6666666666666665,0.012222222222222223,0.46245712481391976
367,VIDEO_23112022163918_1669201758227_EAR.csv,0,11,3.272727272727273,0.02,0.45426395848769463
368,VIDEO_23112022164017_1669201817359_EAR.csv,0,24,3.5416666666666665,0.04722222222222222,0.4470589253042027
369,VIDEO_23112022164116_1669201876382_EAR.csv,0,20,4.95,0.055,0.443366440807608
370,VIDEO_23112022164215_1669201935464_EAR.csv,0,4,5.5,0.012222222222222223,0.5059975167596854
371,VIDEO_23112022164314_1669201994867_EAR.csv,0,9,3.111111111111111,0.015555555555555555,0.4884016967155395
372,VIDEO_23112022164414_1669202054043_EAR.csv,0,12,4.25,0.028333333333333332,0.5027405732780508
373,VIDEO_23112022164513_1669202113125_EAR.csv,0,5,2.6,0.007222222222222222,0.4796406000195971
374,VIDEO_23112022164612_1669202172173_EAR.csv,0,5,4.2,0.011666666666666667,0.4433056308611424
375,VIDEO_23112022164711_1669202231234_EAR.csv,0,3,4.333333333333333,0.007222222222222222,0.4578074261378229
376,VIDEO_23112022164810_1669202290405_EAR.csv,0,16,3.5625,0.03166666666666667,0.45262741952899976
377,VIDEO_23112022164909_1669202349520_EAR.csv,0,30,2.933333333333333,0.04888888888888889,0.4389825606460239
378,VIDEO_23112022165008_1669202408481_EAR.csv,0,17,4.529411764705882,0.042777777777777776,0.46670745312561207
379,VIDEO_23112022165107_1669202467437_EAR.csv,0,2,5.5,0.006111111111111111,0.4783562536330829
380,VIDEO_23112022165207_1669202527147_EAR.csv,0,16,3.375,0.03,0.4645468976538366
381,VIDEO_23112022165306_1669202586160_EAR.csv,0,13,2.5384615384615383,0.018333333333333333,0.4734321404113887
382,VIDEO_23112022165405_1669202645303_EAR.csv,0,17,2.8823529411764706,0.02722222222222222,0.4754316863009489
383,VIDEO_23112022165504_1669202704222_EAR.csv,0,14,2.857142857142857,0.022222222222222223,0.4732429789625396
384,VIDEO_23112022165603_1669202763410_EAR.csv,0,14,3.0,0.023333333333333334,0.480916239172506
385,VIDEO_23112022165702_1669202822476_EAR.csv,0,17,4.470588235294118,0.042222222222222223,0.46679032047460645
386,VIDEO_23112022165801_1669202881635_EAR.csv,0,6,2.1666666666666665,0.007222222222222222,0.374393559628396
387,VIDEO_23112022165900_1669202940648_EAR.csv,0,2,3.5,0.0038888888888888888,0.48541937651888406
388,VIDEO_23112022165959_1669202999731_EAR.csv,0,5,4.2,0.011666666666666667,0.48899708243221474
389,VIDEO_23112022170058_1669203058927_EAR.csv,0,4,6.75,0.015,0.4577358744135217
390,VIDEO_23112022170157_1669203117943_EAR.csv,0,6,6.666666666666667,0.022222222222222223,0.5058604200911927
391,VIDEO_23112022170257_1669203177223_EAR.csv,0,8,4.0,0.017777777777777778,0.4926170241890732
392,VIDEO_23112022170356_1669203236533_EAR.csv,0,1,6.0,0.0033333333333333335,0.48957435715986125
393,VIDEO_23112022170455_1669203295604_EAR.csv,0,11,4.545454545454546,0.027777777777777776,0.4638840594610613
394,VIDEO_23112022170554_1669203354641_EAR.csv,0,5,4.2,0.011666666666666667,0.4827590930415374
395,VIDEO_23112022170653_1669203413612_EAR.csv,0,13,4.538461538461538,0.03277777777777778,0.47262822532582494
396,VIDEO_23112022170752_1669203472471_EAR.csv,0,4,3.25,0.007222222222222222,0.4887384944161082
397,VIDEO_23112022170851_1669203531680_EAR.csv,0,5,3.4,0.009444444444444445,0.49080013064274086
398,VIDEO_23112022170950_1669203590843_EAR.csv,0,10,4.5,0.025,0.47808957030079724
399,VIDEO_23112022171049_1669203649871_EAR.csv,0,5,3.0,0.008333333333333333,0.4811056869751502
400,VIDEO_23112022171148_1669203708874_EAR.csv,0,6,3.0,0.01,0.4749881557856767
401,VIDEO_23112022171247_1669203767690_EAR.csv,0,18,3.2222222222222223,0.03222222222222222,0.46611951692153536
402,VIDEO_23112022171346_1669203826754_EAR.csv,0,19,3.789473684210526,0.04,0.473676622237936
403,VIDEO_23112022171445_1669203885852_EAR.csv,0,9,3.2222222222222223,0.01611111111111111,0.5287151843034744
404,VIDEO_23112022171545_1669203945038_EAR.csv,0,13,3.076923076923077,0.022222222222222223,0.5019164157323861
405,VIDEO_23112022171644_1669204004076_EAR.csv,0,6,2.8333333333333335,0.009444444444444445,0.4861628130369276
406,VIDEO_23112022171743_1669204063143_EAR.csv,0,14,3.2142857142857144,0.025,0.48589518737852927
407,VIDEO_23112022171841_1669204121605_EAR.csv,0,28,4.0,0.06222222222222222,0.4686133218900939
408,VIDEO_23112022171940_1669204180826_EAR.csv,0,15,3.2666666666666666,0.02722222222222222,0.4851242337974563
409,VIDEO_23112022172039_1669204239721_EAR.csv,0,8,3.375,0.015,0.49350208983907967
410,VIDEO_23112022172138_1669204298916_EAR.csv,0,10,3.9,0.021666666666666667,0.5071574460024385
411,VIDEO_23112022172237_1669204357882_EAR.csv,0,13,3.6153846153846154,0.026111111111111113,0.4807570246700814
412,VIDEO_23112022172336_1669204416991_EAR.csv,0,1,6.0,0.0033333333333333335,0.4742299936041573
413,VIDEO_23112022172436_1669204476039_EAR.csv,0,2,2.5,0.002777777777777778,0.4772396358687149
414,VIDEO_23112022172535_1669204535079_EAR.csv,0,0,0.0,0.0,0.04163807446791886
415,VIDEO_23112022172634_1669204594094_EAR.csv,0,6,3.8333333333333335,0.012777777777777779,0.4845038920634053
416,VIDEO_23112022172733_1669204653042_EAR.csv,0,6,3.6666666666666665,0.012222222222222223,0.5182956029132594
417,VIDEO_23112022172832_1669204712344_EAR.csv,0,5,5.6,0.015555555555555555,0.4913544685089433
418,VIDEO_23112022172931_1669204771400_EAR.csv,0,1,5.0,0.002777777777777778,0.5109292248783498
419,VIDEO_23112022173030_1669204830463_EAR.csv,0,4,3.75,0.008333333333333333,0.48092961430517894
420,VIDEO_23112022173129_1669204889662_EAR.csv,0,2,4.5,0.005,0.48308289730089454
421,VIDEO_23112022173228_1669204948757_EAR.csv,0,9,4.333333333333333,0.021666666666666667,0.48340039283836705
422,VIDEO_23112022173327_1669205007841_EAR.csv,0,2,5.0,0.005555555555555556,0.4803956851374484
423,VIDEO_23112022173426_1669205066877_EAR.csv,0,3,2.3333333333333335,0.0038888888888888888,0.46507142264648904
424,VIDEO_23112022173526_1669205126107_EAR.csv,0,2,5.5,0.006111111111111111,0.48403820126434155
425,VIDEO_23112022173625_1669205185245_EAR.csv,0,5,5.2,0.014444444444444444,0.5004953309717282
426,VIDEO_23112022173724_1669205244268_EAR.csv,0,4,3.25,0.007222222222222222,0.48973877795893384
427,VIDEO_23112022173823_1669205303395_EAR.csv,0,5,4.6,0.012777777777777779,0.48916127072594084
428,VIDEO_23112022173922_1669205362310_EAR.csv,0,3,4.333333333333333,0.007222222222222222,0.5017228955324057
429,VIDEO_23112022174021_1669205421469_EAR.csv,0,1,3.0,0.0016666666666666668,0.5131184117716151
430,VIDEO_23112022174120_1669205480541_EAR.csv,0,4,4.0,0.008888888888888889,0.5386032201580424
431,VIDEO_23112022174219_1669205539579_EAR.csv,0,2,3.5,0.0038888888888888888,0.5064756360406395
432,VIDEO_23112022174318_1669205598603_EAR.csv,0,3,3.3333333333333335,0.005555555555555556,0.4931126449014552
433,VIDEO_23112022174417_1669205657789_EAR.csv,0,3,2.6666666666666665,0.0044444444444444444,0.5100808481615559
434,VIDEO_23112022174516_1669205716677_EAR.csv,0,7,3.5714285714285716,0.013888888888888888,0.5092150135632546
435,VIDEO_23112022174616_1669205776011_EAR.csv,0,9,4.222222222222222,0.021111111111111112,0.5518364204244519
436,VIDEO_23112022174715_1669205835000_EAR.csv,73,13,3.6923076923076925,0.027793862188766647,0.5686892002731095
437,VIDEO_23112022174814_1669205894097_EAR.csv,0,15,5.133333333333334,0.042777777777777776,0.5558732946496612
438,VIDEO_23112022174913_1669205953150_EAR.csv,0,2,3.5,0.0038888888888888888,0.5259464982015514
439,VIDEO_23112022175012_1669206012090_EAR.csv,0,1,6.0,0.0033333333333333335,0.5141269094615076
440,VIDEO_23112022175111_1669206071148_EAR.csv,0,11,4.090909090909091,0.025,0.503576016678051
441,VIDEO_23112022175210_1669206130108_EAR.csv,0,2,4.0,0.0044444444444444444,0.5062933626002076
442,VIDEO_23112022175309_1669206189194_EAR.csv,0,3,5.333333333333333,0.008888888888888889,0.5073480504472775
443,VIDEO_23112022175408_1669206248360_EAR.csv,0,2,3.5,0.0038888888888888888,0.49878196797366514
444,VIDEO_23112022175507_1669206307402_EAR.csv,0,3,4.666666666666667,0.0077777777777777776,0.5041968662790525
445,VIDEO_23112022175606_1669206366252_EAR.csv,0,5,3.0,0.008333333333333333,0.497726265619564
446,VIDEO_23112022175705_1669206425406_EAR.csv,0,2,5.0,0.005555555555555556,0.5035973926805233
447,VIDEO_23112022175804_1669206484269_EAR.csv,0,1,3.0,0.0016666666666666668,0.50789342124666
448,VIDEO_23112022175903_1669206543265_EAR.csv,0,0,0.0,0.0,0.5217378369931233
449,VIDEO_23112022180002_1669206602271_EAR.csv,0,6,4.0,0.013333333333333334,0.5006707749510353
450,VIDEO_23112022180101_1669206661267_EAR.csv,27,20,3.6,0.04060913705583756,0.5225480247024161
451,VIDEO_23112022180200_1669206720266_EAR.csv,0,5,3.4,0.009444444444444445,0.5297437455279779
452,VIDEO_23112022180259_1669206779300_EAR.csv,0,2,6.5,0.007222222222222222,0.5076052758471865
453,VIDEO_23112022180358_1669206838481_EAR.csv,0,3,5.0,0.008333333333333333,0.5157467506606355
454,VIDEO_23112022180457_1669206897421_EAR.csv,0,6,3.3333333333333335,0.011111111111111112,0.520273778162446
455,VIDEO_23112022180556_1669206956435_EAR.csv,0,4,3.75,0.008333333333333333,0.5167551611578477
456,VIDEO_23112022180655_1669207015400_EAR.csv,0,2,5.0,0.005555555555555556,0.5045875871901281
457,VIDEO_23112022180754_1669207074400_EAR.csv,2,8,3.625,0.016129032258064516,0.5288880871399644
458,VIDEO_23112022180853_1669207133401_EAR.csv,0,1,2.0,0.0011111111111111111,0.5212230154736123
459,VIDEO_23112022180952_1669207192434_EAR.csv,4,2,5.0,0.005567928730512249,0.5185574367180051
460,VIDEO_23112022181051_1669207251429_EAR.csv,0,3,5.333333333333333,0.008888888888888889,0.5111341054773999
461,VIDEO_23112022181150_1669207310429_EAR.csv,0,2,4.5,0.005,0.5084369233077648
462,VIDEO_23112022181249_1669207369429_EAR.csv,11,3,3.6666666666666665,0.006148686416992733,0.524611365356663
463,VIDEO_23112022181348_1669207428440_EAR.csv,3,1,2.0,0.0011129660545353367,0.5289382461284544
464,VIDEO_23112022181447_1669207487480_EAR.csv,0,2,3.0,0.0033333333333333335,0.5286121173552627
465,VIDEO_23112022181546_1669207546623_EAR.csv,0,9,3.3333333333333335,0.016666666666666666,0.4955078907206689
466,VIDEO_23112022181645_1669207605757_EAR.csv,0,1,2.0,0.0011111111111111111,0.5243543768910478
467,VIDEO_23112022181744_1669207664622_EAR.csv,0,8,3.875,0.017222222222222222,0.4974599974730427
468,VIDEO_23112022181843_1669207723635_EAR.csv,0,6,5.0,0.016666666666666666,0.5052054409039434
469,VIDEO_23112022181942_1669207782904_EAR.csv,0,6,4.333333333333333,0.014444444444444444,0.5198475375295794
470,VIDEO_23112022182041_1669207841892_EAR.csv,0,2,2.5,0.002777777777777778,0.5272705008090157
471,VIDEO_23112022182140_1669207900808_EAR.csv,0,3,2.3333333333333335,0.0038888888888888888,0.5132236931507399
472,VIDEO_23112022182240_1669207960000_EAR.csv,0,3,3.0,0.005,0.5216320138375511
473,VIDEO_23112022182339_1669208019040_EAR.csv,0,1,5.0,0.002777777777777778,0.5217601651358111
474,VIDEO_23112022182438_1669208078166_EAR.csv,0,1,3.0,0.0016666666666666668,0.5168326721157968
475,VIDEO_23112022182537_1669208137323_EAR.csv,0,1,3.0,0.0016666666666666668,0.5231931775432722
476,VIDEO_23112022182636_1669208196428_EAR.csv,0,2,3.0,0.0033333333333333335,0.5249744315928205
477,VIDEO_23112022182735_1669208255793_EAR.csv,0,4,4.5,0.01,0.5174199821498917
478,VIDEO_23112022182834_1669208314989_EAR.csv,0,0,0.0,0.0,0.5302532633095439
479,VIDEO_23112022182934_1669208374099_EAR.csv,0,3,5.333333333333333,0.008888888888888889,0.5295910902755202
480,VIDEO_23112022183033_1669208433087_EAR.csv,0,1,3.0,0.0016666666666666668,0.5283744976821295
481,VIDEO_23112022183132_1669208492374_EAR.csv,0,4,3.25,0.007222222222222222,0.5192537375794392
482,VIDEO_23112022183231_1669208551434_EAR.csv,5,3,2.0,0.003342618384401114,0.5333150879357041
483,VIDEO_23112022183330_1669208610491_EAR.csv,0,7,3.142857142857143,0.012222222222222223,0.5162284756878597
484,VIDEO_23112022183429_1669208669492_EAR.csv,76,32,3.28125,0.060904872389791184,0.5268953547683424
485,VIDEO_23112022183528_1669208728527_EAR.csv,0,10,4.6,0.025555555555555557,0.5490885318085693
486,VIDEO_23112022183627_1669208787571_EAR.csv,0,1,3.0,0.0016666666666666668,0.5388136007583256
487,VIDEO_23112022183726_1669208846578_EAR.csv,6,2,4.5,0.005016722408026756,0.5204060950250677
488,VIDEO_23112022183825_1669208905464_EAR.csv,38,20,3.8,0.043132803632236094,0.513296174215671
489,VIDEO_23112022183924_1669208964646_EAR.csv,11,28,3.9642857142857144,0.06204583566238122,0.47277063372039685
490,VIDEO_23112022184023_1669209023557_EAR.csv,8,5,5.8,0.016183035714285716,0.49531169296609223
491,VIDEO_23112022184122_1669209082829_EAR.csv,311,15,2.8,0.028206850235057087,0.5271993422397508
492,VIDEO_23112022184221_1669209141853_EAR.csv,1148,6,20.166666666666668,0.18558282208588958,0.5236918643884335
493,VIDEO_23112022184320_1669209200825_EAR.csv,1096,14,9.642857142857142,0.19176136363636365,0.4698426113137817
494,VIDEO_23112022184419_1669209259917_EAR.csv,0,9,4.222222222222222,0.021111111111111112,0.4867707725990334
495,VIDEO_23112022184518_1669209318908_EAR.csv,39,12,4.75,0.03236797274275979,0.4632851222299098
496,VIDEO_23112022184617_1669209377954_EAR.csv,0,6,4.5,0.015,0.502801721771571
497,VIDEO_23112022184716_1669209436973_EAR.csv,27,11,3.6363636363636362,0.022560631697687534,0.4912441412956403
498,VIDEO_23112022184815_1669209495862_EAR.csv,0,2,4.0,0.0044444444444444444,0.5094285688649451
499,VIDEO_23112022184915_1669209555024_EAR.csv,0,2,3.5,0.0038888888888888888,0.49062200580467147
500,VIDEO_23112022185013_1669209613875_EAR.csv,0,2,4.0,0.0044444444444444444,0.4978023221430781
501,VIDEO_23112022185113_1669209673075_EAR.csv,0,4,4.0,0.008888888888888889,0.4860259820210893
502,VIDEO_23112022185212_1669209732487_EAR.csv,0,2,3.0,0.0033333333333333335,0.5007947212803919
503,VIDEO_23112022185311_1669209791592_EAR.csv,0,1,3.0,0.0016666666666666668,0.5002740066580561
504,VIDEO_23112022185410_1669209850790_EAR.csv,1,2,3.5,0.0038910505836575876,0.50281452027336
505,VIDEO_23112022185509_1669209909873_EAR.csv,0,14,3.142857142857143,0.024444444444444446,0.4837066596103564
506,VIDEO_23112022185609_1669209969002_EAR.csv,0,15,3.6666666666666665,0.030555555555555555,0.48003933746780536
507,VIDEO_23112022185707_1669210027987_EAR.csv,0,0,0.0,0.0,0.5167956315639706
508,VIDEO_23112022185807_1669210087097_EAR.csv,0,6,9.0,0.03,0.49947362737183165
509,VIDEO_23112022185906_1669210146148_EAR.csv,8,12,3.1666666666666665,0.021205357142857144,0.5121168013535384
510,VIDEO_23112022190005_1669210205260_EAR.csv,0,3,3.0,0.005,0.5189044326027696
511,VIDEO_23112022190104_1669210264411_EAR.csv,0,1,3.0,0.0016666666666666668,0.5170507662877679
512,VIDEO_23112022190203_1669210323392_EAR.csv,2,3,2.0,0.0033370411568409346,0.5250923384494953
513,VIDEO_23112022190302_1669210382473_EAR.csv,0,2,3.0,0.0033333333333333335,0.5216441395909656
514,VIDEO_23112022190401_1669210441627_EAR.csv,0,2,3.0,0.0033333333333333335,0.5051590707153399
515,VIDEO_23112022190500_1669210500752_EAR.csv,0,5,3.6,0.01,0.5136825538080466
516,VIDEO_23112022190600_1669210560058_EAR.csv,0,2,4.0,0.0044444444444444444,0.5153820153461045
517,VIDEO_23112022190659_1669210619280_EAR.csv,0,2,3.5,0.0038888888888888888,0.5217878487535093
518,VIDEO_23112022190758_1669210678524_EAR.csv,341,20,4.0,0.05483207676490747,0.5114664549770029
519,VIDEO_23112022190857_1669210737447_EAR.csv,444,37,8.18918918918919,0.2234513274336283,0.44470530577181183
520,VIDEO_23112022190956_1669210796549_EAR.csv,80,29,8.448275862068966,0.14244186046511628,0.43102753011255635
521,VIDEO_23112022191055_1669210855414_EAR.csv,0,17,7.235294117647059,0.06833333333333333,0.4529470734300241
522,VIDEO_23112022191154_1669210914484_EAR.csv,0,23,6.434782608695652,0.08222222222222222,0.49587675859975877
523,VIDEO_23112022191253_1669210973590_EAR.csv,0,32,3.5625,0.06333333333333334,0.34963147203091216
524,VIDEO_23112022191352_1669211032584_EAR.csv,109,21,4.333333333333333,0.05381431105854524,0.4550065702534497
525,VIDEO_23112022191451_1669211091569_EAR.csv,0,26,5.230769230769231,0.07555555555555556,0.47490153641070404
526,VIDEO_23112022191550_1669211150459_EAR.csv,0,1,4.0,0.0022222222222222222,0.5358512309179947
527,VIDEO_23112022191649_1669211209601_EAR.csv,0,1,4.0,0.0022222222222222222,0.5081167522247008
528,VIDEO_23112022191748_1669211268619_EAR.csv,0,4,4.0,0.008888888888888889,0.5004992105920313
529,VIDEO_23112022191847_1669211327602_EAR.csv,1,2,4.0,0.0044469149527515284,0.4892706696705629
530,VIDEO_23112022191946_1669211386779_EAR.csv,90,11,7.454545454545454,0.047953216374269005,0.4760459296721992
531,VIDEO_23112022192045_1669211445841_EAR.csv,0,2,3.5,0.0038888888888888888,0.5004082982199872
532,VIDEO_23112022192144_1669211504960_EAR.csv,0,2,4.5,0.005,0.5083975910037019
533,VIDEO_23112022192243_1669211563964_EAR.csv,0,3,2.0,0.0033333333333333335,0.5040399366068568
534,VIDEO_23112022192343_1669211623039_EAR.csv,0,2,5.0,0.005555555555555556,0.5001149438522398
535,VIDEO_23112022192442_1669211682251_EAR.csv,0,6,2.3333333333333335,0.0077777777777777776,0.4992398296771614
536,VIDEO_23112022192541_1669211741312_EAR.csv,0,0,0.0,0.0,0.5037574319414561
537,VIDEO_23112022192640_1669211800254_EAR.csv,0,3,6.0,0.01,0.4971228761792829
538,VIDEO_23112022192739_1669211859397_EAR.csv,0,7,4.857142857142857,0.01888888888888889,0.49703826141120233
539,VIDEO_23112022192838_1669211918466_EAR.csv,0,2,3.0,0.0033333333333333335,0.5070299399990252
540,VIDEO_23112022192937_1669211977330_EAR.csv,0,0,0.0,0.0,0.009386630303624783
541,VIDEO_23112022193036_1669212036578_EAR.csv,0,2,2.0,0.0022222222222222222,0.491621046016248
542,VIDEO_23112022193135_1669212095636_EAR.csv,0,0,0.0,0.0,0.4937617596077273
543,VIDEO_23112022193234_1669212154753_EAR.csv,0,1,3.0,0.0016666666666666668,0.49848135206849187
544,VIDEO_23112022193334_1669212214055_EAR.csv,0,3,2.3333333333333335,0.0038888888888888888,0.4965107458631779
545,VIDEO_23112022193433_1669212273181_EAR.csv,0,10,3.3,0.018333333333333333,0.495516683314767
546,VIDEO_23112022193532_1669212332062_EAR.csv,0,3,4.666666666666667,0.0077777777777777776,0.5049309934941424
547,VIDEO_23112022193631_1669212391368_EAR.csv,3,1,2.0,0.0011129660545353367,0.5008163311653422
548,VIDEO_23112022193730_1669212450506_EAR.csv,0,2,4.5,0.005,0.4987393841162231
549,VIDEO_23112022193829_1669212509532_EAR.csv,0,4,2.5,0.005555555555555556,0.502406733307209
550,VIDEO_23112022193928_1669212568556_EAR.csv,0,1,4.0,0.0022222222222222222,0.4986371512281427
551,VIDEO_23112022194027_1669212627610_EAR.csv,0,3,3.6666666666666665,0.006111111111111111,0.5013141949446686
552,VIDEO_23112022194126_1669212686671_EAR.csv,0,5,3.6,0.01,0.5014789482627782
553,VIDEO_23112022194225_1669212745695_EAR.csv,0,10,3.6,0.02,0.5041676542744398
554,VIDEO_23112022194324_1669212804709_EAR.csv,0,3,5.0,0.008333333333333333,0.24969734037046173
555,VIDEO_23112022194423_1669212863760_EAR.csv,0,5,2.6,0.007222222222222222,0.5124708676060181
556,VIDEO_23112022194522_1669212922790_EAR.csv,3,9,3.6666666666666665,0.018363939899833055,0.4993165623692202
557,VIDEO_23112022194621_1669212981768_EAR.csv,0,1,2.0,0.0011111111111111111,0.5187653929310582
558,VIDEO_23112022194720_1669213040778_EAR.csv,0,10,3.4,0.01888888888888889,0.5321029946476649
559,VIDEO_23112022194819_1669213099779_EAR.csv,193,22,2.5454545454545454,0.03484754200373367,0.49032450022759355
560,VIDEO_23112022194918_1669213158892_EAR.csv,0,11,3.727272727272727,0.02277777777777778,0.5169628442101287
561,VIDEO_23112022195017_1669213217991_EAR.csv,0,12,4.25,0.028333333333333332,0.5016863538446549
562,VIDEO_23112022195117_1669213277072_EAR.csv,0,2,5.0,0.005555555555555556,0.4599683292595844
