FN,EAR_L,EAR_R,EAR,EAR_Diff,NewEAR,MAR,MOEAR
1,0,0,0,0,0
2,0,0,0,0,0
3,0,0,0,0,0
4,0,0,0,0,0
5,0,0,0,0,0
6,0,0,0,0,0
7,0,0,0,0,0
8,0,0,0,0,0
9,0,0,0,0,0
10,0,0,0,0,0
11,0,0,0,0,0
12,0,0,0,0,0
13,0,0,0,0,0
14,0,0,0,0,0
15,0,0,0,0,0
16,0,0,0,0,0
17,0,0,0,0,0
18,0,0,0,0,0
19,0,0,0,0,0
20,0,0,0,0,0
21,0,0,0,0,0
22,0,0,0,0,0
23,0,0,0,0,0
24,0,0,0,0,0
25,0,0,0,0,0
26,0,0,0,0,0
27,0,0,0,0,0
28,0,0,0,0,0
29,0,0,0,0,0
30,0,0,0,0,0
31,0,0,0,0,0
32,0,0,0,0,0
33,0,0,0,0,0
34,0,0,0,0,0
35,0,0,0,0,0
36,0,0,0,0,0
37,0,0,0,0,0
38,0,0,0,0,0
39,0,0,0,0,0
40,0,0,0,0,0
41,0,0,0,0,0
42,0,0,0,0,0
43,0,0,0,0,0
44,0,0,0,0,0
45,0,0,0,0,0
46,0,0,0,0,0
47,0,0,0,0,0
48,0,0,0,0,0
49,0,0,0,0,0
50,0,0,0,0,0
51,0,0,0,0,0
52,0,0,0,0,0
53,0,0,0,0,0
54,0,0,0,0,0
55,0,0,0,0,0
56,0,0,0,0,0
57,0,0,0,0,0
58,0,0,0,0,0
59,0,0,0,0,0
60,0,0,0,0,0
61,0.3687967607483597,0.1597317025940075,0.2642642316711836,0.2090650581543522,0.2642642316711836
62,0.3569614195282805,0.208978422030705,0.28296992077949273,0.14798299749757549,0.28296992077949273
63,0.38059917556572676,0.19861206276787036,0.28960561916679856,0.1819871127978564,0.28960561916679856
64,0,0,0,0,0
65,0,0,0,0,0
66,0.3734428909542604,0.21704071755735807,0.29524180425580926,0.15640217339690235,0.29524180425580926
67,0,0,0,0,0
68,0,0,0,0,0
69,0,0,0,0,0
70,0,0,0,0,0
71,0,0,0,0,0
72,0,0,0,0,0
73,0,0,0,0,0
74,0,0,0,0,0
75,0.33485233647017293,0.21368703588034818,0.27426968617526054,0.12116530058982475,0.27426968617526054
76,0,0,0,0,0
77,0.3917064879147348,0.1624827477504753,0.27709461783260503,0.22922374016425948,0.27709461783260503
78,0.37777522988068424,0.20033353191280728,0.28905438089674573,0.17744169796787695,0.28905438089674573
79,0.25228894549051695,0.2814783799876017,0.26688366273905934,0.029189434497084776,0.26688366273905934
80,0.3993491032785724,0.20787427333212483,0.3036116883053486,0.1914748299464476,0.3036116883053486
81,0.35443582801162177,0.28957221772333314,0.3220040228674774,0.06486361028828863,0.3220040228674774
82,0,0,0,0,0
83,0,0,0,0,0
84,0,0,0,0,0
85,0,0,0,0,0
86,0,0,0,0,0
87,0,0,0,0,0
88,0,0,0,0,0
89,0,0,0,0,0
90,0,0,0,0,0
91,0,0,0,0,0
92,0,0,0,0,0
93,0,0,0,0,0
94,0,0,0,0,0
95,0,0,0,0,0
96,0,0,0,0,0
97,0,0,0,0,0
98,0,0,0,0,0
99,0,0,0,0,0
100,0,0,0,0,0
101,0,0,0,0,0
102,0,0,0,0,0
103,0,0,0,0,0
104,0,0,0,0,0
105,0,0,0,0,0
106,0.41460447306968556,0.203491991396544,0.3090482322331148,0.21111248167314156,0.3090482322331148
107,0.27430916655351884,0.18588523677258517,0.230097201663052,0.08842392978093366,0.230097201663052
108,0.21794313425337272,0.28349643617684406,0.2507197852151084,0.06555330192347134,0.2507197852151084
109,0.3302968866094583,0.22977944440495834,0.2800381655072083,0.10051744220449993,0.2800381655072083
110,0.3531994067501256,0.3034651234550257,0.3283322651025756,0.049734283295099935,0.3283322651025756
111,0.3430707890431585,0.3076627669123763,0.3253667779777674,0.0354080221307822,0.3253667779777674
112,0,0,0,0,0
113,0,0,0,0,0
114,0,0,0,0,0
115,0,0,0,0,0
116,0,0,0,0,0
117,0,0,0,0,0
118,0,0,0,0,0
119,0,0,0,0,0
120,0,0,0,0,0
121,0,0,0,0,0
122,0,0,0,0,0
123,0.2905479325196755,0.23240896973123382,0.26147845112545465,0.05813896278844166,0.26147845112545465
124,0,0,0,0,0
125,0,0,0,0,0
126,0.21665897496023728,0.28406436491843007,0.2503616699393337,0.06740538995819279,0.2503616699393337
127,0.31979803223814,0.32288334384675105,0.32134068804244553,0.00308531160861103,0.32134068804244553
128,0.3053839083576037,0.26782931656170633,0.286606612459655,0.037554591795897374,0.286606612459655
129,0.37186218381261493,0.32847193944801956,0.35016706163031724,0.043390244364595376,0.35016706163031724
130,0.40540463174300284,0.31784605568609825,0.3616253437145506,0.08755857605690459,0.3616253437145506
131,0.4064448243786504,0.34105400533791486,0.3737494148582826,0.06539081904073557,0.3737494148582826
132,0.38350097889559315,0.3288341107581116,0.35616754482685237,0.05466686813748156,0.35616754482685237
133,0.3688079523468675,0.3056420033972607,0.33722497787206407,0.06316594894960675,0.33722497787206407
134,0,0,0,0,0
135,0,0,0,0,0
136,0,0,0,0,0
137,0,0,0,0,0
138,0,0,0,0,0
139,0,0,0,0,0
140,0,0,0,0,0
141,0,0,0,0,0
142,0,0,0,0,0
143,0,0,0,0,0
144,0,0,0,0,0
145,0,0,0,0,0
146,0,0,0,0,0
147,0,0,0,0,0
148,0,0,0,0,0
149,0,0,0,0,0
150,0,0,0,0,0
151,0,0,0,0,0
152,0,0,0,0,0
153,0,0,0,0,0
154,0,0,0,0,0
155,0,0,0,0,0
156,0,0,0,0,0
157,0,0,0,0,0
158,0,0,0,0,0
159,0,0,0,0,0
160,0,0,0,0,0
161,0,0,0,0,0
162,0,0,0,0,0
163,0,0,0,0,0
164,0,0,0,0,0
165,0,0,0,0,0
166,0,0,0,0,0
167,0,0,0,0,0
168,0,0,0,0,0
169,0,0,0,0,0
170,0,0,0,0,0
171,0,0,0,0,0
172,0,0,0,0,0
173,0,0,0,0,0
174,0,0,0,0,0
175,0,0,0,0,0
176,0,0,0,0,0
177,0,0,0,0,0
178,0,0,0,0,0
179,0,0,0,0,0
180,0,0,0,0,0
181,0,0,0,0,0
182,0,0,0,0,0
183,0,0,0,0,0
184,0,0,0,0,0
185,0,0,0,0,0
186,0,0,0,0,0
187,0,0,0,0,0
188,0,0,0,0,0
189,0,0,0,0,0
190,0,0,0,0,0
191,0,0,0,0,0
192,0,0,0,0,0
193,0,0,0,0,0
194,0,0,0,0,0
195,0,0,0,0,0
196,0,0,0,0,0
197,0,0,0,0,0
198,0,0,0,0,0
199,0,0,0,0,0
200,0,0,0,0,0
201,0,0,0,0,0
202,0,0,0,0,0
203,0,0,0,0,0
204,0,0,0,0,0
205,0,0,0,0,0
206,0,0,0,0,0
207,0,0,0,0,0
208,0,0,0,0,0
209,0,0,0,0,0
210,0,0,0,0,0
211,0,0,0,0,0
212,0,0,0,0,0
213,0,0,0,0,0
214,0,0,0,0,0
215,0,0,0,0,0
216,0,0,0,0,0
217,0,0,0,0,0
218,0,0,0,0,0
219,0,0,0,0,0
220,0,0,0,0,0
221,0,0,0,0,0
222,0,0,0,0,0
223,0,0,0,0,0
224,0,0,0,0,0
225,0,0,0,0,0
226,0,0,0,0,0
227,0,0,0,0,0
228,0,0,0,0,0
229,0,0,0,0,0
230,0,0,0,0,0
231,0,0,0,0,0
232,0,0,0,0,0
233,0,0,0,0,0
234,0,0,0,0,0
235,0,0,0,0,0
236,0,0,0,0,0
237,0,0,0,0,0
238,0,0,0,0,0
239,0,0,0,0,0
240,0,0,0,0,0
241,0,0,0,0,0
242,0,0,0,0,0
243,0,0,0,0,0
244,0.3697676899698802,0.3213087208961543,0.3455382054330173,0.04845896907372588,0.3455382054330173
245,0.2786134047030338,0.25913878586481504,0.2688760952839244,0.01947461883821877,0.2688760952839244
246,0.3576370974132739,0.33761450917717073,0.3476258032952223,0.020022588236103145,0.3476258032952223
247,0,0,0,0,0
248,0.22951522726894868,0.2962931935905546,0.26290421042975165,0.06677796632160593,0.26290421042975165
249,0.21564135552115035,0.2247033893532192,0.2201723724371848,0.009062033832068855,0.2201723724371848
250,0.31405185188983975,0.33771228036075274,0.32588206612529624,0.023660428470912986,0.32588206612529624
251,0,0,0,0,0
252,0.34887685231205995,0.2291145131440231,0.28899568272804155,0.11976233916803686,0.28899568272804155
253,0.22366006874778852,0.26527779738332,0.24446893306555428,0.04161772863553151,0.24446893306555428
254,0.27171691253155633,0.25358494638377493,0.26265092945766566,0.018131966147781398,0.26265092945766566
255,0.31197690902880265,0.22006994769266663,0.26602342836073467,0.09190696133613602,0.26602342836073467
256,0,0,0,0,0
257,0.2352889436171372,0.20638443340586862,0.2208366885115029,0.02890451021126858,0.2208366885115029
258,0.17931488817629956,0.21440113455984994,0.19685801136807474,0.035086246383550374,0.19685801136807474
259,0.2707062900834734,0.26320188759674956,0.2669540888401115,0.007504402486723849,0.2669540888401115
260,0.3022343664112233,0.3217896207092103,0.3120119935602168,0.01955525429798699,0.3120119935602168
261,0.3209251207430476,0.21093637777489413,0.26593074925897087,0.10998874296815345,0.26593074925897087
262,0,0,0,0,0
263,0.17317529404372672,0.3024482151599807,0.23781175460185372,0.129272921116254,0.23781175460185372
264,0.1607259967291804,0.23246560788223306,0.19659580230570672,0.07173961115305266,0.19659580230570672
265,0.3209159762797868,0.265974291760669,0.29344513402022787,0.054941684519117795,0.29344513402022787
266,0.2785283980275031,0.3105089959095906,0.2945186969685468,0.03198059788208746,0.2945186969685468
267,0,0,0,0,0
268,0,0,0,0,0
269,0,0,0,0,0
270,0,0,0,0,0
271,0.3587842198704833,0.32571381492341916,0.34224901739695124,0.03307040494706415,0.34224901739695124
272,0.34098259411857323,0.2486897733195777,0.2948361837190755,0.09229282079899553,0.2948361837190755
273,0,0,0,0,0
274,0,0,0,0,0
275,0,0,0,0,0
276,0.39613463356659806,0.16172352693495465,0.27892908025077634,0.2344111066316434,0.27892908025077634
277,0,0,0,0,0
278,0,0,0,0,0
279,0,0,0,0,0
280,0,0,0,0,0
281,0,0,0,0,0
282,0,0,0,0,0
283,0.37181626005962953,0.17310979102478843,0.27246302554220897,0.1987064690348411,0.27246302554220897
284,0,0,0,0,0
285,0.28594162885695584,0.24390229316694048,0.26492196101194815,0.04203933569001536,0.26492196101194815
286,0,0,0,0,0
287,0,0,0,0,0
288,0,0,0,0,0
289,0,0,0,0,0
290,0,0,0,0,0
291,0.337848131994061,0.23390590343341372,0.28587701771373736,0.10394222856064728,0.28587701771373736
292,0.30371035139865704,0.2231978503819588,0.2634541008903079,0.08051250101669824,0.2634541008903079
293,0.17282787729337784,0.3396177425055927,0.25622280989948526,0.16678986521221484,0.25622280989948526
294,0.31981076998463437,0.28750308889485937,0.30365692943974687,0.032307681089775,0.30365692943974687
295,0.3456567463573606,0.3369124784876096,0.3412846124224851,0.008744267869751021,0.3412846124224851
296,0,0,0,0,0
297,0,0,0,0,0
298,0,0,0,0,0
299,0,0,0,0,0
300,0,0,0,0,0
301,0,0,0,0,0
302,0,0,0,0,0
303,0.2539029290815829,0.2859126255014671,0.26990777729152504,0.032009696419884215,0.26990777729152504
304,0.265757523388594,0.3149157536695947,0.2903366385290943,0.04915823028100069,0.2903366385290943
305,0.26213066034366167,0.21498795716410246,0.23855930875388207,0.04714270317955921,0.23855930875388207
306,0.35337467360645397,0.34278818367504854,0.34808142864075126,0.01058648993140543,0.34808142864075126
307,0.2617621881753187,0.327992231146445,0.2948772096608818,0.06623004297112628,0.2948772096608818
308,0,0,0,0,0
309,0.32603750698704076,0.2426738851790362,0.28435569608303846,0.08336362180800455,0.28435569608303846
310,0.23381428607857493,0.22595989028923621,0.22988708818390557,0.00785439578933872,0.22988708818390557
311,0.2877172287418459,0.29786163233175794,0.29278943053680195,0.010144403589912032,0.29278943053680195
312,0.37229589184257106,0.3544375974781437,0.36336674466035734,0.017858294364427374,0.36336674466035734
313,0.34773852855990117,0.24672269505071234,0.29723061180530674,0.10101583350918883,0.29723061180530674
314,0,0,0,0,0
315,0,0,0,0,0
316,0,0,0,0,0
317,0,0,0,0,0
318,0,0,0,0,0
319,0,0,0,0,0
320,0,0,0,0,0
321,0,0,0,0,0
322,0,0,0,0,0
323,0,0,0,0,0
324,0,0,0,0,0
325,0,0,0,0,0
326,0,0,0,0,0
327,0.36151571876901517,0.19549342142172077,0.278504570095368,0.1660222973472944,0.278504570095368
328,0,0,0,0,0
329,0,0,0,0,0
330,0.22801550882337626,0.147477563262252,0.18774653604281413,0.08053794556112426,0.18774653604281413
331,0,0,0,0,0
332,0,0,0,0,0
333,0,0,0,0,0
334,0.29078322503045273,0.23411103256016735,0.26244712879531007,0.056672192470285376,0.26244712879531007
335,0,0,0,0,0
336,0,0,0,0,0
337,0,0,0,0,0
338,0,0,0,0,0
339,0,0,0,0,0
340,0,0,0,0,0
341,0,0,0,0,0
342,0,0,0,0,0
343,0,0,0,0,0
344,0,0,0,0,0
345,0,0,0,0,0
346,0.22305747753222913,0.1984463807553133,0.21075192914377122,0.024611096776915836,0.21075192914377122
347,0.3971483996235033,0.16739549640563695,0.2822719480145701,0.22975290321786634,0.2822719480145701
348,0.21229051483395783,0.23166935380328288,0.22197993431862034,0.019378838969325046,0.22197993431862034
349,0,0,0,0,0
350,0,0,0,0,0
351,0,0,0,0,0
352,0,0,0,0,0
353,0,0,0,0,0
354,0,0,0,0,0
355,0,0,0,0,0
356,0,0,0,0,0
357,0,0,0,0,0
358,0,0,0,0,0
359,0,0,0,0,0
360,0,0,0,0,0
361,0,0,0,0,0
362,0,0,0,0,0
363,0,0,0,0,0
364,0,0,0,0,0
365,0,0,0,0,0
366,0,0,0,0,0
367,0,0,0,0,0
368,0,0,0,0,0
369,0,0,0,0,0
370,0,0,0,0,0
371,0,0,0,0,0
372,0,0,0,0,0
373,0.2430539089556414,0.244847240013094,0.2439505744843677,0.0017933310574525796,0.2439505744843677
374,0.2836947156506315,0.2852858849775317,0.2844903003140816,0.0015911693269002325,0.2844903003140816
375,0,0,0,0,0
376,0,0,0,0,0
377,0.18707096026509756,0.25644041652299643,0.221755688394047,0.06936945625789886,0.221755688394047
378,0.30639486269303545,0.32190499668681877,0.3141499296899271,0.015510133993783315,0.3141499296899271
379,0.2569636486097476,0.3413575156580385,0.29916058213389307,0.08439386704829094,0.29916058213389307
380,0,0,0,0,0
381,0.3468293286321845,0.2777267288914429,0.3122780287618137,0.06910259974074162,0.3122780287618137
382,0.2952316167559182,0.3199768204476825,0.3076042186018003,0.024745203691764306,0.3076042186018003
383,0,0,0,0,0
384,0.2489389267587331,0.22996996804599945,0.23945444740236627,0.018968958712733658,0.23945444740236627
385,0.35779502872776714,0.38483057673998294,0.371312802733875,0.027035548012215804,0.371312802733875
386,0.29584211237159574,0.307285231998229,0.30156367218491237,0.011443119626633247,0.30156367218491237
387,0,0,0,0,0
388,0.269590934005632,0.28895692807548007,0.27927393104055603,0.01936599406984807,0.27927393104055603
389,0.30194523222821196,0.3045483570876973,0.3032467946579546,0.0026031248594853285,0.3032467946579546
390,0,0,0,0,0
391,0,0,0,0,0
392,0,0,0,0,0
393,0,0,0,0,0
394,0,0,0,0,0
395,0,0,0,0,0
396,0,0,0,0,0
397,0,0,0,0,0
398,0,0,0,0,0
399,0,0,0,0,0
400,0,0,0,0,0
401,0,0,0,0,0
402,0,0,0,0,0
403,0,0,0,0,0
404,0,0,0,0,0
405,0,0,0,0,0
406,0,0,0,0,0
407,0,0,0,0,0
408,0,0,0,0,0
409,0,0,0,0,0
410,0,0,0,0,0
411,0.3872619240414044,0.2322757529755233,0.3097688385084639,0.1549861710658811,0.3097688385084639
412,0,0,0,0,0
413,0,0,0,0,0
414,0,0,0,0,0
415,0,0,0,0,0
416,0,0,0,0,0
417,0,0,0,0,0
418,0,0,0,0,0
419,0,0,0,0,0
420,0,0,0,0,0
421,0,0,0,0,0
422,0,0,0,0,0
423,0,0,0,0,0
424,0.3535425230839931,0.19859590830735027,0.27606921569567167,0.15494661477664282,0.27606921569567167
425,0.23225761435981196,0.2396077838308612,0.2359326990953366,0.007350169471049245,0.2359326990953366
426,0.17255050369229757,0.2843265646545099,0.22843853417340373,0.11177606096221232,0.22843853417340373
427,0.20623165336074267,0.2724691485396928,0.23935040095021773,0.06623749517895011,0.23935040095021773
428,0.33306025016108953,0.33233093079113923,0.3326955904761144,0.0007293193699502987,0.3326955904761144
429,0,0,0,0,0
430,0,0,0,0,0
431,0,0,0,0,0
432,0,0,0,0,0
433,0,0,0,0,0
434,0,0,0,0,0
435,0,0,0,0,0
436,0,0,0,0,0
437,0,0,0,0,0
438,0,0,0,0,0
439,0,0,0,0,0
440,0,0,0,0,0
441,0,0,0,0,0
442,0,0,0,0,0
443,0,0,0,0,0
444,0,0,0,0,0
445,0,0,0,0,0
446,0,0,0,0,0
447,0,0,0,0,0
448,0,0,0,0,0
449,0,0,0,0,0
450,0,0,0,0,0
451,0,0,0,0,0
452,0,0,0,0,0
453,0,0,0,0,0
454,0,0,0,0,0
455,0,0,0,0,0
456,0,0,0,0,0
457,0,0,0,0,0
458,0,0,0,0,0
459,0,0,0,0,0
460,0,0,0,0,0
461,0,0,0,0,0
462,0,0,0,0,0
463,0,0,0,0,0
464,0,0,0,0,0
465,0,0,0,0,0
466,0,0,0,0,0
467,0,0,0,0,0
468,0,0,0,0,0
469,0,0,0,0,0
470,0,0,0,0,0
471,0,0,0,0,0
472,0,0,0,0,0
473,0,0,0,0,0
474,0,0,0,0,0
475,0,0,0,0,0
476,0,0,0,0,0
477,0,0,0,0,0
478,0,0,0,0,0
479,0,0,0,0,0
480,0,0,0,0,0
481,0,0,0,0,0
482,0,0,0,0,0
483,0,0,0,0,0
484,0,0,0,0,0
485,0,0,0,0,0
486,0,0,0,0,0
487,0,0,0,0,0
488,0,0,0,0,0
489,0,0,0,0,0
490,0,0,0,0,0
491,0,0,0,0,0
492,0,0,0,0,0
493,0,0,0,0,0
494,0,0,0,0,0
495,0,0,0,0,0
496,0,0,0,0,0
497,0,0,0,0,0
498,0,0,0,0,0
499,0,0,0,0,0
500,0,0,0,0,0
501,0,0,0,0,0
502,0,0,0,0,0
503,0,0,0,0,0
504,0,0,0,0,0
505,0,0,0,0,0
506,0,0,0,0,0
507,0,0,0,0,0
508,0,0,0,0,0
509,0,0,0,0,0
510,0,0,0,0,0
511,0,0,0,0,0
512,0,0,0,0,0
513,0,0,0,0,0
514,0,0,0,0,0
515,0,0,0,0,0
516,0,0,0,0,0
517,0,0,0,0,0
518,0,0,0,0,0
519,0,0,0,0,0
520,0,0,0,0,0
521,0,0,0,0,0
522,0,0,0,0,0
523,0.346695920375711,0.22345718108282694,0.28507655072926896,0.12323873929288406,0.28507655072926896
524,0,0,0,0,0
525,0.18324659009015562,0.27135919967484756,0.2273028948825016,0.08811260958469194,0.2273028948825016
526,0,0,0,0,0
527,0,0,0,0,0
528,0,0,0,0,0
529,0,0,0,0,0
530,0,0,0,0,0
531,0,0,0,0,0
532,0,0,0,0,0
533,0,0,0,0,0
534,0,0,0,0,0
535,0,0,0,0,0
536,0,0,0,0,0
537,0,0,0,0,0
538,0,0,0,0,0
539,0,0,0,0,0
540,0,0,0,0,0
541,0,0,0,0,0
542,0,0,0,0,0
543,0,0,0,0,0
544,0,0,0,0,0
545,0,0,0,0,0
546,0,0,0,0,0
547,0,0,0,0,0
548,0,0,0,0,0
549,0,0,0,0,0
550,0,0,0,0,0
551,0,0,0,0,0
552,0,0,0,0,0
553,0,0,0,0,0
554,0,0,0,0,0
555,0,0,0,0,0
556,0,0,0,0,0
557,0,0,0,0,0
558,0,0,0,0,0
559,0,0,0,0,0
560,0,0,0,0,0
561,0,0,0,0,0
562,0,0,0,0,0
563,0,0,0,0,0
564,0,0,0,0,0
565,0,0,0,0,0
566,0,0,0,0,0
567,0,0,0,0,0
568,0,0,0,0,0
569,0,0,0,0,0
570,0,0,0,0,0
571,0,0,0,0,0
572,0,0,0,0,0
573,0,0,0,0,0
574,0,0,0,0,0
575,0,0,0,0,0
576,0,0,0,0,0
577,0,0,0,0,0
578,0,0,0,0,0
579,0,0,0,0,0
580,0,0,0,0,0
581,0,0,0,0,0
582,0,0,0,0,0
583,0,0,0,0,0
584,0,0,0,0,0
585,0,0,0,0,0
586,0,0,0,0,0
587,0,0,0,0,0
588,0,0,0,0,0
589,0,0,0,0,0
590,0,0,0,0,0
591,0,0,0,0,0
592,0,0,0,0,0
593,0,0,0,0,0
594,0,0,0,0,0
595,0,0,0,0,0
596,0,0,0,0,0
597,0,0,0,0,0
598,0,0,0,0,0
599,0,0,0,0,0
600,0,0,0,0,0
601,0,0,0,0,0
602,0,0,0,0,0
603,0,0,0,0,0
604,0,0,0,0,0
605,0,0,0,0,0
606,0,0,0,0,0
607,0,0,0,0,0
608,0,0,0,0,0
609,0,0,0,0,0
610,0,0,0,0,0
611,0,0,0,0,0
612,0,0,0,0,0
613,0,0,0,0,0
614,0,0,0,0,0
615,0,0,0,0,0
616,0,0,0,0,0
617,0,0,0,0,0
618,0,0,0,0,0
619,0,0,0,0,0
620,0,0,0,0,0
621,0,0,0,0,0
622,0,0,0,0,0
623,0,0,0,0,0
624,0,0,0,0,0
625,0,0,0,0,0
626,0,0,0,0,0
627,0,0,0,0,0
628,0,0,0,0,0
629,0,0,0,0,0
630,0,0,0,0,0
631,0,0,0,0,0
632,0,0,0,0,0
633,0,0,0,0,0
634,0,0,0,0,0
635,0,0,0,0,0
636,0,0,0,0,0
637,0,0,0,0,0
638,0,0,0,0,0
639,0,0,0,0,0
640,0,0,0,0,0
641,0,0,0,0,0
642,0,0,0,0,0
643,0,0,0,0,0
644,0,0,0,0,0
645,0,0,0,0,0
646,0,0,0,0,0
647,0,0,0,0,0
648,0,0,0,0,0
649,0,0,0,0,0
650,0.39084502138071264,0.2196331410351309,0.30523908120792176,0.17121188034558174,0.30523908120792176
651,0,0,0,0,0
652,0,0,0,0,0
653,0,0,0,0,0
654,0,0,0,0,0
655,0,0,0,0,0
656,0,0,0,0,0
657,0,0,0,0,0
658,0,0,0,0,0
659,0,0,0,0,0
660,0.3311464401398443,0.27787687524654114,0.3045116576931927,0.053269564893303145,0.3045116576931927
661,0,0,0,0,0
662,0,0,0,0,0
663,0,0,0,0,0
664,0,0,0,0,0
665,0,0,0,0,0
666,0,0,0,0,0
667,0,0,0,0,0
668,0,0,0,0,0
669,0,0,0,0,0
670,0,0,0,0,0
671,0,0,0,0,0
672,0,0,0,0,0
673,0.33274935660276406,0.2455524260831342,0.28915089134294913,0.08719693051962984,0.28915089134294913
674,0.3622560434863809,0.37396251653669943,0.3681092800115402,0.011706473050318522,0.3681092800115402
675,0.32063964719178706,0.29919411602508783,0.30991688160843744,0.021445531166699228,0.30991688160843744
676,0.33287154909538635,0.2966758613976412,0.31477370524651377,0.03619568769774517,0.31477370524651377
677,0.3039174418198186,0.34047204130887515,0.3221947415643469,0.03655459948905654,0.3221947415643469
678,0.4094560948075871,0.36246544226431776,0.3859607685359524,0.04699065254326934,0.3859607685359524
679,0,0,0,0,0
680,0.29479941811243826,0.2340911340117517,0.264445276062095,0.06070828410068657,0.264445276062095
681,0.3701752599428303,0.21856432623694438,0.2943697930898873,0.1516109337058859,0.2943697930898873
682,0.36251921025915534,0.3038693636025145,0.3331942869308349,0.05864984665664086,0.3331942869308349
683,0.36150503967018616,0.36535619566149746,0.36343061766584184,0.003851155991311306,0.36343061766584184
684,0.32599010766144354,0.3675782372665993,0.3467841724640214,0.04158812960515573,0.3467841724640214
685,0.418273593930886,0.35593528363816956,0.38710443878452777,0.062338310292716415,0.38710443878452777
686,0.3488843567583918,0.33398913442379313,0.3414367455910925,0.014895222334598668,0.3414367455910925
687,0.3164323623121589,0.37433944139714975,0.34538590185465434,0.057907079084990876,0.34538590185465434
688,0.2984068473338659,0.357471672745538,0.327939260039702,0.05906482541167207,0.327939260039702
689,0.26822467197772043,0.3180047808576811,0.29311472641770075,0.04978010887996065,0.29311472641770075
690,0.28150275145427245,0.31242665160920463,0.29696470153173854,0.030923900154932182,0.29696470153173854
691,0.3551207451133231,0.3153650582100166,0.3352429016616698,0.0397556869033065,0.3352429016616698
692,0.33455952833604635,0.31301672839577166,0.323788128365909,0.021542799940274693,0.323788128365909
693,0.3198264651489186,0.3442421629702174,0.332034314059568,0.02441569782129882,0.332034314059568
694,0.30816563240999895,0.3506701270169165,0.3294178797134577,0.042504494606917576,0.3294178797134577
695,0.311449348357404,0.3428423019785285,0.32714582516796625,0.031392953621124486,0.32714582516796625
696,0.33791776994611067,0.3874287322075552,0.3626732510768329,0.049510962261444524,0.3626732510768329
697,0.32260340238331003,0.34014065422361345,0.33137202830346174,0.017537251840303414,0.33137202830346174
698,0.3464407492582898,0.3630058064201803,0.3547232778392351,0.016565057161890495,0.3547232778392351
699,0.30916170402561205,0.31108832944980686,0.3101250167377094,0.0019266254241948055,0.3101250167377094
700,0.3699808739245925,0.3530630011348413,0.3615219375297169,0.01691787278975121,0.3615219375297169
701,0.33765315729512163,0.34054632939922586,0.33909974334717374,0.0028931721041042247,0.33909974334717374
702,0,0,0,0,0
703,0.2887166605400468,0.21485651069173958,0.2517865856158932,0.07386014984830722,0.2517865856158932
704,0.2006566217679117,0.22671637131496591,0.21368649654143881,0.0260597495470542,0.21368649654143881
705,0.22024384567131886,0.21919339629210796,0.2197186209817134,0.0010504493792108938,0.2197186209817134
706,0,0,0,0,0
707,0.28576240899118166,0.2041248437233182,0.24494362635724992,0.08163756526786345,0.24494362635724992
708,0,0,0,0,0
709,0.44037678751744697,0.22123016413993155,0.33080347582868924,0.21914662337751542,0.33080347582868924
710,0,0,0,0,0
711,0,0,0,0,0
712,0.34239877369165334,0.23411902121711162,0.2882588974543825,0.10827975247454172,0.2882588974543825
713,0.39625547032794584,0.1667804064423878,0.2815179383851668,0.22947506388555802,0.2815179383851668
714,0,0,0,0,0
715,0,0,0,0,0
716,0,0,0,0,0
717,0,0,0,0,0
718,0,0,0,0,0
719,0,0,0,0,0
720,0,0,0,0,0
721,0,0,0,0,0
722,0,0,0,0,0
723,0,0,0,0,0
724,0,0,0,0,0
725,0,0,0,0,0
726,0,0,0,0,0
727,0,0,0,0,0
728,0,0,0,0,0
729,0,0,0,0,0
730,0,0,0,0,0
731,0,0,0,0,0
732,0,0,0,0,0
733,0,0,0,0,0
734,0,0,0,0,0
735,0,0,0,0,0
736,0,0,0,0,0
737,0,0,0,0,0
738,0,0,0,0,0
739,0,0,0,0,0
740,0,0,0,0,0
741,0,0,0,0,0
742,0,0,0,0,0
743,0,0,0,0,0
744,0,0,0,0,0
745,0,0,0,0,0
746,0,0,0,0,0
747,0,0,0,0,0
748,0,0,0,0,0
749,0,0,0,0,0
750,0,0,0,0,0
751,0,0,0,0,0
752,0,0,0,0,0
753,0,0,0,0,0
754,0,0,0,0,0
755,0,0,0,0,0
756,0,0,0,0,0
757,0,0,0,0,0
758,0,0,0,0,0
759,0,0,0,0,0
760,0,0,0,0,0
761,0,0,0,0,0
762,0,0,0,0,0
763,0,0,0,0,0
764,0,0,0,0,0
765,0,0,0,0,0
766,0,0,0,0,0
767,0,0,0,0,0
768,0,0,0,0,0
769,0,0,0,0,0
770,0,0,0,0,0
771,0,0,0,0,0
772,0,0,0,0,0
773,0,0,0,0,0
774,0,0,0,0,0
775,0,0,0,0,0
776,0,0,0,0,0
777,0,0,0,0,0
778,0,0,0,0,0
779,0,0,0,0,0
780,0,0,0,0,0
781,0.32759096244357544,0.24306670998339944,0.2853288362134874,0.084524252460176,0.2853288362134874
782,0.3020241606276613,0.2878813244388964,0.29495274253327886,0.014142836188764885,0.29495274253327886
783,0,0,0,0,0
784,0.34121125286375603,0.20715979836404752,0.27418552561390175,0.1340514544997085,0.27418552561390175
785,0,0,0,0,0
786,0.30964025563608816,0.2685591312127318,0.28909969342441,0.041081124423356374,0.28909969342441
787,0.35678526783160464,0.21171798948958942,0.28425162866059706,0.14506727834201522,0.28425162866059706
788,0.30213415105734953,0.24798989694159324,0.2750620239994714,0.054144254115756296,0.2750620239994714
789,0.36974610849230927,0.29708067961203927,0.3334133940521743,0.07266542888027,0.3334133940521743
790,0.34134674891689226,0.34167039530555904,0.34150857211122565,0.0003236463886667762,0.34150857211122565
791,0.28664476935573574,0.35211636486945813,0.31938056711259694,0.06547159551372239,0.31938056711259694
792,0.27318125866775356,0.31734741707153596,0.2952643378696448,0.04416615840378241,0.2952643378696448
793,0.32279387609452703,0.2993254230916261,0.3110596495930765,0.023468453002900957,0.3110596495930765
794,0.3208487160145933,0.3409283000291806,0.33088850802188696,0.020079584014587315,0.33088850802188696
795,0.32501866402172347,0.3402415700701629,0.3326301170459432,0.015222906048439455,0.3326301170459432
796,0,0,0,0,0
797,0,0,0,0,0
798,0.38760556202163804,0.2300710314727756,0.3088382967472068,0.15753453054886243,0.3088382967472068
799,0,0,0,0,0
800,0,0,0,0,0
801,0,0,0,0,0
802,0.3695474292759606,0.3182988009445397,0.3439231151102502,0.05124862833142091,0.3439231151102502
803,0,0,0,0,0
804,0,0,0,0,0
805,0,0,0,0,0
806,0,0,0,0,0
807,0,0,0,0,0
808,0,0,0,0,0
809,0,0,0,0,0
810,0,0,0,0,0
811,0,0,0,0,0
812,0,0,0,0,0
813,0,0,0,0,0
814,0,0,0,0,0
815,0,0,0,0,0
816,0,0,0,0,0
817,0,0,0,0,0
818,0,0,0,0,0
819,0,0,0,0,0
820,0,0,0,0,0
821,0,0,0,0,0
822,0,0,0,0,0
823,0,0,0,0,0
824,0,0,0,0,0
825,0,0,0,0,0
826,0,0,0,0,0
827,0,0,0,0,0
828,0,0,0,0,0
829,0,0,0,0,0
830,0,0,0,0,0
831,0,0,0,0,0
832,0,0,0,0,0
833,0,0,0,0,0
834,0,0,0,0,0
835,0,0,0,0,0
836,0,0,0,0,0
837,0,0,0,0,0
838,0,0,0,0,0
839,0,0,0,0,0
840,0,0,0,0,0
841,0,0,0,0,0
842,0,0,0,0,0
843,0,0,0,0,0
844,0,0,0,0,0
845,0,0,0,0,0
846,0,0,0,0,0
847,0,0,0,0,0
848,0,0,0,0,0
849,0,0,0,0,0
850,0,0,0,0,0
851,0,0,0,0,0
852,0,0,0,0,0
853,0,0,0,0,0
854,0,0,0,0,0
855,0,0,0,0,0
856,0,0,0,0,0
857,0,0,0,0,0
858,0,0,0,0,0
859,0,0,0,0,0
860,0,0,0,0,0
861,0,0,0,0,0
862,0,0,0,0,0
863,0,0,0,0,0
864,0,0,0,0,0
865,0,0,0,0,0
866,0,0,0,0,0
867,0,0,0,0,0
868,0,0,0,0,0
869,0,0,0,0,0
870,0,0,0,0,0
871,0,0,0,0,0
872,0,0,0,0,0
873,0,0,0,0,0
874,0,0,0,0,0
875,0,0,0,0,0
876,0,0,0,0,0
877,0,0,0,0,0
878,0,0,0,0,0
879,0,0,0,0,0
880,0,0,0,0,0
881,0,0,0,0,0
882,0,0,0,0,0
883,0,0,0,0,0
884,0,0,0,0,0
885,0,0,0,0,0
886,0,0,0,0,0
887,0,0,0,0,0
888,0,0,0,0,0
889,0,0,0,0,0
890,0,0,0,0,0
891,0,0,0,0,0
892,0,0,0,0,0
893,0,0,0,0,0
894,0,0,0,0,0
895,0,0,0,0,0
896,0,0,0,0,0
897,0,0,0,0,0
898,0,0,0,0,0
899,0,0,0,0,0
900,0,0,0,0,0
901,0,0,0,0,0
902,0,0,0,0,0
903,0,0,0,0,0
904,0,0,0,0,0
905,0,0,0,0,0
906,0,0,0,0,0
907,0,0,0,0,0
908,0,0,0,0,0
909,0,0,0,0,0
910,0,0,0,0,0
911,0,0,0,0,0
912,0,0,0,0,0
913,0,0,0,0,0
914,0,0,0,0,0
915,0,0,0,0,0
916,0,0,0,0,0
917,0,0,0,0,0
918,0,0,0,0,0
919,0,0,0,0,0
920,0,0,0,0,0
921,0,0,0,0,0
922,0,0,0,0,0
923,0,0,0,0,0
924,0,0,0,0,0
925,0,0,0,0,0
926,0,0,0,0,0
927,0,0,0,0,0
928,0,0,0,0,0
929,0,0,0,0,0
930,0,0,0,0,0
931,0,0,0,0,0
932,0,0,0,0,0
933,0,0,0,0,0
934,0,0,0,0,0
935,0,0,0,0,0
936,0,0,0,0,0
937,0,0,0,0,0
938,0,0,0,0,0
939,0,0,0,0,0
940,0,0,0,0,0
941,0,0,0,0,0
942,0,0,0,0,0
943,0,0,0,0,0
944,0,0,0,0,0
945,0,0,0,0,0
946,0,0,0,0,0
947,0,0,0,0,0
948,0,0,0,0,0
949,0,0,0,0,0
950,0,0,0,0,0
951,0,0,0,0,0
952,0,0,0,0,0
953,0,0,0,0,0
954,0,0,0,0,0
955,0,0,0,0,0
956,0.40385377472534467,0.2049345080725867,0.3043941413989657,0.19891926665275797,0.3043941413989657
957,0,0,0,0,0
958,0,0,0,0,0
959,0,0,0,0,0
960,0,0,0,0,0
961,0,0,0,0,0
962,0,0,0,0,0
963,0,0,0,0,0
964,0,0,0,0,0
965,0,0,0,0,0
966,0,0,0,0,0
967,0,0,0,0,0
968,0,0,0,0,0
969,0,0,0,0,0
970,0,0,0,0,0
971,0,0,0,0,0
972,0,0,0,0,0
973,0,0,0,0,0
974,0,0,0,0,0
975,0,0,0,0,0
976,0,0,0,0,0
977,0,0,0,0,0
978,0,0,0,0,0
979,0,0,0,0,0
980,0,0,0,0,0
981,0,0,0,0,0
982,0,0,0,0,0
983,0,0,0,0,0
984,0,0,0,0,0
985,0,0,0,0,0
986,0,0,0,0,0
987,0,0,0,0,0
988,0,0,0,0,0
989,0,0,0,0,0
990,0,0,0,0,0
991,0,0,0,0,0
992,0,0,0,0,0
993,0,0,0,0,0
994,0,0,0,0,0
995,0,0,0,0,0
996,0,0,0,0,0
997,0,0,0,0,0
998,0,0,0,0,0
999,0,0,0,0,0
1000,0,0,0,0,0
1001,0,0,0,0,0
1002,0,0,0,0,0
1003,0,0,0,0,0
1004,0,0,0,0,0
1005,0,0,0,0,0
1006,0,0,0,0,0
1007,0,0,0,0,0
1008,0,0,0,0,0
1009,0,0,0,0,0
1010,0,0,0,0,0
1011,0,0,0,0,0
1012,0,0,0,0,0
1013,0,0,0,0,0
1014,0,0,0,0,0
1015,0,0,0,0,0
1016,0,0,0,0,0
1017,0,0,0,0,0
1018,0,0,0,0,0
1019,0,0,0,0,0
1020,0,0,0,0,0
1021,0,0,0,0,0
1022,0,0,0,0,0
1023,0,0,0,0,0
1024,0,0,0,0,0
1025,0,0,0,0,0
1026,0,0,0,0,0
1027,0,0,0,0,0
1028,0,0,0,0,0
1029,0,0,0,0,0
1030,0,0,0,0,0
1031,0,0,0,0,0
1032,0,0,0,0,0
1033,0,0,0,0,0
1034,0,0,0,0,0
1035,0,0,0,0,0
1036,0,0,0,0,0
1037,0,0,0,0,0
1038,0,0,0,0,0
1039,0,0,0,0,0
1040,0,0,0,0,0
1041,0,0,0,0,0
1042,0,0,0,0,0
1043,0,0,0,0,0
1044,0,0,0,0,0
1045,0,0,0,0,0
1046,0,0,0,0,0
1047,0,0,0,0,0
1048,0,0,0,0,0
1049,0,0,0,0,0
1050,0,0,0,0,0
1051,0,0,0,0,0
1052,0,0,0,0,0
1053,0,0,0,0,0
1054,0,0,0,0,0
1055,0,0,0,0,0
1056,0,0,0,0,0
1057,0,0,0,0,0
1058,0,0,0,0,0
1059,0,0,0,0,0
1060,0,0,0,0,0
1061,0,0,0,0,0
1062,0,0,0,0,0
1063,0,0,0,0,0
1064,0,0,0,0,0
1065,0,0,0,0,0
1066,0,0,0,0,0
1067,0,0,0,0,0
1068,0,0,0,0,0
1069,0,0,0,0,0
1070,0,0,0,0,0
1071,0,0,0,0,0
1072,0,0,0,0,0
1073,0,0,0,0,0
1074,0,0,0,0,0
1075,0,0,0,0,0
1076,0,0,0,0,0
1077,0,0,0,0,0
1078,0,0,0,0,0
1079,0,0,0,0,0
1080,0,0,0,0,0
1081,0,0,0,0,0
1082,0,0,0,0,0
1083,0,0,0,0,0
1084,0,0,0,0,0
1085,0,0,0,0,0
1086,0,0,0,0,0
1087,0,0,0,0,0
1088,0,0,0,0,0
1089,0,0,0,0,0
1090,0,0,0,0,0
1091,0,0,0,0,0
1092,0,0,0,0,0
1093,0,0,0,0,0
1094,0,0,0,0,0
1095,0,0,0,0,0
1096,0,0,0,0,0
1097,0,0,0,0,0
1098,0,0,0,0,0
1099,0,0,0,0,0
1100,0,0,0,0,0
1101,0,0,0,0,0
1102,0,0,0,0,0
1103,0,0,0,0,0
1104,0,0,0,0,0
1105,0,0,0,0,0
1106,0,0,0,0,0
1107,0,0,0,0,0
1108,0,0,0,0,0
1109,0,0,0,0,0
1110,0,0,0,0,0
1111,0,0,0,0,0
1112,0,0,0,0,0
1113,0,0,0,0,0
1114,0,0,0,0,0
1115,0,0,0,0,0
1116,0,0,0,0,0
1117,0,0,0,0,0
1118,0,0,0,0,0
1119,0,0,0,0,0
1120,0,0,0,0,0
1121,0,0,0,0,0
1122,0,0,0,0,0
1123,0,0,0,0,0
1124,0,0,0,0,0
1125,0,0,0,0,0
1126,0,0,0,0,0
1127,0,0,0,0,0
1128,0,0,0,0,0
1129,0,0,0,0,0
1130,0,0,0,0,0
1131,0,0,0,0,0
1132,0,0,0,0,0
1133,0,0,0,0,0
1134,0,0,0,0,0
1135,0,0,0,0,0
1136,0,0,0,0,0
1137,0,0,0,0,0
1138,0,0,0,0,0
1139,0,0,0,0,0
1140,0,0,0,0,0
1141,0,0,0,0,0
1142,0,0,0,0,0
1143,0,0,0,0,0
1144,0,0,0,0,0
1145,0,0,0,0,0
1146,0,0,0,0,0
1147,0,0,0,0,0
1148,0,0,0,0,0
1149,0,0,0,0,0
1150,0,0,0,0,0
1151,0,0,0,0,0
1152,0,0,0,0,0
1153,0,0,0,0,0
1154,0,0,0,0,0
1155,0,0,0,0,0
1156,0,0,0,0,0
1157,0,0,0,0,0
1158,0,0,0,0,0
1159,0,0,0,0,0
1160,0,0,0,0,0
1161,0,0,0,0,0
1162,0,0,0,0,0
1163,0,0,0,0,0
1164,0,0,0,0,0
1165,0,0,0,0,0
1166,0,0,0,0,0
1167,0,0,0,0,0
1168,0,0,0,0,0
1169,0,0,0,0,0
1170,0,0,0,0,0
1171,0,0,0,0,0
1172,0,0,0,0,0
1173,0,0,0,0,0
1174,0,0,0,0,0
1175,0,0,0,0,0
1176,0,0,0,0,0
1177,0,0,0,0,0
1178,0,0,0,0,0
1179,0,0,0,0,0
1180,0,0,0,0,0
1181,0,0,0,0,0
1182,0,0,0,0,0
1183,0,0,0,0,0
1184,0,0,0,0,0
1185,0,0,0,0,0
1186,0,0,0,0,0
1187,0,0,0,0,0
1188,0,0,0,0,0
1189,0,0,0,0,0
1190,0,0,0,0,0
1191,0,0,0,0,0
1192,0,0,0,0,0
1193,0,0,0,0,0
1194,0,0,0,0,0
1195,0,0,0,0,0
1196,0,0,0,0,0
1197,0,0,0,0,0
1198,0,0,0,0,0
1199,0,0,0,0,0
1200,0,0,0,0,0
1201,0,0,0,0,0
1202,0,0,0,0,0
1203,0,0,0,0,0
1204,0,0,0,0,0
1205,0,0,0,0,0
1206,0,0,0,0,0
1207,0,0,0,0,0
1208,0,0,0,0,0
1209,0,0,0,0,0
1210,0,0,0,0,0
1211,0,0,0,0,0
1212,0,0,0,0,0
1213,0,0,0,0,0
1214,0,0,0,0,0
1215,0,0,0,0,0
1216,0,0,0,0,0
1217,0,0,0,0,0
1218,0,0,0,0,0
1219,0,0,0,0,0
1220,0,0,0,0,0
1221,0,0,0,0,0
1222,0,0,0,0,0
1223,0,0,0,0,0
1224,0,0,0,0,0
1225,0,0,0,0,0
1226,0,0,0,0,0
1227,0,0,0,0,0
1228,0,0,0,0,0
1229,0,0,0,0,0
1230,0,0,0,0,0
1231,0,0,0,0,0
1232,0,0,0,0,0
1233,0,0,0,0,0
1234,0,0,0,0,0
1235,0,0,0,0,0
1236,0,0,0,0,0
1237,0,0,0,0,0
1238,0,0,0,0,0
1239,0,0,0,0,0
1240,0,0,0,0,0
1241,0,0,0,0,0
1242,0,0,0,0,0
1243,0,0,0,0,0
1244,0,0,0,0,0
1245,0,0,0,0,0
1246,0,0,0,0,0
1247,0,0,0,0,0
1248,0,0,0,0,0
1249,0,0,0,0,0
1250,0,0,0,0,0
1251,0,0,0,0,0
1252,0,0,0,0,0
1253,0,0,0,0,0
1254,0,0,0,0,0
1255,0,0,0,0,0
1256,0,0,0,0,0
1257,0,0,0,0,0
1258,0,0,0,0,0
1259,0,0,0,0,0
1260,0,0,0,0,0
1261,0,0,0,0,0
1262,0,0,0,0,0
1263,0,0,0,0,0
1264,0,0,0,0,0
1265,0,0,0,0,0
1266,0,0,0,0,0
1267,0,0,0,0,0
1268,0,0,0,0,0
1269,0,0,0,0,0
1270,0,0,0,0,0
1271,0,0,0,0,0
1272,0,0,0,0,0
1273,0,0,0,0,0
1274,0,0,0,0,0
1275,0,0,0,0,0
1276,0,0,0,0,0
1277,0,0,0,0,0
1278,0,0,0,0,0
1279,0,0,0,0,0
1280,0,0,0,0,0
1281,0,0,0,0,0
1282,0,0,0,0,0
1283,0,0,0,0,0
1284,0,0,0,0,0
1285,0,0,0,0,0
1286,0,0,0,0,0
1287,0,0,0,0,0
1288,0,0,0,0,0
1289,0,0,0,0,0
1290,0,0,0,0,0
1291,0,0,0,0,0
1292,0,0,0,0,0
1293,0,0,0,0,0
1294,0,0,0,0,0
1295,0,0,0,0,0
1296,0,0,0,0,0
1297,0,0,0,0,0
1298,0,0,0,0,0
1299,0,0,0,0,0
1300,0,0,0,0,0
1301,0,0,0,0,0
1302,0,0,0,0,0
1303,0,0,0,0,0
1304,0,0,0,0,0
1305,0,0,0,0,0
1306,0,0,0,0,0
1307,0,0,0,0,0
1308,0,0,0,0,0
1309,0,0,0,0,0
1310,0,0,0,0,0
1311,0,0,0,0,0
1312,0,0,0,0,0
1313,0,0,0,0,0
1314,0,0,0,0,0
1315,0,0,0,0,0
1316,0,0,0,0,0
1317,0,0,0,0,0
1318,0,0,0,0,0
1319,0,0,0,0,0
1320,0,0,0,0,0
1321,0,0,0,0,0
1322,0,0,0,0,0
1323,0,0,0,0,0
1324,0,0,0,0,0
1325,0,0,0,0,0
1326,0,0,0,0,0
1327,0,0,0,0,0
1328,0,0,0,0,0
1329,0,0,0,0,0
1330,0,0,0,0,0
1331,0,0,0,0,0
1332,0,0,0,0,0
1333,0,0,0,0,0
1334,0,0,0,0,0
1335,0,0,0,0,0
1336,0,0,0,0,0
1337,0,0,0,0,0
1338,0,0,0,0,0
1339,0,0,0,0,0
1340,0,0,0,0,0
1341,0,0,0,0,0
1342,0,0,0,0,0
1343,0,0,0,0,0
1344,0,0,0,0,0
1345,0,0,0,0,0
1346,0,0,0,0,0
1347,0,0,0,0,0
1348,0,0,0,0,0
1349,0,0,0,0,0
1350,0,0,0,0,0
1351,0,0,0,0,0
1352,0,0,0,0,0
1353,0,0,0,0,0
1354,0,0,0,0,0
1355,0,0,0,0,0
1356,0,0,0,0,0
1357,0,0,0,0,0
1358,0,0,0,0,0
1359,0,0,0,0,0
1360,0,0,0,0,0
1361,0,0,0,0,0
1362,0,0,0,0,0
1363,0,0,0,0,0
1364,0,0,0,0,0
1365,0,0,0,0,0
1366,0,0,0,0,0
1367,0,0,0,0,0
1368,0,0,0,0,0
1369,0,0,0,0,0
1370,0,0,0,0,0
1371,0,0,0,0,0
1372,0,0,0,0,0
1373,0,0,0,0,0
1374,0,0,0,0,0
1375,0,0,0,0,0
1376,0,0,0,0,0
1377,0,0,0,0,0
1378,0,0,0,0,0
1379,0,0,0,0,0
1380,0,0,0,0,0
1381,0,0,0,0,0
1382,0,0,0,0,0
1383,0,0,0,0,0
1384,0,0,0,0,0
1385,0,0,0,0,0
1386,0,0,0,0,0
1387,0,0,0,0,0
1388,0,0,0,0,0
1389,0,0,0,0,0
1390,0,0,0,0,0
1391,0,0,0,0,0
1392,0,0,0,0,0
1393,0,0,0,0,0
1394,0,0,0,0,0
1395,0,0,0,0,0
1396,0,0,0,0,0
1397,0,0,0,0,0
1398,0,0,0,0,0
1399,0,0,0,0,0
1400,0,0,0,0,0
1401,0,0,0,0,0
1402,0,0,0,0,0
1403,0,0,0,0,0
1404,0,0,0,0,0
1405,0,0,0,0,0
1406,0,0,0,0,0
1407,0,0,0,0,0
1408,0,0,0,0,0
1409,0,0,0,0,0
1410,0,0,0,0,0
1411,0,0,0,0,0
1412,0,0,0,0,0
1413,0,0,0,0,0
1414,0,0,0,0,0
1415,0,0,0,0,0
1416,0,0,0,0,0
1417,0,0,0,0,0
1418,0,0,0,0,0
1419,0,0,0,0,0
1420,0,0,0,0,0
1421,0,0,0,0,0
1422,0,0,0,0,0
1423,0,0,0,0,0
1424,0,0,0,0,0
1425,0,0,0,0,0
1426,0,0,0,0,0
1427,0,0,0,0,0
1428,0,0,0,0,0
1429,0,0,0,0,0
1430,0,0,0,0,0
1431,0,0,0,0,0
1432,0,0,0,0,0
1433,0,0,0,0,0
1434,0,0,0,0,0
1435,0,0,0,0,0
1436,0,0,0,0,0
1437,0,0,0,0,0
1438,0,0,0,0,0
1439,0,0,0,0,0
1440,0,0,0,0,0
1441,0,0,0,0,0
1442,0,0,0,0,0
1443,0,0,0,0,0
1444,0,0,0,0,0
1445,0,0,0,0,0
1446,0,0,0,0,0
1447,0,0,0,0,0
1448,0,0,0,0,0
1449,0,0,0,0,0
1450,0,0,0,0,0
1451,0,0,0,0,0
1452,0,0,0,0,0
1453,0,0,0,0,0
1454,0,0,0,0,0
1455,0,0,0,0,0
1456,0,0,0,0,0
1457,0,0,0,0,0
1458,0,0,0,0,0
1459,0,0,0,0,0
1460,0,0,0,0,0
1461,0,0,0,0,0
1462,0,0,0,0,0
1463,0,0,0,0,0
1464,0,0,0,0,0
1465,0,0,0,0,0
1466,0,0,0,0,0
1467,0,0,0,0,0
1468,0,0,0,0,0
1469,0,0,0,0,0
1470,0,0,0,0,0
1471,0,0,0,0,0
1472,0,0,0,0,0
1473,0,0,0,0,0
1474,0,0,0,0,0
1475,0,0,0,0,0
1476,0,0,0,0,0
1477,0,0,0,0,0
1478,0,0,0,0,0
1479,0,0,0,0,0
1480,0,0,0,0,0
1481,0,0,0,0,0
1482,0,0,0,0,0
1483,0,0,0,0,0
1484,0,0,0,0,0
1485,0,0,0,0,0
1486,0,0,0,0,0
1487,0,0,0,0,0
1488,0,0,0,0,0
1489,0,0,0,0,0
1490,0,0,0,0,0
1491,0,0,0,0,0
1492,0,0,0,0,0
1493,0,0,0,0,0
1494,0,0,0,0,0
1495,0,0,0,0,0
1496,0,0,0,0,0
1497,0,0,0,0,0
1498,0,0,0,0,0
1499,0,0,0,0,0
1500,0,0,0,0,0
1501,0,0,0,0,0
1502,0,0,0,0,0
1503,0,0,0,0,0
1504,0,0,0,0,0
1505,0,0,0,0,0
1506,0,0,0,0,0
1507,0,0,0,0,0
1508,0,0,0,0,0
1509,0,0,0,0,0
1510,0,0,0,0,0
1511,0,0,0,0,0
1512,0,0,0,0,0
1513,0,0,0,0,0
1514,0,0,0,0,0
1515,0,0,0,0,0
1516,0,0,0,0,0
1517,0,0,0,0,0
1518,0,0,0,0,0
1519,0,0,0,0,0
1520,0,0,0,0,0
1521,0,0,0,0,0
1522,0,0,0,0,0
1523,0,0,0,0,0
1524,0,0,0,0,0
1525,0,0,0,0,0
1526,0,0,0,0,0
1527,0,0,0,0,0
1528,0,0,0,0,0
1529,0,0,0,0,0
1530,0,0,0,0,0
1531,0,0,0,0,0
1532,0,0,0,0,0
1533,0,0,0,0,0
1534,0,0,0,0,0
1535,0,0,0,0,0
1536,0,0,0,0,0
1537,0,0,0,0,0
1538,0,0,0,0,0
1539,0,0,0,0,0
1540,0,0,0,0,0
1541,0,0,0,0,0
1542,0,0,0,0,0
1543,0,0,0,0,0
1544,0,0,0,0,0
1545,0,0,0,0,0
1546,0,0,0,0,0
1547,0,0,0,0,0
1548,0,0,0,0,0
1549,0,0,0,0,0
1550,0,0,0,0,0
1551,0,0,0,0,0
1552,0,0,0,0,0
1553,0,0,0,0,0
1554,0,0,0,0,0
1555,0,0,0,0,0
1556,0,0,0,0,0
1557,0,0,0,0,0
1558,0,0,0,0,0
1559,0,0,0,0,0
1560,0,0,0,0,0
1561,0,0,0,0,0
1562,0,0,0,0,0
1563,0,0,0,0,0
1564,0,0,0,0,0
1565,0,0,0,0,0
1566,0,0,0,0,0
1567,0,0,0,0,0
1568,0,0,0,0,0
1569,0,0,0,0,0
1570,0,0,0,0,0
1571,0,0,0,0,0
1572,0,0,0,0,0
1573,0,0,0,0,0
1574,0,0,0,0,0
1575,0,0,0,0,0
1576,0,0,0,0,0
1577,0,0,0,0,0
1578,0,0,0,0,0
1579,0,0,0,0,0
1580,0,0,0,0,0
1581,0,0,0,0,0
1582,0,0,0,0,0
1583,0,0,0,0,0
1584,0,0,0,0,0
1585,0,0,0,0,0
1586,0,0,0,0,0
1587,0,0,0,0,0
1588,0,0,0,0,0
1589,0,0,0,0,0
1590,0,0,0,0,0
1591,0,0,0,0,0
1592,0,0,0,0,0
1593,0,0,0,0,0
1594,0,0,0,0,0
1595,0,0,0,0,0
1596,0,0,0,0,0
1597,0,0,0,0,0
1598,0,0,0,0,0
1599,0,0,0,0,0
1600,0,0,0,0,0
1601,0,0,0,0,0
1602,0,0,0,0,0
1603,0,0,0,0,0
1604,0,0,0,0,0
1605,0,0,0,0,0
1606,0,0,0,0,0
1607,0,0,0,0,0
1608,0,0,0,0,0
1609,0,0,0,0,0
1610,0,0,0,0,0
1611,0,0,0,0,0
1612,0,0,0,0,0
1613,0,0,0,0,0
1614,0,0,0,0,0
1615,0,0,0,0,0
1616,0,0,0,0,0
1617,0,0,0,0,0
1618,0,0,0,0,0
1619,0,0,0,0,0
1620,0,0,0,0,0
1621,0,0,0,0,0
1622,0,0,0,0,0
1623,0,0,0,0,0
1624,0,0,0,0,0
1625,0,0,0,0,0
1626,0,0,0,0,0
1627,0,0,0,0,0
1628,0,0,0,0,0
1629,0,0,0,0,0
1630,0,0,0,0,0
1631,0,0,0,0,0
1632,0,0,0,0,0
1633,0,0,0,0,0
1634,0,0,0,0,0
1635,0,0,0,0,0
1636,0,0,0,0,0
1637,0,0,0,0,0
1638,0,0,0,0,0
1639,0,0,0,0,0
1640,0,0,0,0,0
1641,0,0,0,0,0
1642,0,0,0,0,0
1643,0,0,0,0,0
1644,0,0,0,0,0
1645,0,0,0,0,0
1646,0.43521626693215876,0.21466524572424797,0.32494075632820335,0.22055102120791079,0.32494075632820335
1647,0,0,0,0,0
1648,0,0,0,0,0
1649,0,0,0,0,0
1650,0,0,0,0,0
1651,0,0,0,0,0
1652,0,0,0,0,0
1653,0,0,0,0,0
1654,0,0,0,0,0
1655,0,0,0,0,0
1656,0,0,0,0,0
1657,0,0,0,0,0
1658,0,0,0,0,0
1659,0,0,0,0,0
1660,0,0,0,0,0
1661,0,0,0,0,0
1662,0,0,0,0,0
1663,0,0,0,0,0
1664,0,0,0,0,0
1665,0,0,0,0,0
1666,0,0,0,0,0
1667,0,0,0,0,0
1668,0,0,0,0,0
1669,0,0,0,0,0
1670,0,0,0,0,0
1671,0,0,0,0,0
1672,0,0,0,0,0
1673,0,0,0,0,0
1674,0,0,0,0,0
1675,0,0,0,0,0
1676,0,0,0,0,0
1677,0,0,0,0,0
1678,0,0,0,0,0
1679,0,0,0,0,0
1680,0,0,0,0,0
1681,0,0,0,0,0
1682,0,0,0,0,0
1683,0,0,0,0,0
1684,0,0,0,0,0
1685,0,0,0,0,0
1686,0,0,0,0,0
1687,0,0,0,0,0
1688,0,0,0,0,0
1689,0,0,0,0,0
1690,0,0,0,0,0
1691,0,0,0,0,0
1692,0,0,0,0,0
1693,0,0,0,0,0
1694,0,0,0,0,0
1695,0,0,0,0,0
1696,0,0,0,0,0
1697,0,0,0,0,0
1698,0,0,0,0,0
1699,0,0,0,0,0
1700,0,0,0,0,0
1701,0,0,0,0,0
1702,0,0,0,0,0
1703,0,0,0,0,0
1704,0,0,0,0,0
1705,0,0,0,0,0
1706,0,0,0,0,0
1707,0,0,0,0,0
1708,0,0,0,0,0
1709,0,0,0,0,0
1710,0,0,0,0,0
1711,0,0,0,0,0
1712,0,0,0,0,0
1713,0,0,0,0,0
1714,0,0,0,0,0
1715,0,0,0,0,0
1716,0,0,0,0,0
1717,0,0,0,0,0
1718,0,0,0,0,0
1719,0,0,0,0,0
1720,0,0,0,0,0
1721,0,0,0,0,0
1722,0,0,0,0,0
1723,0,0,0,0,0
1724,0,0,0,0,0
1725,0,0,0,0,0
1726,0,0,0,0,0
1727,0,0,0,0,0
1728,0,0,0,0,0
1729,0,0,0,0,0
1730,0,0,0,0,0
1731,0,0,0,0,0
1732,0,0,0,0,0
1733,0,0,0,0,0
1734,0,0,0,0,0
1735,0,0,0,0,0
1736,0,0,0,0,0
1737,0,0,0,0,0
1738,0,0,0,0,0
1739,0,0,0,0,0
1740,0,0,0,0,0
1741,0,0,0,0,0
1742,0,0,0,0,0
1743,0,0,0,0,0
1744,0,0,0,0,0
1745,0,0,0,0,0
1746,0,0,0,0,0
1747,0,0,0,0,0
1748,0,0,0,0,0
1749,0,0,0,0,0
1750,0,0,0,0,0
1751,0,0,0,0,0
1752,0,0,0,0,0
1753,0,0,0,0,0
1754,0,0,0,0,0
1755,0,0,0,0,0
1756,0,0,0,0,0
1757,0,0,0,0,0
1758,0,0,0,0,0
1759,0,0,0,0,0
1760,0,0,0,0,0
1761,0,0,0,0,0
1762,0,0,0,0,0
1763,0,0,0,0,0
1764,0,0,0,0,0
1765,0,0,0,0,0
1766,0,0,0,0,0
1767,0,0,0,0,0
1768,0,0,0,0,0
1769,0,0,0,0,0
1770,0,0,0,0,0
1771,0,0,0,0,0
1772,0,0,0,0,0
1773,0,0,0,0,0
1774,0,0,0,0,0
1775,0,0,0,0,0
1776,0,0,0,0,0
1777,0,0,0,0,0
1778,0,0,0,0,0
1779,0,0,0,0,0
1780,0,0,0,0,0
1781,0,0,0,0,0
1782,0,0,0,0,0
1783,0,0,0,0,0
1784,0,0,0,0,0
1785,0,0,0,0,0
1786,0,0,0,0,0
1787,0,0,0,0,0
1788,0,0,0,0,0
1789,0,0,0,0,0
1790,0,0,0,0,0
1791,0,0,0,0,0
1792,0,0,0,0,0
1793,0,0,0,0,0
1794,0,0,0,0,0
1795,0.16912878168722448,0.19968330435266574,0.18440604301994512,0.03055452266544126,0.18440604301994512
1796,0.18938423201881538,0.3486338224352777,0.26900902722704656,0.1592495904164623,0.26900902722704656
1797,0.2782752629240479,0.25921825190983144,0.26874675741693965,0.019057011014216474,0.26874675741693965
1798,0.31980831144340893,0.2585623683484917,0.2891853398959503,0.06124594309491721,0.2891853398959503
1799,0.4045087068077235,0.21004424754767695,0.30727647717770024,0.19446445926004655,0.30727647717770024
1800,0.3077150201643819,0.28430342214736337,0.29600922115587264,0.02341159801701853,0.29600922115587264
