FN,EAR_L,EAR_R,EAR,p1,p2,p3,p4,p5,p6
1,0.32099155397070483,0.24733627097127678,0.2841639124709908,[0.15300885 0.52893472],[0.17075406 0.51641083],[0.18986249 0.51586509],[0.20037007 0.52072299],[0.187144   0.53097725],[0.16865703 0.53177238]
2,0.23225658662213167,0.29582270292926477,0.2640396447756982,[0.18509427 0.53221345],[0.20426506 0.52274299],[0.22438681 0.52256382],[0.23438722 0.52619958],[0.22118679 0.53350788],[0.2018341  0.53415155]
3,0.2839115389405634,0.2806504265841638,0.2822809827623636,[0.2133795  0.54146588],[0.23184535 0.5304113 ],[0.25036439 0.52953464],[0.26150572 0.53350782],[0.24740955 0.54315591],[0.22925371 0.54392523]
4,0.33124763016192,0.32495317994964595,0.328100405055783,[0.23152003 0.54038757],[0.25037298 0.52770013],[0.26870826 0.52687562],[0.28079295 0.53156215],[0.2665177  0.54326761],[0.24817622 0.5441792 ]
5,0.34503048783773943,0.35443661634427337,0.3497335520910064,[0.24426565 0.53064334],[0.26319405 0.51602679],[0.28204578 0.51460856],[0.29458463 0.51922673],[0.28014368 0.53220367],[0.26132768 0.53383732]
6,0.3005330404745232,0.29117140721358276,0.29585222384405296,[0.26251894 0.5127089 ],[0.28126851 0.50057197],[0.29992807 0.49944919],[0.31253111 0.50305569],[0.29731402 0.51454848],[0.27873063 0.51565146]
7,0.2844285702520278,0.28662083466077354,0.28552470245640066,[0.28938106 0.50621766],[0.30841887 0.49231082],[0.32765082 0.49150449],[0.33955982 0.49547777],[0.32461527 0.50535679],[0.30602041 0.507128  ]
8,0.2895434851477375,0.28152754951093506,0.28553551732933624,[0.32326892 0.51161283],[0.34349436 0.4968822 ],[0.36452669 0.49545059],[0.37496722 0.50020927],[0.36170101 0.5100944 ],[0.34154454 0.51250452]
9,0.3353799258297521,0.3031954202764789,0.3192876730531155,[0.35393593 0.51845485],[0.37363198 0.50288522],[0.39348873 0.50217718],[0.40399355 0.50825143],[0.39062679 0.51868904],[0.37138981 0.52025008]
10,0.3763421692442807,0.3909646468035851,0.3836534080239329,[0.36781329 0.5167045 ],[0.38771313 0.5018369 ],[0.40714648 0.50229061],[0.41798863 0.50980055],[0.40384418 0.52096462],[0.38489702 0.52078706]
11,0.39581365515373845,0.3541092262551756,0.374961440704457,[0.36653012 0.51248223],[0.3865529  0.49831039],[0.40552062 0.49991569],[0.41582945 0.50805843],[0.40209985 0.51893997],[0.38356528 0.51793844]
12,0.36775200447551853,0.3200120772371095,0.343882040856314,[0.36084419 0.51350653],[0.38083467 0.50131273],[0.40013456 0.5029034 ],[0.41021663 0.51059449],[0.39657381 0.52074319],[0.37763238 0.51921362]
13,0.3481916696472035,0.33371725385333084,0.34095446175026717,[0.35455894 0.52153474],[0.37318745 0.51076859],[0.39091164 0.51242495],[0.40117419 0.51953471],[0.38748991 0.52843583],[0.37000573 0.52657098]
14,0.36295338969448426,0.34586180458716015,0.3544075971408222,[0.34733748 0.52491277],[0.36604524 0.51469618],[0.38358572 0.51683301],[0.39305627 0.52408826],[0.37969095 0.53313649],[0.36234996 0.53070599]
15,0.38846383172519927,0.3292152648523369,0.3588395482887681,[0.34551057 0.52786964],[0.36334264 0.51695335],[0.38007283 0.51875848],[0.38911563 0.52601361],[0.37620944 0.53552073],[0.35981271 0.53328311]
16,0.39635685834965884,0.33588722552665856,0.36612204193815867,[0.34513003 0.52945095],[0.36256641 0.51823938],[0.37929478 0.51982415],[0.38798332 0.52691698],[0.37619406 0.53651541],[0.35974637 0.53505749]
17,0.40993356589165714,0.333960170705834,0.37194686829874557,[0.34603679 0.53002018],[0.36414918 0.51836276],[0.38133258 0.52029514],[0.39056116 0.52792549],[0.37740141 0.53837585],[0.36059999 0.53605151]
18,0.39236486754235983,0.3342688973454483,0.36331688244390403,[0.34874314 0.52898115],[0.36706722 0.51784843],[0.38438201 0.51967925],[0.39433256 0.52662075],[0.38080582 0.53747797],[0.36375594 0.53520423]
19,0.31373803627855135,0.29714537317182455,0.30544170472518795,[0.35168403 0.52522355],[0.37014955 0.51709199],[0.38719618 0.5199793 ],[0.39757279 0.52549964],[0.3833926  0.53382784],[0.36633927 0.53101319]
20,0.28263804837589257,0.2702859108383333,0.27646197960711294,[0.35936567 0.51268625],[0.37909606 0.50347733],[0.39845413 0.5042904 ],[0.41051981 0.50839019],[0.39588869 0.51827359],[0.37649187 0.51804787]
21,0.3492233695530274,0.33888264143519964,0.34405300549411355,[0.37169668 0.49676603],[0.39192766 0.48372003],[0.41173571 0.48387578],[0.42460969 0.48978239],[0.40859219 0.50222731],[0.38886532 0.50212562]
22,0.34660864367758243,0.34656108369317634,0.3465848636853794,[0.38145551 0.48581326],[0.40327999 0.47146964],[0.42383686 0.47174191],[0.43662333 0.47895479],[0.42053154 0.49078473],[0.40007481 0.49041051]
23,0.33024681281175494,0.34015499583609154,0.33520090432392324,[0.39732918 0.48714313],[0.41910896 0.47276425],[0.44054246 0.47223356],[0.45410874 0.47906139],[0.4368754  0.49129742],[0.41585326 0.49094218]
24,0.3744364245852198,0.37833245272831395,0.37638443865676685,[0.41200751 0.48333025],[0.43377891 0.46804988],[0.45478719 0.46928033],[0.46702266 0.4776544 ],[0.45117879 0.48943973],[0.43053618 0.4887355 ]
25,0.3928669705944235,0.3749405398927569,0.3839037552435902,[0.42723694 0.47688553],[0.44786647 0.46104592],[0.46761435 0.46190161],[0.47996956 0.46951044],[0.46455884 0.48218906],[0.44488049 0.4821566 ]
26,0.390452106842533,0.3474364315434164,0.36894426919297474,[0.43904588 0.47163472],[0.45933145 0.45642653],[0.47857797 0.45719862],[0.49024281 0.46562374],[0.475725   0.47689691],[0.45679185 0.47661814]
27,0.3419029078900859,0.33356206017769885,0.3377324840338924,[0.4483819  0.46822208],[0.46804553 0.45546573],[0.48676902 0.45529833],[0.49894053 0.46202499],[0.48444963 0.47272784],[0.46579415 0.47256604]
28,0.3902724844600528,0.3404183556118839,0.36534542003596837,[0.45630789 0.47619575],[0.47592497 0.46194905],[0.49465954 0.4623616 ],[0.50592774 0.46998173],[0.49258447 0.48142004],[0.47395247 0.48171285]
29,0.3669900191546546,0.3373156355384868,0.3521528273465707,[0.46749452 0.48008651],[0.48627338 0.46635562],[0.50455713 0.46631807],[0.51516986 0.47287005],[0.50268233 0.48363575],[0.48442653 0.48423296]
30,0.39250330869434835,0.3753830063116265,0.38394315750298746,[0.47864172 0.48878983],[0.49651116 0.47325888],[0.51416504 0.47299606],[0.52455688 0.47995344],[0.51221937 0.49088398],[0.49488074 0.4918994 ]
31,0.36545360252309744,0.34538992976829197,0.3554217661456947,[0.48981377 0.48731464],[0.50741148 0.47207701],[0.52516466 0.4710429 ],[0.53543252 0.476722  ],[0.52354074 0.48762751],[0.50623721 0.48960394]
32,0.3442717723642238,0.3593004861042783,0.351786129234251,[0.5045523  0.49401802],[0.52230453 0.47987056],[0.53954256 0.47933048],[0.54920024 0.48501149],[0.53746796 0.4943321 ],[0.52054656 0.49599189]
33,0.33268445849211664,0.3717023636695146,0.3521934110808156,[0.52172315 0.49055451],[0.53961486 0.47656494],[0.55712736 0.47529343],[0.56733006 0.48078883],[0.5550915  0.49050665],[0.53786111 0.49215105]
34,0.3498329885715209,0.3919825746007326,0.37090778158612675,[0.53311825 0.49466294],[0.55065978 0.48085433],[0.56721711 0.48012057],[0.57767391 0.48616055],[0.56545961 0.49557385],[0.54897344 0.49694994]
35,0.38328263159272485,0.359407660181064,0.37134514588689443,[0.54228717 0.48554927],[0.56004512 0.47169206],[0.57668597 0.47200647],[0.58720303 0.47903177],[0.57411849 0.48893541],[0.55757099 0.48918697]
36,0.34868311748893566,0.3684085019638007,0.3585458097263682,[0.55018312 0.49023527],[0.56835073 0.4783482 ],[0.5848012  0.47869518],[0.59571463 0.48512682],[0.58280641 0.49423349],[0.56608617 0.49447551]
37,0.34237363899523127,0.3803800127907912,0.36137682589301123,[0.55792165 0.49094579],[0.5759204  0.48023289],[0.59219015 0.48051399],[0.60263407 0.48627368],[0.59060848 0.49551183],[0.57407182 0.4958261 ]
38,0.364506565584073,0.37885885322783336,0.37168270940595316,[0.56147981 0.50173914],[0.57889068 0.49096966],[0.59493947 0.49147159],[0.60512727 0.49718577],[0.5930025  0.50725448],[0.57679141 0.50692308]
39,0.3577630459541757,0.3636637765843591,0.36071341126926737,[0.56132179 0.50427675],[0.57863182 0.49287948],[0.59495318 0.49297795],[0.60456198 0.49860978],[0.59318602 0.50826234],[0.57687223 0.50859916]
40,0.40383568011713095,0.3796598450135709,0.39174776256535093,[0.56193048 0.51403546],[0.57832998 0.50075853],[0.59408545 0.50068069],[0.60341966 0.50659251],[0.59264106 0.51716632],[0.5768975  0.51819557]
41,0.39870994208633226,0.36449626431714044,0.38160310320173635,[0.56305414 0.5134359 ],[0.57970005 0.50054032],[0.59570903 0.50081825],[0.60485405 0.50715601],[0.59366202 0.51729524],[0.57787347 0.51754498]
42,0.3919370950948171,0.39230424141735604,0.3921206682560866,[0.56398278 0.5169937 ],[0.58114195 0.5037455 ],[0.59768403 0.50391656],[0.60706466 0.51052618],[0.59553897 0.52066416],[0.57920587 0.52090138]
43,0.38734627467854094,0.4123973203801612,0.3998717975293511,[0.56617075 0.51231194],[0.58339083 0.49969548],[0.60011798 0.49997339],[0.60932791 0.50650692],[0.59841496 0.51641017],[0.5819298 0.5168432]
44,0.3933154153328368,0.3898388286882374,0.39157712201053707,[0.56665015 0.51386333],[0.58373731 0.50163841],[0.60004365 0.50217813],[0.60921693 0.50879812],[0.59762836 0.51879364],[0.58155507 0.51842761]
45,0.3903930982210099,0.37587570504892565,0.3831344016349678,[0.56599778 0.51099908],[0.58307505 0.49867356],[0.59946626 0.49914193],[0.60861075 0.50589502],[0.59740078 0.51559097],[0.581249   0.51550603]
46,0.3853038513688713,0.3631035938723879,0.3742037226206296,[0.56570715 0.51411778],[0.58244222 0.50199795],[0.59848213 0.50250965],[0.60766423 0.50900197],[0.59618026 0.5185464 ],[0.58039439 0.51824015]
47,0.1682906369322267,0.20984110675831696,0.18906587184527185,[0.56549948 0.51551419],[0.58099091 0.51256335],[0.59655476 0.51357645],[0.60651749 0.51417732],[0.59513843 0.5198586 ],[0.57917809 0.51971042]
48,0.2142581440521465,0.2840927774262829,0.2491754607392147,[0.56616133 0.51536232],[0.58185291 0.51007497],[0.59719944 0.5103457 ],[0.60644543 0.51218253],[0.59560943 0.51853639],[0.58006924 0.51886839]
49,0.34475272603519214,0.32431984077525106,0.33453628340522157,[0.57024544 0.51448327],[0.58595556 0.50430679],[0.6007545  0.50468755],[0.60958695 0.50967497],[0.5988124  0.51812565],[0.58393711 0.51790816]
50,0.36569684038609945,0.3481474116709277,0.3569221260285136,[0.56849784 0.51613039],[0.58525759 0.50494778],[0.60156554 0.5050211 ],[0.61050391 0.51045728],[0.59949952 0.52035785],[0.58324784 0.52034378]
51,0.3836288456888132,0.375103519036026,0.3793661823624196,[0.56843346 0.51673162],[0.58520985 0.50454879],[0.60153431 0.50453067],[0.61051607 0.5102793 ],[0.59945756 0.52067381],[0.58328617 0.52082485]
52,0.3931604268635818,0.362176540149995,0.3776684835067884,[0.56713378 0.51912796],[0.58409172 0.50633681],[0.60090256 0.5060882 ],[0.60977471 0.51212627],[0.59875941 0.52294725],[0.58222055 0.52321714]
53,0.39723715252349484,0.37968018325055575,0.3884586678870253,[0.56615084 0.51953971],[0.58315659 0.50677246],[0.59994465 0.50658309],[0.60899341 0.51277238],[0.59772986 0.52372026],[0.58114409 0.52383381]
54,0.39015160696603435,0.3952274868436324,0.3926895469048334,[0.56518382 0.52081841],[0.58234501 0.50808728],[0.59927279 0.50786328],[0.60836697 0.51395822],[0.59725267 0.52478254],[0.58050472 0.52506691]
55,0.4098914355299087,0.383738774221362,0.3968151048756353,[0.56431854 0.52118784],[0.5814299  0.50796467],[0.59822816 0.50785303],[0.60718083 0.51434296],[0.59606856 0.52551144],[0.57949167 0.52565181]
56,0.4146512250439822,0.39707077059840057,0.4058609978211914,[0.56390166 0.52106088],[0.58089161 0.50763267],[0.59766966 0.50751144],[0.60666275 0.51402444],[0.59553719 0.52532446],[0.57902074 0.52553374]
57,0.4174367285092847,0.3915014484429157,0.4044690884761002,[0.56322467 0.52106136],[0.58024514 0.50683951],[0.59711349 0.50649214],[0.60610372 0.51314503],[0.59482777 0.5245378 ],[0.57828963 0.52494794]
58,0.38988037383631957,0.3957023735287407,0.39279137368253014,[0.56335187 0.51954877],[0.58029073 0.50681925],[0.59697813 0.5066607 ],[0.60610825 0.51273447],[0.59512937 0.52335769],[0.57863355 0.52369958]
59,0.4096581124374105,0.40689158009123866,0.4082748462643246,[0.56433851 0.51991004],[0.58071744 0.50666368],[0.59674156 0.50647229],[0.60552603 0.51247191],[0.59489363 0.52336526],[0.57909983 0.52388561]
60,0.42385752305881613,0.4068334832603691,0.4153455031595926,[0.56507087 0.51938146],[0.58162284 0.50570732],[0.59775406 0.50573826],[0.60647136 0.51215178],[0.59548235 0.52327752],[0.5795753  0.52353126]
61,0.39078843996465906,0.3858881850013583,0.38833831248300865,[0.566064   0.52052736],[0.58236486 0.50778514],[0.59858894 0.5074538 ],[0.60757595 0.51344752],[0.59673244 0.5237537 ],[0.58070779 0.52420974]
62,0.3926087763018853,0.387234542827332,0.38992165956460867,[0.56641465 0.51991194],[0.5829069  0.50725353],[0.599132   0.50689292],[0.60787874 0.51279289],[0.59704942 0.52325219],[0.58103961 0.52369124]
63,0.39844999024685723,0.40312009627377515,0.40078504326031617,[0.56807911 0.52011538],[0.5840503  0.50799018],[0.59946978 0.50805187],[0.60804641 0.51378977],[0.59734088 0.52397668],[0.58205229 0.52404624]
64,0.41757089134539455,0.3795857263542556,0.39857830884982504,[0.56933576 0.51951092],[0.58532113 0.50636989],[0.60072494 0.50670695],[0.60918486 0.51313192],[0.59833455 0.52330208],[0.58314419 0.52316636]
65,0.4051139573174356,0.39028790899589,0.3977009331566628,[0.57053447 0.52079582],[0.58613706 0.5083909 ],[0.60126758 0.5085054 ],[0.60975677 0.51453459],[0.59930462 0.52433944],[0.58439183 0.5245229 ]
66,0.39499132497404726,0.3811217669090097,0.3880565459415285,[0.56931859 0.52042037],[0.58547997 0.50819153],[0.60125971 0.50807482],[0.60985452 0.51380926],[0.59908462 0.52414709],[0.58347952 0.52429473]
67,0.4013064906797865,0.3648023476518437,0.3830544191658151,[0.56820375 0.52236432],[0.58499694 0.50995708],[0.60125154 0.51019168],[0.60987926 0.51629138],[0.59872526 0.52690637],[0.58260936 0.5266856 ]
68,0.4107947232242586,0.3574320651804653,0.3841133942023619,[0.56742305 0.52235353],[0.58434987 0.50929958],[0.60084999 0.50969768],[0.60959393 0.51632273],[0.59830421 0.52695316],[0.58203387 0.52670354]
69,0.38856971670898477,0.3699579617962617,0.37926383925262325,[0.56661171 0.52348614],[0.58332634 0.51132303],[0.59971052 0.51141971],[0.6085844  0.51736712],[0.59762323 0.52773225],[0.58141708 0.52773023]
70,0.414808148373226,0.3690296843322762,0.3919189163527511,[0.56679279 0.52388507],[0.58311182 0.5107857 ],[0.59901071 0.51083809],[0.607723   0.51712912],[0.59689724 0.52781653],[0.5812372  0.52799022]
71,0.4079046550924579,0.38951349550704234,0.3987090752997501,[0.56695515 0.52456135],[0.58311582 0.51217544],[0.59870684 0.51226652],[0.60730249 0.51800823],[0.59652323 0.52871954],[0.581065   0.52879918]
72,0.2820306178604445,0.2710156343485445,0.2765231261044945,[0.56615388 0.52376193],[0.58160335 0.51670212],[0.59654427 0.51746166],[0.60524136 0.52072996],[0.59482366 0.52802867],[0.5798167  0.52796912]
73,0.05443603098491005,0.05382766196550681,0.05413184647520843,[0.56641924 0.52859384],[0.58125019 0.53195482],[0.59693193 0.53266162],[0.60741872 0.5287534 ],[0.59522551 0.5340445 ],[0.57922965 0.53298348]
74,0.046294225423922614,0.05859515427621098,0.0524446898500668,[0.56666625 0.52847201],[0.58164006 0.53314269],[0.59740728 0.53350621],[0.60799438 0.52860284],[0.59566128 0.53384638],[0.57962638 0.53277099]
75,0.04650189930579062,0.06466177609562812,0.055581837700709374,[0.56682253 0.52951604],[0.58186394 0.53356481],[0.59775597 0.53437942],[0.60838485 0.53005832],[0.59619796 0.535411  ],[0.58000481 0.53429455]
76,0.04565965064636717,0.058081630466782795,0.05187064055657498,[0.56658137 0.52904469],[0.58183396 0.5333063 ],[0.59788173 0.53384429],[0.60828513 0.52924502],[0.59619749 0.53429407],[0.57976907 0.53327429]
77,0.05105331403504815,0.0667125430036943,0.05888292851937122,[0.56641263 0.52958864],[0.58158129 0.53358579],[0.59735698 0.53440571],[0.60780108 0.53003031],[0.59550405 0.5351001 ],[0.57935935 0.5339238 ]
78,0.05526233380841305,0.06034202538213171,0.05780217959527238,[0.56624496 0.52828044],[0.58190894 0.53218657],[0.59808266 0.53278786],[0.60813129 0.52829361],[0.59600401 0.5335291 ],[0.57949746 0.53241849]
79,0.16031560768079675,0.2847737210786179,0.22254466437970732,[0.56702071 0.5265497 ],[0.58208406 0.52408987],[0.59720719 0.52459872],[0.60653543 0.52482122],[0.59570092 0.53057313],[0.58018899 0.53032881]
80,0.3377308661678355,0.30695465776593384,0.32234276196688466,[0.56743079 0.5252434 ],[0.58308446 0.51585716],[0.59787321 0.51628661],[0.60630745 0.52072865],[0.59604454 0.52920598],[0.58122253 0.52911508]
81,0.38067059688732086,0.3642570147865015,0.3724638058369112,[0.56767672 0.52542663],[0.58328134 0.51453823],[0.59817088 0.51512933],[0.60674924 0.52060843],[0.59614158 0.52988273],[0.58133262 0.52949232]
82,0.38561631384453726,0.3731632380273032,0.37938977593592027,[0.56771457 0.52562922],[0.58347815 0.51419973],[0.59869695 0.51444179],[0.60735202 0.51963198],[0.59676671 0.52966952],[0.58164036 0.52965891]
83,0.39026902593576196,0.3922926592336755,0.39128084258471874,[0.56800938 0.52627641],[0.58389384 0.51442856],[0.59921712 0.51484358],[0.60799164 0.5204795 ],[0.59711444 0.5303461 ],[0.58193958 0.53019744]
84,0.4065240944996572,0.38422542889301153,0.39537476169633434,[0.5683068  0.52631956],[0.58422095 0.51381123],[0.59960252 0.5141651 ],[0.60825151 0.52022016],[0.59733576 0.53032112],[0.58213776 0.53021866]
85,0.4047230919355351,0.3770033867403237,0.3908632393379294,[0.56784302 0.52604878],[0.58409691 0.51376271],[0.5996213  0.51398927],[0.60811716 0.52001905],[0.59714836 0.53026301],[0.5817374 0.5300957]
86,0.39034673943784665,0.38557791892013804,0.3879623291789923,[0.56815082 0.52576387],[0.58406001 0.51376444],[0.59945971 0.51390463],[0.60784543 0.51971585],[0.59707445 0.52938336],[0.58189386 0.52929968]
87,0.4200572489566086,0.37492631573726304,0.39749178234693583,[0.56889617 0.52670306],[0.58477545 0.51358366],[0.60017204 0.51345706],[0.60876697 0.51952982],[0.5979386  0.53030938],[0.58271784 0.53049308]
88,0.3989785578726082,0.40785739193736104,0.40341797490498466,[0.56855154 0.52684867],[0.58416378 0.51454836],[0.59931684 0.51441932],[0.60775077 0.52007759],[0.59731638 0.53006601],[0.58229476 0.53040707]
89,0.41859541633385583,0.38103866015329696,0.3998170382435764,[0.56872982 0.52672327],[0.58421671 0.51394296],[0.5991872  0.51386476],[0.6076014  0.51975238],[0.59704602 0.5302242 ],[0.58224809 0.53038865]
90,0.4078446831431197,0.3717379391889707,0.3897913111660452,[0.56762308 0.52618819],[0.58346426 0.51390904],[0.59880376 0.5138666 ],[0.60739863 0.51963639],[0.59665787 0.5301944 ],[0.58143932 0.53019714]
91,0.4059433819310989,0.3681060378732568,0.38702470990217785,[0.56685627 0.52670634],[0.58301067 0.51392913],[0.59867275 0.51384926],[0.60715824 0.51988381],[0.59633446 0.53027183],[0.58088005 0.53038979]
92,0.41629819608565216,0.37594990543350554,0.39612405075957885,[0.56823683 0.52706474],[0.58368599 0.51420659],[0.59879887 0.51421618],[0.60730529 0.52028894],[0.5967356 0.5304997],[0.58185619 0.53070557]
93,0.4234564781902396,0.37318922831113577,0.3983228532506877,[0.56817955 0.52672124],[0.58376086 0.51340228],[0.59897739 0.51341921],[0.60740572 0.51967996],[0.59673864 0.53004348],[0.58183777 0.53027081]
94,0.41075811934817963,0.3884167164008974,0.39958741787453855,[0.56816518 0.52680737],[0.58384085 0.51459885],[0.59898132 0.51483476],[0.60750484 0.5208897 ],[0.5968231  0.53103364],[0.58184749 0.53081656]
95,0.4182181561119068,0.3718533292845925,0.3950357426982497,[0.56786728 0.52680898],[0.58349609 0.51380992],[0.598786  0.5136205],[0.6073423  0.51954883],[0.59686691 0.53018123],[0.58181298 0.53062648]
96,0.3955794637984369,0.380611257115717,0.38809536045707693,[0.56806743 0.52650297],[0.58384228 0.51438677],[0.59912932 0.51427478],[0.60767823 0.51987028],[0.59704453 0.52998632],[0.58189481 0.53019273]
97,0.40693334681380927,0.3814749237543612,0.39420413528408527,[0.56726664 0.52712011],[0.58324432 0.51407474],[0.59880495 0.51391423],[0.60744697 0.52023631],[0.59654856 0.53042632],[0.58115023 0.53045374]
98,0.3969925532572417,0.38823226275432,0.39261240800578084,[0.56760037 0.52732784],[0.58368397 0.51429194],[0.59951651 0.51394922],[0.60804588 0.52018011],[0.59722084 0.53012729],[0.58170408 0.53044164]
99,0.40440403844665157,0.36955223872747567,0.38697813858706365,[0.56734812 0.52720433],[0.58367616 0.51456106],[0.59941125 0.51453292],[0.60801572 0.52055109],[0.5969944 0.5310365],[0.58143204 0.53105909]
100,0.3823726785745954,0.3847478833648677,0.38356028096973155,[0.56795216 0.52725333],[0.58380455 0.51569486],[0.59910309 0.51579201],[0.60779399 0.52133328],[0.59690106 0.53102857],[0.58174396 0.53096497]
101,0.39307249184820653,0.3585023460662327,0.3757874189572196,[0.56805122 0.52740395],[0.58375072 0.51525897],[0.59915984 0.51532102],[0.60798556 0.52105391],[0.59694946 0.53106493],[0.58178312 0.53102696]
102,0.3932122625112214,0.34298945373978384,0.36810085812550264,[0.56782877 0.52744246],[0.5835256  0.51539218],[0.59875268 0.51565045],[0.60747516 0.52137721],[0.59651899 0.53118688],[0.58150434 0.5311082 ]
103,0.28767057703723853,0.2547623985771505,0.27121648780719454,[0.56756693 0.52913523],[0.58227146 0.52211571],[0.59652728 0.52281064],[0.60519677 0.52592176],[0.59492129 0.53320575],[0.58057749 0.53319734]
104,0.05920655381147949,0.06506097032321514,0.06213376206734732,[0.56557769 0.53134865],[0.58097917 0.53415418],[0.59711623 0.53521889],[0.60742098 0.531762  ],[0.59503013 0.53636855],[0.57861781 0.5351764 ]
105,0.062122447931721274,0.0654522774793938,0.06378736270555754,[0.56554615 0.53366488],[0.58121854 0.53664851],[0.59723222 0.53711104],[0.60739774 0.53310919],[0.5951044  0.53835815],[0.57860142 0.53743917]
106,0.057064630739500494,0.060672972892551656,0.05886880181602608,[0.56642622 0.53233397],[0.58159107 0.53673482],[0.59734505 0.53730595],[0.60752028 0.53253013],[0.59523737 0.53803039],[0.57913172 0.53683496]
107,0.06708884464305218,0.05787171900925308,0.06248028182615263,[0.56669974 0.53277451],[0.58188152 0.53649223],[0.59760576 0.5372746 ],[0.60754001 0.53298616],[0.59528142 0.53870416],[0.57926095 0.53732973]
108,0.07121292632882521,0.05898560953627522,0.06509926793255022,[0.56694126 0.5324071 ],[0.58238763 0.53641617],[0.59851706 0.53718293],[0.60828882 0.53272772],[0.59596068 0.53868282],[0.57957286 0.53721243]
109,0.06711185151553166,0.0651378930923856,0.06612487230395864,[0.56638241 0.53028536],[0.58236539 0.5336473 ],[0.59869325 0.53456879],[0.60857618 0.53072953],[0.5964573  0.53620601],[0.57977921 0.53494263]
110,0.055599745775526864,0.06682124512228944,0.06121049544890815,[0.56735551 0.53220618],[0.5830819  0.53586179],[0.59957522 0.53671563],[0.60996854 0.53326601],[0.59802544 0.53864419],[0.5812999  0.53726137]
111,0.04438592936174041,0.08172123368111071,0.06305358152142557,[0.56765521 0.53352636],[0.58322585 0.53686064],[0.59933078 0.53743458],[0.6095823  0.53338903],[0.59783268 0.53831971],[0.58137995 0.53758222]
112,0.05497204325970325,0.06781765734090721,0.061394850300305226,[0.56799424 0.53166509],[0.58357209 0.53582913],[0.59977293 0.53662002],[0.60970759 0.53234655],[0.59779382 0.53763711],[0.58125937 0.53630704]
113,0.05369700768306453,0.07413405528084378,0.06391553148195415,[0.56795615 0.5317353 ],[0.58382565 0.53586751],[0.60052222 0.53637385],[0.61050606 0.53201854],[0.59858841 0.53755915],[0.58156681 0.53630883]
114,0.05656721516790209,0.06232285856714031,0.0594450368675212,[0.56787002 0.53206539],[0.58369648 0.53605354],[0.60009456 0.53665292],[0.61008501 0.53249961],[0.59806859 0.53776294],[0.58127195 0.53650439]
115,0.05275884980881559,0.06345788818040875,0.058108368994612164,[0.56825584 0.53290391],[0.58382279 0.53614831],[0.59991783 0.53686386],[0.61010921 0.53305334],[0.59810185 0.53788853],[0.58161569 0.53689873]
116,0.04892617911881308,0.07293986976965978,0.06093302444423643,[0.56784725 0.53122574],[0.5833717  0.53518146],[0.59967065 0.53564101],[0.60950863 0.53111124],[0.59792101 0.53660959],[0.58138639 0.53579122]
117,0.13126052314678988,0.3085630077740837,0.21991176546043678,[0.56737715 0.53061289],[0.58255529 0.52888775],[0.59792906 0.52949077],[0.60724801 0.52842915],[0.59607214 0.53407133],[0.58036667 0.53397709]
118,0.32120983275467235,0.34500855002427055,0.3331091913894715,[0.56969202 0.5298177 ],[0.58481389 0.5210433 ],[0.59931844 0.52118868],[0.60791183 0.52506226],[0.59763825 0.53330457],[0.58306807 0.53343153]
119,0.3522980513898795,0.3441667096867826,0.34823238053833105,[0.56973571 0.529477  ],[0.58482677 0.51893449],[0.59933782 0.51934165],[0.60805821 0.52441269],[0.59738892 0.53269392],[0.5830074  0.53255641]
120,0.3438332462862803,0.3455248083670855,0.3446790273266829,[0.56856978 0.52892584],[0.58406919 0.51875359],[0.59909534 0.51887971],[0.60778284 0.52344555],[0.59726501 0.53224409],[0.58233583 0.53238225]
121,0.3684895982348073,0.3597876184521271,0.36413860834346723,[0.56831294 0.52894586],[0.58393663 0.51839978],[0.59899604 0.51890558],[0.60761333 0.52429622],[0.59702665 0.5332796 ],[0.58206409 0.53293693]
122,0.3768415623517124,0.36355248889564273,0.37019702562367757,[0.56808901 0.52861953],[0.5838536 0.517694 ],[0.59920675 0.5181306 ],[0.60774505 0.52352947],[0.59694272 0.53298241],[0.58175194 0.53265703]
123,0.39858012490784495,0.3692831340252508,0.3839316294665479,[0.56917512 0.52939892],[0.58473819 0.51740474],[0.59961474 0.5176428 ],[0.60812819 0.52320725],[0.59747446 0.53309262],[0.58272702 0.53312087]
124,0.4051720910275611,0.38709876970788637,0.3961354303677237,[0.56886107 0.52845198],[0.58464438 0.51642156],[0.59999245 0.51671576],[0.60856938 0.52264422],[0.59775543 0.53282315],[0.5825873  0.53254867]
125,0.3866595189223863,0.4210254229798695,0.4038424709511279,[0.56819195 0.52850235],[0.5842098  0.51697171],[0.59973937 0.51707774],[0.60845441 0.52254367],[0.59760302 0.53270048],[0.58213902 0.53254133]
126,0.40483367261505415,0.37777136532766364,0.3913025189713589,[0.56834793 0.52877146],[0.58437103 0.51677507],[0.59998947 0.51695502],[0.60865951 0.52281034],[0.59772062 0.53338861],[0.58218992 0.53303385]
127,0.39698837919854757,0.3982741080990993,0.3976312436488234,[0.56823844 0.52905452],[0.58408898 0.51694953],[0.59953403 0.5168162 ],[0.60806471 0.52248263],[0.59740365 0.5327636 ],[0.58208597 0.53278303]
128,0.40164877116221376,0.39904412940256545,0.4003464502823896,[0.56753135 0.52920604],[0.58371079 0.51676124],[0.59930575 0.51679516],[0.6078915  0.52259773],[0.59698397 0.5330565 ],[0.58149719 0.53303808]
129,0.2476627411890049,0.27880795669983083,0.26323534894441786,[0.56555873 0.53117055],[0.58149159 0.52496159],[0.59709579 0.52529377],[0.60579067 0.52745438],[0.59563631 0.53469056],[0.57968241 0.53530788]
130,0.2635589756375145,0.30061706723596643,0.2820880214367405,[0.56777167 0.52962959],[0.58278161 0.52340257],[0.59691763 0.52384156],[0.60517859 0.52663982],[0.59552705 0.53332055],[0.58118343 0.53347689]
131,0.3524347339983018,0.3451764967305446,0.3488056153644232,[0.56752807 0.52915275],[0.58364344 0.51914251],[0.59907818 0.51934379],[0.60763961 0.52405065],[0.59715325 0.53337157],[0.58161557 0.53334039]
132,0.39872609373592277,0.39813481522006855,0.39843045447799563,[0.56800175 0.52903026],[0.58403188 0.51739192],[0.59934169 0.51790261],[0.60801643 0.52371269],[0.59696943 0.53389257],[0.58166057 0.53324085]
133,0.3933116873886756,0.3702100861976942,0.3817608867931849,[0.56730914 0.52884614],[0.58360708 0.51733249],[0.59896213 0.51769173],[0.60755926 0.52326   ],[0.59648383 0.53353119],[0.58108127 0.53306401]
134,0.400314994598549,0.37881316019149786,0.3895640773950234,[0.56738424 0.5285387 ],[0.58340204 0.51677465],[0.59885275 0.51693177],[0.6073072  0.52256322],[0.5965668  0.53296489],[0.58119375 0.53274703]
135,0.4042613153037005,0.3799143053260487,0.3920878103148746,[0.56789547 0.52919483],[0.58396524 0.51685071],[0.59942794 0.51705909],[0.60794175 0.52290183],[0.59697425 0.53325027],[0.58163249 0.53308356]
136,0.4024743394933351,0.37230346810182946,0.3873889037975823,[0.56755155 0.52915454],[0.58360112 0.51691097],[0.59912425 0.51697278],[0.60755008 0.52281696],[0.59674615 0.53311592],[0.58137578 0.53303921]
137,0.40452214238385353,0.37243469630592946,0.38847841934489147,[0.56819504 0.52862787],[0.58432615 0.51642507],[0.59976131 0.51680875],[0.60837662 0.52270198],[0.5971387 0.5330956],[0.58176726 0.53258741]
138,0.40857979844082987,0.3729029445165737,0.3907413714787018,[0.56803584 0.52852517],[0.58409005 0.51660043],[0.59942144 0.51709098],[0.60791719 0.52310836],[0.59685403 0.53340936],[0.58162165 0.53278279]
139,0.4231503662218278,0.38570764084633063,0.4044290035340792,[0.56879139 0.52939403],[0.5846107  0.51696086],[0.59971392 0.5175252 ],[0.6081115  0.52387255],[0.59720123 0.53414637],[0.58222049 0.53358299]
140,0.4257803227538687,0.4058651312315059,0.4158227269926873,[0.5687778  0.52909458],[0.58465403 0.51610351],[0.59998548 0.51639205],[0.60843503 0.52280086],[0.59749883 0.53328139],[0.582304   0.53306323]
141,0.3932783879745865,0.3963459055487803,0.3948121467616834,[0.56873924 0.52940106],[0.5843668  0.51716763],[0.5996055  0.51686984],[0.60816705 0.52249539],[0.59779179 0.53243828],[0.58268422 0.53288841]
142,0.40956057021211256,0.3916505266109005,0.40060554841150653,[0.56909651 0.52987754],[0.58466554 0.51687562],[0.59988022 0.51673025],[0.60832494 0.52255541],[0.59764677 0.53285468],[0.58265054 0.53316087]
143,0.40304247313967284,0.39351330399948803,0.39827788856958046,[0.56815714 0.52841526],[0.58411241 0.51637816],[0.59955853 0.5164386 ],[0.60815334 0.52220708],[0.59733641 0.53262895],[0.58196634 0.53252041]
144,0.41840549381494935,0.400343347194984,0.40937442050496664,[0.56864995 0.52916002],[0.58448476 0.51597178],[0.59990191 0.51598668],[0.60847354 0.52201593],[0.59742045 0.53266674],[0.58217013 0.53280658]
145,0.42131829706938734,0.3851374578468696,0.4032278774581285,[0.56799775 0.52886176],[0.58408171 0.51643002],[0.59935331 0.51677161],[0.60764694 0.52270734],[0.59671342 0.53350025],[0.58146536 0.53310025]
146,0.41102944924163803,0.3885374461273244,0.3997834476844812,[0.56852889 0.52932978],[0.58449912 0.51662409],[0.60001141 0.51669854],[0.60854125 0.52291155],[0.59777242 0.53318512],[0.58243185 0.53317052]
147,0.40602229236702303,0.4049136789635197,0.40546798566527137,[0.56864959 0.52939665],[0.58441281 0.51685888],[0.59985274 0.51660484],[0.60825497 0.52251291],[0.59781796 0.5327372 ],[0.58254731 0.53313565]
148,0.4304991869509073,0.37986299926458955,0.4051810931077484,[0.56892979 0.52927303],[0.58479023 0.51606637],[0.60010147 0.51640755],[0.60855669 0.52296889],[0.59752953 0.53347439],[0.58244073 0.53319418]
149,0.4065936407935614,0.39874952673794145,0.4026715837657514,[0.56746209 0.52837032],[0.58376163 0.51628983],[0.59946311 0.51646936],[0.60789061 0.52261215],[0.59701216 0.53299421],[0.58143246 0.53262675]
150,0.4138473401098258,0.38271610556507457,0.3982817228374502,[0.56786293 0.52873862],[0.58409965 0.5161972 ],[0.59965849 0.51627868],[0.60799092 0.52245277],[0.59724677 0.53296471],[0.5818516  0.53280509]
151,0.4146200119564935,0.39043162447443025,0.40252581821546185,[0.56885731 0.52839738],[0.58485931 0.51615787],[0.60023397 0.51643729],[0.60860413 0.52263623],[0.59768665 0.53297621],[0.58245057 0.532552  ]
152,0.4053987956844036,0.38863783200297203,0.3970183138436878,[0.56848371 0.52871549],[0.5843913  0.51658779],[0.59979272 0.51665813],[0.60822368 0.52256215],[0.59772962 0.53278279],[0.58249748 0.53282666]
153,0.43397875576146006,0.4077470187981802,0.42086288727982013,[0.56851202 0.52967942],[0.58448452 0.51640213],[0.60002583 0.51661706],[0.60837322 0.52303743],[0.5976516  0.53392887],[0.58232576 0.53387022]
154,0.4288593245625372,0.4044962254678738,0.41667777501520553,[0.56849158 0.52944368],[0.58446813 0.51648223],[0.59985459 0.5167734 ],[0.60809779 0.52314937],[0.59731001 0.53378588],[0.58207566 0.53351057]
155,0.4378445532193013,0.3851835174886784,0.4115140353539899,[0.5687747 0.5301519],[0.58471477 0.51662481],[0.60014367 0.51711738],[0.60839874 0.52380127],[0.59742326 0.53438914],[0.58227378 0.53411174]
156,0.4349465294796605,0.4006611309997798,0.4178038302397201,[0.56863052 0.529845  ],[0.58457667 0.51673156],[0.5999983  0.51721764],[0.60826784 0.52385062],[0.5972901 0.5344305],[0.58208197 0.53399998]
157,0.40038183757211443,0.40527435754281227,0.40282809755746335,[0.56921202 0.52947927],[0.58518368 0.51679569],[0.60065663 0.51692861],[0.60913777 0.52300113],[0.5982495  0.53284836],[0.58302891 0.53294104]
158,0.39009659403257235,0.4071604047688174,0.3986284994006949,[0.56847978 0.52942622],[0.58465481 0.51741141],[0.60000861 0.51767963],[0.60845238 0.5233444 ],[0.59735227 0.53323102],[0.58209437 0.53297079]
159,0.3867992272832599,0.404187313293271,0.3954932702882654,[0.56810856 0.52890521],[0.5844003  0.51760507],[0.59985834 0.51803291],[0.60829508 0.52368987],[0.59721035 0.53356946],[0.58178669 0.53297275]
160,0.41653718555853503,0.4104138743715682,0.4134755299650516,[0.56860161 0.52958244],[0.58466852 0.51656085],[0.60004663 0.5168829 ],[0.60844678 0.52313924],[0.59739554 0.53346634],[0.58218414 0.53320765]
161,0.3891462852352317,0.39900083097705236,0.39407355810614203,[0.56783199 0.52922136],[0.58416617 0.51751816],[0.59985149 0.51777828],[0.60839224 0.5237031 ],[0.59740353 0.53357464],[0.58177793 0.53321111]
162,0.41328580488129935,0.3760761458620957,0.39468097537169755,[0.56901401 0.53010237],[0.58486003 0.51722616],[0.60011572 0.51731098],[0.60856318 0.52331591],[0.59764725 0.53374553],[0.58256489 0.53361535]
163,0.40427473978329714,0.38764123610809614,0.39595798794569664,[0.56890428 0.53019911],[0.58473974 0.51777709],[0.59999025 0.51789188],[0.60836846 0.52375436],[0.59759128 0.53388149],[0.58251125 0.53378558]
164,0.40303636578783825,0.38822061154348625,0.39562848866566225,[0.56871998 0.52988547],[0.58459127 0.5176267 ],[0.5999254  0.51761419],[0.60824931 0.52339947],[0.59769017 0.53358376],[0.5825302 0.5336591]
165,0.38399356171423366,0.3770475925277007,0.3805205771209672,[0.56855172 0.52991664],[0.58457881 0.51818037],[0.5999139  0.51804692],[0.60845506 0.52345163],[0.59780741 0.53345191],[0.58255702 0.53354442]
166,0.10263945052817904,0.06550621796062027,0.08407283424439965,[0.56614596 0.53065801],[0.5824675 0.5306164],[0.59932911 0.53133029],[0.6089862 0.5299688],[0.59758306 0.53518558],[0.580441  0.5347048]
167,0.05524410396792439,0.06792723906572423,0.061585671516824314,[0.56756091 0.53283697],[0.58334893 0.53527707],[0.59983903 0.53610176],[0.60989559 0.53335983],[0.59820276 0.53770149],[0.58145076 0.5367285 ]
168,0.24759671763685184,0.2620907205125089,0.2548437190746804,[0.56870216 0.53129339],[0.58371294 0.52542526],[0.59852916 0.52556622],[0.60687625 0.52768087],[0.59699816 0.53466904],[0.58200914 0.53503269]
169,0.3591764710809861,0.33532295816976565,0.3472497146253759,[0.56932724 0.53020346],[0.58503026 0.51946151],[0.60019636 0.51978993],[0.60890859 0.52523696],[0.59806013 0.53392327],[0.58302999 0.53368402]
170,0.38050687394891347,0.3543701139376691,0.3674384939432913,[0.56878901 0.53016883],[0.58468968 0.51887548],[0.60003126 0.51902932],[0.6084801  0.52456474],[0.59769917 0.53418136],[0.58245987 0.53388536]
171,0.40393619182818397,0.37161898270556276,0.3877775872668734,[0.56852323 0.53003985],[0.58464396 0.51792771],[0.60007924 0.51824284],[0.60837895 0.52430367],[0.59757572 0.53433269],[0.58231694 0.53400683]
172,0.39276156935787326,0.3737018597250392,0.3832317145414562,[0.56905758 0.52962071],[0.58495897 0.51813364],[0.60028577 0.51856107],[0.60877675 0.52436966],[0.59784114 0.53416908],[0.58263099 0.53363329]
173,0.39836201068320126,0.39163263899909523,0.39499732484114825,[0.56858951 0.5302217 ],[0.58469981 0.51807588],[0.60011929 0.51833761],[0.60848415 0.52420944],[0.59746182 0.53422701],[0.58216566 0.53390819]
174,0.3827901011617904,0.36614004646660664,0.3744650738141985,[0.56834775 0.53003907],[0.58463097 0.51819742],[0.60031128 0.51823479],[0.6087606  0.52400845],[0.59779394 0.53373712],[0.58229882 0.5335983 ]
175,0.408935014121929,0.365073877096177,0.387004445609053,[0.56881356 0.53011686],[0.58497655 0.51797634],[0.6004585  0.51843816],[0.60881025 0.52466303],[0.59775674 0.53480697],[0.58241731 0.53420025]
176,0.42053889252958704,0.3661567437067014,0.39334781811814423,[0.56916976 0.53016394],[0.58532625 0.5172962 ],[0.60095054 0.51784277],[0.60954583 0.52438581],[0.59814936 0.53477067],[0.58273381 0.53424639]
177,0.4115444217045459,0.3814646457003853,0.39650453370246563,[0.56938595 0.53026748],[0.58538324 0.51800203],[0.60084516 0.51840991],[0.60934985 0.52457702],[0.59829611 0.53486544],[0.58299875 0.53440344]
178,0.4083845426831778,0.373413418133818,0.3908989804084979,[0.56933022 0.53039658],[0.58527136 0.51806045],[0.60068613 0.51835179],[0.60918802 0.52459317],[0.59817123 0.53465754],[0.582928   0.53429151]
179,0.4070202076630463,0.39235656765342214,0.3996883876582342,[0.56972432 0.530294  ],[0.58549941 0.51811779],[0.60072422 0.51844835],[0.60915065 0.52440929],[0.59823054 0.53447676],[0.58320314 0.53418344]
180,0.4127636679484148,0.36716538646978847,0.38996452720910163,[0.57035506 0.53099757],[0.58659965 0.5188632 ],[0.60201514 0.51916575],[0.61035079 0.52560329],[0.59928244 0.53577417],[0.58397877 0.53513831]
181,0.42302510886475253,0.3575587075516159,0.3902919082081842,[0.57225776 0.53164506],[0.58852351 0.5183388 ],[0.60448545 0.51819956],[0.61273777 0.525114  ],[0.60204381 0.53545618],[0.58643961 0.53547508]
182,0.4083934544849394,0.37074531784628584,0.38956938616561265,[0.57744515 0.53209621],[0.59303373 0.51945734],[0.60839641 0.51916271],[0.61641455 0.52517295],[0.6066286  0.53515273],[0.59151113 0.53562647]
183,0.4360004720433314,0.371198262081287,0.4035993670623092,[0.58176911 0.53236598],[0.59725344 0.51898462],[0.61244619 0.51896995],[0.62025732 0.5253678 ],[0.61012328 0.53586739],[0.59519446 0.53591555]
184,0.4147316647796141,0.3638675819754995,0.3892996233775568,[0.58649766 0.53193092],[0.60241252 0.51930565],[0.61820632 0.51950157],[0.62599754 0.52596039],[0.6159327 0.5357886],[0.60054201 0.53589141]
185,0.42124089691691613,0.3445880227747483,0.3829144598458322,[0.59560525 0.53218162],[0.61052752 0.5203281 ],[0.62529522 0.52111483],[0.63236952 0.52713591],[0.62245607 0.53644073],[0.60807371 0.53581178]
186,0.4087236109371479,0.35785381586316584,0.38328871340015686,[0.60818416 0.53105509],[0.6222558  0.52095515],[0.63645548 0.52201331],[0.64280766 0.5277456 ],[0.63417369 0.53574842],[0.62043113 0.53534847]
187,0.3897003709355118,0.3448920003738523,0.36729618565468203,[0.62061703 0.53361815],[0.63413113 0.52468073],[0.64771307 0.52566594],[0.65339375 0.53098595],[0.64583206 0.53797805],[0.63263547 0.53776902]
188,0.45904931151621065,0.36697413705931076,0.4130117242877607,[0.63386965 0.53374612],[0.64659911 0.52470964],[0.65910894 0.52628982],[0.66377997 0.53182524],[0.65649569 0.53958821],[0.64426953 0.53847843]
189,0.4777863333814072,0.3723375639702504,0.4250619486758288,[0.64452708 0.53427619],[0.65704197 0.52542812],[0.66930193 0.52751964],[0.67329574 0.53344595],[0.66692489 0.54060131],[0.65495455 0.53948003]
190,0.4874677343846441,0.38206756935430153,0.4347676518694728,[0.65468425 0.53481227],[0.66627294 0.5271399 ],[0.67749184 0.52932662],[0.680179   0.53474212],[0.67495704 0.54108715],[0.66393167 0.53974962]
191,0.525904267380437,0.36654392503883143,0.4462240962096342,[0.66459471 0.53556836],[0.67556155 0.52893692],[0.68553257 0.53178644],[0.68733406 0.53686994],[0.68264383 0.5429678 ],[0.67269623 0.54100966]
192,0.5570753484080463,0.3743127945423704,0.46569407147520836,[0.67638141 0.5367139 ],[0.6855371 0.5321067],[0.69359815 0.53506517],[0.69491816 0.53900373],[0.69084513 0.54486358],[0.68272042 0.5423587 ]
193,0.8088185430102436,0.36698552142068264,0.5879020322154631,[0.68598551 0.54034114],[0.69410259 0.53406775],[0.70087135 0.53625619],[0.70077413 0.54135674],[0.69841826 0.54770082],[0.69156969 0.54607797]
194,0.9206164659967326,0.3688794540826941,0.6447479600397134,[0.69444412 0.54218161],[0.7012307 0.5369727],[0.70645285 0.53891051],[0.70523447 0.54264331],[0.7039665  0.54823118],[0.69855154 0.54685509]
195,1.1109567627611598,0.40229509808595126,0.7566259304235555,[0.69879615 0.54321384],[0.70498365 0.53863996],[0.70937371 0.53992909],[0.7067048  0.54264057],[0.70684981 0.54811507],[0.70227915 0.5472787 ]
196,1.192437498463544,0.4449465816281615,0.8186920400458527,[0.70214295 0.54303879],[0.70816392 0.53840095],[0.71226448 0.54017776],[0.70922035 0.54337728],[0.70960075 0.54768634],[0.70531851 0.54686648]
197,1.0633694297243395,0.44724120561825037,0.7553053176712949,[0.70253628 0.54357982],[0.70925426 0.5392077 ],[0.71388924 0.54124755],[0.71080029 0.54483616],[0.71107018 0.54912788],[0.70618588 0.54810119]
198,1.041983512547168,0.41484951458324376,0.7284165135652059,[0.70382088 0.54361606],[0.71039927 0.53962779],[0.7148419  0.54145283],[0.71211189 0.54409361],[0.71205884 0.54916465],[0.70731235 0.54819691]
199,1.1026970643143525,0.42370866609652585,0.7632028652054392,[0.70388776 0.54392463],[0.71014059 0.53980374],[0.71449393 0.54182762],[0.71172261 0.54498053],[0.71175539 0.54958969],[0.70711887 0.54849774]
200,1.0867190339345754,0.4670474000241694,0.7768832169793723,[0.70387733 0.54465264],[0.71000147 0.54050952],[0.71430808 0.54232675],[0.71179789 0.54539311],[0.71153343 0.55016762],[0.70693994 0.54894364]
201,1.000682185073032,0.43807316309500016,0.7193776740840161,[0.70414913 0.54564726],[0.71030694 0.54183424],[0.71492678 0.54392731],[0.71250117 0.54719055],[0.7122795  0.55159688],[0.70744866 0.55024678]
202,1.0791344807661354,0.43199834350995975,0.7555664121380475,[0.70334321 0.54658794],[0.70966637 0.54267758],[0.71402031 0.54442286],[0.71097004 0.54699481],[0.71130836 0.55171227],[0.70668894 0.55085927]
203,1.075800047068107,0.4347882055113142,0.7552941262897106,[0.70320845 0.54792857],[0.7100457  0.54306942],[0.71476442 0.54506755],[0.71181059 0.54836071],[0.71166843 0.55334651],[0.70672745 0.55217654]
204,0.9995995361352694,0.43876165637466186,0.7191805962549657,[0.70327938 0.54939151],[0.71020907 0.54498261],[0.71513003 0.54671395],[0.7122497  0.54989123],[0.712134   0.55475748],[0.70695162 0.55377656]
205,1.0240358291931853,0.44097526460462666,0.7325055468989059,[0.70333046 0.55122036],[0.71042126 0.54598641],[0.71564746 0.54725391],[0.71298546 0.550933  ],[0.71272397 0.55644608],[0.70730954 0.55563402]
206,1.026639882274369,0.4476732973976001,0.7371565898359845,[0.70409262 0.55028272],[0.71051741 0.54652864],[0.71503532 0.54818171],[0.71235776 0.55063915],[0.71206605 0.55586028],[0.70732474 0.55467939]
207,1.1150262742298835,0.4377869021036012,0.7764065881667424,[0.70344132 0.55126959],[0.71008855 0.54622686],[0.71473354 0.54816467],[0.71218687 0.55147314],[0.71169853 0.55706716],[0.7067908  0.55577618]
208,0.9420850677552625,0.4433838559584927,0.6927344618568776,[0.70330244 0.55089706],[0.71030039 0.54673362],[0.71518546 0.54838961],[0.71249157 0.55097419],[0.71213591 0.55614841],[0.70697427 0.55507267]
209,1.0322120964002657,0.42554457507385185,0.7288783357370587,[0.70215768 0.55055285],[0.7092858  0.54640019],[0.71381843 0.54826105],[0.71048993 0.55060697],[0.71044254 0.55576658],[0.70567793 0.55461466]
210,1.0285026517850646,0.4223024029403833,0.7254025273627239,[0.70323938 0.55019832],[0.71001357 0.54580361],[0.714665  0.5476051],[0.71199065 0.55038983],[0.71161675 0.55573881],[0.70667022 0.55450284]
211,1.1067343772565639,0.45024376941017474,0.7784890733333694,[0.70306963 0.55016726],[0.7096889  0.54576772],[0.71439469 0.54736382],[0.71173191 0.55024892],[0.71128333 0.5561927 ],[0.70635855 0.55499882]
212,1.1138092228122658,0.45126926460500044,0.7825392437086331,[0.70277417 0.55000687],[0.70974326 0.54551339],[0.71451479 0.54713351],[0.71141577 0.54994088],[0.71120101 0.55587137],[0.70618385 0.55475742]
213,1.2335382641192139,0.4365647136000017,0.8350514888596078,[0.70264184 0.55105966],[0.70975471 0.54604238],[0.71429503 0.54775798],[0.71053094 0.55046415],[0.71080106 0.55645865],[0.70604169 0.55548066]
214,1.1379092841033684,0.4412777220515477,0.7895935030774581,[0.70310146 0.55048418],[0.7100693  0.54597342],[0.71467686 0.54742789],[0.71139163 0.55021429],[0.71141946 0.55598283],[0.70651823 0.55502456]
215,1.0618215975535397,0.4294818430272801,0.7456517202904098,[0.70276052 0.55108887],[0.71020871 0.54578459],[0.71517992 0.54749477],[0.71232319 0.55079597],[0.71174645 0.55669069],[0.70652103 0.55561703]
216,0.9749150626400804,0.42961353851289613,0.7022643005764883,[0.70292163 0.55178094],[0.71050161 0.54709756],[0.71564817 0.54890341],[0.71295232 0.55218804],[0.7122727  0.55772364],[0.70686048 0.55655074]
217,0.8558311668598348,0.20189154319479594,0.5288613550273153,[0.70197314 0.55253506],[0.70925009 0.55007112],[0.71394944 0.55258584],[0.71077627 0.55454004],[0.71044457 0.5590952 ],[0.70542794 0.55716825]
218,1.0618263026964578,0.16963718092148009,0.615731741808969,[0.70138299 0.54972321],[0.70828772 0.54817438],[0.71193844 0.55080068],[0.70720148 0.55126059],[0.7084918  0.55575985],[0.70470536 0.55388498]
219,1.0577328529137482,0.20532915241802543,0.6315310026658868,[0.70262247 0.54994613],[0.70876968 0.54887545],[0.71220458 0.55179912],[0.70832765 0.55236703],[0.70866519 0.55701339],[0.70502794 0.55456382]
220,0.8803218237222475,0.20525630478334006,0.5427890642527938,[0.70116305 0.55493063],[0.70879471 0.55171788],[0.71368909 0.55310535],[0.71034431 0.55618262],[0.71071374 0.56046194],[0.70551056 0.55942649]
221,0.7911056920971359,0.3934481788225095,0.5922769354598227,[0.70246983 0.55079514],[0.70839947 0.54942083],[0.71251708 0.55114704],[0.7097739  0.55269808],[0.70995158 0.55633587],[0.70559061 0.55489635]
222,1.0002716647060899,0.4171238811836843,0.7086977729448871,[0.70243055 0.55181801],[0.7090919  0.54810309],[0.71374381 0.5496887 ],[0.71098119 0.55227309],[0.71067059 0.5574466 ],[0.70575905 0.55623209]
223,0.9663152682732224,0.4218355178811473,0.6940753930771849,[0.70341361 0.55199206],[0.71088254 0.54698044],[0.71619785 0.54876602],[0.71395254 0.55192643],[0.71287578 0.55814093],[0.70731491 0.55677295]
224,0.9707801238430014,0.43629365961513517,0.7035368917290683,[0.70215487 0.55291611],[0.71009934 0.54768693],[0.7154569  0.54907131],[0.71255314 0.55260432],[0.71219969 0.55823708],[0.70667124 0.55758047]
225,1.0042993245040657,0.4401393475571231,0.7222193360305944,[0.70278025 0.55287409],[0.71050137 0.54703957],[0.71598983 0.54867131],[0.71353179 0.55264366],[0.71272677 0.55858862],[0.70702851 0.55764562]
226,1.0304706963772283,0.42451719479795397,0.7274939455875912,[0.70207763 0.55301708],[0.7097345  0.54798162],[0.71490657 0.54969203],[0.71200287 0.55298311],[0.71155566 0.55884176],[0.70611244 0.55806208]
227,1.0602907782245117,0.4283838775041737,0.7443373278643427,[0.70165801 0.55267119],[0.70913792 0.54786766],[0.71409112 0.54946917],[0.71086997 0.55269074],[0.7107051  0.55821836],[0.70545363 0.55732882]
228,1.0135866718896007,0.42453549634581567,0.7190610841177082,[0.70161337 0.55348486],[0.7091496  0.54822433],[0.71437317 0.54957414],[0.71149254 0.55296683],[0.71111429 0.55866271],[0.7056092  0.55800223]
229,0.942228595042077,0.43011961773583146,0.6861741063889543,[0.6996271  0.55078679],[0.70757788 0.54573935],[0.71312875 0.5476706 ],[0.71093434 0.5513885 ],[0.70961517 0.55747724],[0.70370084 0.55594909]
230,0.8090653386201739,0.39434448183094606,0.60170491022556,[0.69672602 0.54911596],[0.70512104 0.5431987 ],[0.71139795 0.54522514],[0.71012622 0.54920477],[0.70806092 0.55518478],[0.70151424 0.55378085]
231,0.4572599164872088,0.22363141447173998,0.3404456654794744,[0.68892425 0.55124211],[0.69807655 0.54931682],[0.70557725 0.55113882],[0.7049073  0.55240202],[0.702618   0.55767888],[0.69476223 0.55601895]
232,0.24991170238760965,0.16777734585092505,0.20884452411926735,[0.67874235 0.55168623],[0.68861651 0.55362183],[0.69775414 0.55636984],[0.70050406 0.55673838],[0.69544041 0.56163824],[0.68601108 0.55836564]
233,0.17023173584004891,0.18649022486827402,0.17836098035416148,[0.66716021 0.54263455],[0.67728937 0.54522449],[0.68752325 0.5496608 ],[0.69242501 0.55087841],[0.6857574 0.5536713],[0.67532337 0.54945612]
234,0.3644964400193092,0.27581397617968456,0.3201552080994969,[0.65005642 0.53556794],[0.66248518 0.53145027],[0.67386997 0.53546673],[0.67801183 0.54015321],[0.67114413 0.54495668],[0.65969491 0.54186076]
235,0.3672239791007292,0.3389798354173889,0.35310190725905904,[0.63777727 0.53322542],[0.65121359 0.5265258 ],[0.66409647 0.52929747],[0.66921455 0.5346176 ],[0.66174936 0.54009587],[0.64909828 0.53839999]
236,0.38190155572144263,0.3597886441578407,0.37084509993964165,[0.62604135 0.53179258],[0.64054817 0.52327389],[0.65439564 0.52538818],[0.66041744 0.53126246],[0.65171909 0.53784978],[0.63817334 0.53657746]
237,0.3854272450750678,0.36844338680570465,0.3769353159403862,[0.61615539 0.53008544],[0.63136423 0.52100635],[0.64604926 0.52313954],[0.65244532 0.52945358],[0.64364922 0.53640425],[0.6293394  0.53536266]
238,0.371294283313205,0.34700364599400285,0.3591489646536039,[0.60603631 0.52814758],[0.62176061 0.52018028],[0.63656229 0.52243114],[0.64355439 0.52793413],[0.63393456 0.53575325],[0.61923748 0.5342378 ]
239,0.3752065684406576,0.33494574717596615,0.35507615780831187,[0.5942986  0.52692837],[0.60996377 0.5180496 ],[0.62456852 0.52014649],[0.63207138 0.52639014],[0.62108749 0.53390819],[0.60666704 0.5318132 ]
240,0.3636611115924636,0.38720683252917043,0.375433972060817,[0.58083832 0.52603811],[0.59859306 0.51625508],[0.61528009 0.51842928],[0.62348324 0.52575821],[0.61221099 0.53342861],[0.59579748 0.53171146]
241,0.3708717750035421,0.3562036295979266,0.36353770230073434,[0.57149076 0.52464283],[0.58938229 0.51427281],[0.60556543 0.51631474],[0.61427873 0.52326554],[0.60213411 0.53161645],[0.58599138 0.52998346]
242,0.3719125121144574,0.33963000076830263,0.35577125644138,[0.56298029 0.52273571],[0.58057207 0.51242453],[0.5966202  0.51441097],[0.6059581  0.52139175],[0.59356296 0.52990776],[0.57745892 0.52831048]
243,0.3586264246469752,0.348275473785612,0.3534509492162936,[0.5541544  0.52154016],[0.57213938 0.51118785],[0.58842671 0.51275188],[0.59836292 0.51949251],[0.58574462 0.5281924 ],[0.56933838 0.52701283]
244,0.33527112417497545,0.37856905431181637,0.3569200892433959,[0.54807681 0.52029234],[0.56655437 0.51030529],[0.58294129 0.51142871],[0.59323627 0.51782608],[0.58021629 0.52632016],[0.5636884  0.52522016]
245,0.33425980011042,0.3714423674330783,0.3528510837717491,[0.54504031 0.51984781],[0.56322128 0.51057571],[0.57929057 0.51207584],[0.58947146 0.51841515],[0.57625097 0.52661896],[0.56003422 0.52509111]
246,0.345261929629961,0.36066610140255595,0.35296401551625844,[0.54216969 0.51884735],[0.56063598 0.50940365],[0.57689357 0.51114732],[0.58707535 0.51772225],[0.57393849 0.52628243],[0.55746049 0.52467424]
247,0.33009552816316573,0.36677005750045516,0.34843279283181045,[0.53982449 0.51897568],[0.55772722 0.51006538],[0.57388109 0.51148933],[0.58432227 0.51791209],[0.57111108 0.52591324],[0.55484587 0.52447814]
248,0.34321128061062367,0.3856912668723462,0.3644512737414849,[0.53731805 0.5204013 ],[0.55533189 0.51085514],[0.57147819 0.51220822],[0.58204603 0.51882243],[0.56852889 0.52737367],[0.55226457 0.52581578]
249,0.33605470882311816,0.3624943534619514,0.3492745311425348,[0.53658187 0.52022189],[0.55482489 0.51111996],[0.57100177 0.51258302],[0.58141983 0.51885819],[0.56828362 0.52733892],[0.55185771 0.52597225]
250,0.3245478753245948,0.3733899270805865,0.3489689012025906,[0.53739488 0.52028257],[0.5556891  0.51138586],[0.57205504 0.51285982],[0.58265656 0.51899147],[0.56942767 0.52725619],[0.55277961 0.52585316]
251,0.3323733688954108,0.3886440733956535,0.3605087211455321,[0.53904915 0.52027667],[0.55733842 0.51101768],[0.57349014 0.51253819],[0.58372629 0.51871741],[0.57094443 0.52692634],[0.55441713 0.52583796]
252,0.3608980737646648,0.36517509424971345,0.36303658400718913,[0.54178882 0.52116251],[0.55961066 0.51114005],[0.57559705 0.51235485],[0.58579123 0.51878214],[0.57317913 0.527982  ],[0.55693668 0.52690905]
253,0.34858037503901906,0.3652112124838244,0.3568957937614217,[0.54410326 0.52185577],[0.56194609 0.51186407],[0.57812583 0.51301372],[0.58844697 0.51949018],[0.57572639 0.5281992 ],[0.55940855 0.52724087]
254,0.36812762348415373,0.361802033827074,0.36496482865561386,[0.54762584 0.52135843],[0.56497562 0.51033008],[0.58096969 0.51122493],[0.59052086 0.51790446],[0.57866615 0.52674961],[0.56272739 0.52616048]
255,0.3617255839847436,0.3927601367434323,0.37724286036408794,[0.54905599 0.5200972 ],[0.56690818 0.50840455],[0.58330095 0.50944954],[0.59272206 0.51626009],[0.58031416 0.52486038],[0.56412458 0.52417517]
256,0.36327882330068767,0.40527571429080533,0.38427726879574653,[0.5495401  0.51940179],[0.56742543 0.5077309 ],[0.5839206  0.50860327],[0.59350634 0.51527905],[0.58099055 0.52424973],[0.5645991  0.52364761]
257,0.370367964158622,0.3634166896867654,0.3668923269226937,[0.54927731 0.51890796],[0.56740183 0.50726008],[0.58418649 0.50829929],[0.59378767 0.51512694],[0.58097315 0.52452397],[0.5643487  0.52352536]
258,0.381795502142018,0.3705557587392206,0.3761756304406193,[0.54700196 0.51950246],[0.56472254 0.50689071],[0.58114332 0.50783288],[0.59079939 0.51500869],[0.57802391 0.52421939],[0.56172526 0.52356154]
259,0.3559808832877423,0.38054273117423315,0.3682618072309877,[0.54115677 0.51958233],[0.55892396 0.50826949],[0.57547694 0.50887877],[0.58588248 0.51565951],[0.5724895  0.52473211],[0.55599856 0.52382976]
260,0.3102032006867862,0.3612160961519425,0.33570964841936435,[0.53186488 0.51816428],[0.54924411 0.50747591],[0.56510437 0.50830704],[0.57545829 0.514368  ],[0.56212389 0.52129883],[0.54632235 0.52098221]
261,0.2645759027548135,0.3204301034457256,0.29250300310026955,[0.51771504 0.51694876],[0.5349319  0.50792605],[0.55125332 0.5090456 ],[0.56243867 0.51371837],[0.5485726  0.51999372],[0.5323081  0.52010226]
262,0.3020996892723242,0.3141000971081446,0.30809989319023445,[0.50572467 0.51600724],[0.52188545 0.50588691],[0.53770506 0.50722086],[0.54884475 0.51242059],[0.53476286 0.51934904],[0.51932764 0.51930851]
263,0.3001013273361755,0.36715111962631547,0.3336262234812455,[0.49433094 0.51632458],[0.51056159 0.50580215],[0.52660835 0.50703609],[0.53870052 0.51246792],[0.52368712 0.51952803],[0.50794822 0.51945651]
264,0.33642156728174066,0.4072476563969279,0.3718346118393343,[0.48593283 0.51746297],[0.50034142 0.50573975],[0.51602161 0.50678384],[0.52853435 0.51306415],[0.51326436 0.5204398 ],[0.49847075 0.52050674]
265,0.33009771558661627,0.45135001265338914,0.3907238641200027,[0.474718   0.51843894],[0.4896037  0.50728923],[0.50509846 0.50824058],[0.51718575 0.51382655],[0.50209969 0.52161634],[0.4873147  0.52160144]
266,0.33672684713252127,0.5016466090071303,0.4191867280698258,[0.46534982 0.51972163],[0.48003858 0.50715381],[0.49581814 0.50763291],[0.50838405 0.51342469],[0.4931384  0.52147138],[0.47815007 0.52223063]
267,0.3773386574219502,0.5042450550251046,0.44079185622352746,[0.45964929 0.52068383],[0.47344813 0.50698644],[0.48907462 0.5076443 ],[0.50184029 0.51423907],[0.48654059 0.52286118],[0.47193342 0.52370143]
268,0.38431674178225067,0.4842043599810165,0.4342605508816336,[0.45609215 0.52165693],[0.47034895 0.50760984],[0.4862729  0.50780076],[0.49897921 0.51431131],[0.48375177 0.52374303],[0.46875897 0.52484071]
269,0.3783574823550856,0.5303539155725178,0.4543556989638017,[0.45224088 0.52295214],[0.46522495 0.50880301],[0.48070648 0.50939018],[0.49377611 0.51611376],[0.47841322 0.52437383],[0.46412262 0.52546191]
270,0.3567276003779108,0.5185399778823974,0.43763378913015405,[0.44494846 0.52460647],[0.45761934 0.51198941],[0.47226253 0.51307166],[0.4849079 0.5195359],[0.46952498 0.52641845],[0.45590016 0.52700454]
271,0.3733657262014526,0.4914657678430809,0.4324157470222667,[0.43926865 0.5286544 ],[0.4516955 0.5165171],[0.46603063 0.51812023],[0.47875544 0.52458894],[0.46327874 0.53185451],[0.44980448 0.53203696]
272,0.3882450975684851,0.5394515757002172,0.4638483366343511,[0.43406284 0.53217041],[0.44704318 0.51891065],[0.46180955 0.5203675 ],[0.47418278 0.52747017],[0.4583652  0.53495121],[0.44452891 0.53509742]
273,0.39207044194497753,0.4758189391931798,0.4339446905690787,[0.433016  0.5319702],[0.44560772 0.51869547],[0.4600125 0.5203467],[0.47253922 0.52750444],[0.45615599 0.53474629],[0.44277567 0.53472918]
274,0.38194248119273805,0.4564651448656903,0.41920381302921417,[0.43193102 0.52972245],[0.44466844 0.51778865],[0.4587107  0.51942945],[0.4707326  0.52511102],[0.4544923 0.533117 ],[0.44145262 0.53297764]
275,0.36865732594932643,0.5094942238076834,0.4390757748785049,[0.4325994  0.53103769],[0.44507968 0.51905751],[0.4588185  0.52040315],[0.47088319 0.52589411],[0.45459029 0.53339851],[0.44178611 0.53350168]
276,0.3751151932096592,0.5151555467664468,0.44513536998805303,[0.43165568 0.53254068],[0.44442213 0.52024734],[0.45891741 0.52143061],[0.4712989  0.52716589],[0.45547214 0.53539455],[0.44191608 0.53567612]
277,0.3980137104999323,0.42189395698264504,0.4099538337412887,[0.4314824  0.53333306],[0.44435686 0.51997495],[0.45881036 0.52126449],[0.47127467 0.52793527],[0.45526531 0.53616703],[0.44173861 0.53641522]
278,0.37370790810699384,0.4202967939890062,0.397002351048,[0.4313648  0.53275824],[0.44371948 0.52047449],[0.45779395 0.5217784 ],[0.4700872  0.52773643],[0.45406508 0.5351907 ],[0.44100758 0.53549474]
279,0.4005204241616945,0.43970552796057755,0.420112976061136,[0.43171796 0.53302777],[0.44407198 0.51974642],[0.45807546 0.52110159],[0.47033787 0.52761418],[0.45420009 0.53549969],[0.44116241 0.53581315]
280,0.3879718470618749,0.4477091734796202,0.41784051027074753,[0.43313718 0.53212994],[0.44551635 0.51957524],[0.45967004 0.52097106],[0.47179309 0.52688074],[0.45524806 0.53487659],[0.44231099 0.53492248]
281,0.38778260699782047,0.48026855141247826,0.4340255792051494,[0.43234915 0.53245747],[0.44523582 0.52000952],[0.45958519 0.52158344],[0.47151282 0.52748603],[0.45549485 0.53567356],[0.44222319 0.53566825]
282,0.3879430632322862,0.44854535679353746,0.41824421001291184,[0.43287674 0.53273767],[0.44569668 0.52026218],[0.46006066 0.52147061],[0.47227412 0.52745485],[0.45652258 0.53581083],[0.44301063 0.53610736]
283,0.41161936408269945,0.49070204997787154,0.4511607070302855,[0.43287805 0.53281218],[0.44560748 0.51932186],[0.45992875 0.52085632],[0.47192612 0.52749091],[0.45581329 0.53584903],[0.44253194 0.53593528]
284,0.39476021745703677,0.4433372474276046,0.41904873244232066,[0.43289632 0.53271711],[0.44488722 0.5194546 ],[0.45911193 0.52046162],[0.47165072 0.52679443],[0.45493975 0.53480387],[0.44192791 0.53519469]
285,0.37678537215124525,0.4241131610242079,0.40044926658772656,[0.43337706 0.53257966],[0.44590211 0.5202449 ],[0.46006766 0.5214833 ],[0.47259769 0.5275296 ],[0.4557687  0.53519899],[0.44262335 0.53531832]
286,0.39694864820437525,0.3961934520033926,0.39657105010388394,[0.43374324 0.53426135],[0.44626403 0.52062649],[0.46079263 0.52180159],[0.47335944 0.52867782],[0.45668107 0.53653544],[0.44320536 0.53680515]
287,0.3803179804393894,0.40373160530861707,0.39202479287400327,[0.43400267 0.53433782],[0.44708088 0.52156347],[0.46163714 0.52277613],[0.47373226 0.52894378],[0.45756012 0.53688747],[0.4439975  0.53706837]
288,0.3661197488248008,0.30142909169095566,0.33377442025787823,[0.43302259 0.53714955],[0.44644472 0.52533758],[0.46072426 0.52668774],[0.47237742 0.53218699],[0.45690712 0.53996378],[0.44340527 0.5402627 ]
289,0.1260237564927132,0.12484431117324686,0.12543403383298002,[0.43643025 0.53867465],[0.45028019 0.53792411],[0.4651095  0.53860492],[0.47925699 0.53742617],[0.4619154  0.54305112],[0.44693187 0.54206389]
290,0.06829285448564981,0.08432823391351055,0.07631054419958018,[0.43711841 0.53953695],[0.45054948 0.5428009 ],[0.46539009 0.54345697],[0.48028132 0.53995454],[0.46279275 0.54506212],[0.44778597 0.54346597]
291,0.07631931300690532,0.07416566799933136,0.07524249050311835,[0.43747988 0.53970498],[0.45109171 0.54140455],[0.46577963 0.5421291 ],[0.48040491 0.53943765],[0.46299997 0.54393429],[0.44813702 0.54272848]
292,0.17347913252455258,0.22329795133848832,0.19838854193152045,[0.43759739 0.53684497],[0.45166215 0.53342265],[0.46634606 0.53378147],[0.47973248 0.53460288],[0.46323267 0.54053545],[0.44852942 0.53990847]
293,0.3137472975005686,0.36128599407436524,0.33751664578746693,[0.43517461 0.53468049],[0.44933602 0.52488655],[0.46403021 0.52584732],[0.47624582 0.53047246],[0.46061614 0.53784841],[0.44647276 0.53800738]
294,0.3422231844594332,0.39493258598426845,0.36857788522185086,[0.43532354 0.53394413],[0.44945019 0.52221704],[0.46444961 0.52296025],[0.47676331 0.52813059],[0.46094564 0.53625679],[0.44653207 0.53681886]
295,0.3698656595861154,0.4654995248862265,0.41768259223617094,[0.43584469 0.53329462],[0.44886354 0.52102149],[0.46333772 0.52195799],[0.47561705 0.52749914],[0.4597356  0.53576553],[0.44601387 0.53621852]
296,0.3263516537358928,0.47538826862767614,0.4008699611817845,[0.43791002 0.5320949 ],[0.45074224 0.52176285],[0.4650192  0.52266252],[0.47730654 0.52719992],[0.46068084 0.53455317],[0.44724128 0.53454673]
297,0.35670625811120804,0.5056638723749134,0.4311850652430607,[0.4376142  0.53366262],[0.45038626 0.52122295],[0.46473432 0.52213866],[0.47694784 0.52776432],[0.46068001 0.53519434],[0.44727716 0.53559464]
298,0.3492024924472407,0.45877738259470985,0.4039899375209753,[0.43743271 0.53298604],[0.45058265 0.52080417],[0.46509695 0.52181393],[0.47728586 0.52768803],[0.4610076  0.53473586],[0.44743812 0.53498465]
299,0.3642888304427107,0.4466905603770856,0.40548969540989815,[0.43757388 0.5333432 ],[0.45045766 0.52083105],[0.46494672 0.52176768],[0.47742417 0.52740449],[0.46099404 0.53538722],[0.44741374 0.53569573]
300,0.3625759970736052,0.4256043972549962,0.3940901971643007,[0.4377619  0.53301036],[0.45050493 0.52012146],[0.4650403 0.5208692],[0.47756425 0.52659458],[0.46172759 0.53445661],[0.44801992 0.53516752]
301,0.37495637405151294,0.44436122396621913,0.40965879900886604,[0.43827477 0.53272599],[0.45063749 0.51959407],[0.46493423 0.52023536],[0.47724172 0.52608466],[0.46123064 0.53403318],[0.44795936 0.53471571]
302,0.39338019143521774,0.40775924349657766,0.4005697174658977,[0.4389126  0.53147948],[0.45165294 0.51899576],[0.4659766  0.51983225],[0.4781298  0.52529007],[0.46197662 0.53447086],[0.44860363 0.53476483]
303,0.39370075435072394,0.4883937996359412,0.44104727699333257,[0.44056058 0.53188914],[0.45284149 0.5177483 ],[0.46742624 0.51827502],[0.48005697 0.52468383],[0.46395746 0.53309029],[0.45034102 0.53395337]
304,0.3286531607945362,0.38524612635444455,0.3569496435744904,[0.44416678 0.5287053 ],[0.45752856 0.51799327],[0.47219208 0.51859015],[0.48458803 0.52304339],[0.46903583 0.53112322],[0.45502627 0.53167039]
305,0.1023167922983302,0.11572636172660927,0.10902157701246973,[0.45384684 0.52972925],[0.46735147 0.52894956],[0.48203218 0.52890068],[0.49615949 0.52636683],[0.47895557 0.53213966],[0.46427321 0.53183419]
306,0.07572467441524708,0.06262444247462573,0.0691745584449364,[0.46156543 0.52648759],[0.47505924 0.52773255],[0.49000967 0.5271855 ],[0.50440627 0.52283019],[0.48736006 0.52941626],[0.47234556 0.52912086]
307,0.07134204115070424,0.06861352108093391,0.06997778111581907,[0.4719851  0.52682734],[0.48534635 0.5285126 ],[0.49971411 0.52724057],[0.51410484 0.52180135],[0.49748683 0.52940571],[0.48266786 0.5297398 ]
308,0.061811096469728745,0.06664643337700557,0.06422876492336715,[0.48188263 0.52457684],[0.49632815 0.52803457],[0.51173931 0.52670532],[0.52651322 0.5201925 ],[0.50960028 0.52854764],[0.49365574 0.52854568]
309,0.04328329674400477,0.03219598905777603,0.0377396429008904,[0.49318752 0.52286625],[0.50823438 0.52728188],[0.52444386 0.52565461],[0.53928113 0.51809508],[0.52288681 0.5268541 ],[0.50619102 0.52717829]
310,0.03726340357577339,0.035852369513244366,0.03655788654450888,[0.50554258 0.52238464],[0.52064049 0.52647507],[0.53677011 0.5246793 ],[0.551503   0.51749253],[0.53550166 0.52522475],[0.51869935 0.52577394]
311,0.038083615975681884,0.03294264302476417,0.03551312950022303,[0.51697809 0.52168274],[0.53271663 0.52585983],[0.54890537 0.52479935],[0.56263995 0.51869613],[0.54758471 0.52509177],[0.53065252 0.52532321]
312,0.03400595381016398,0.03348326625349533,0.03374461003182966,[0.52962619 0.52298957],[0.54519182 0.52608824],[0.56141621 0.52530777],[0.57510036 0.5202679 ],[0.56046772 0.52627426],[0.54348791 0.52646077]
313,0.041310529816324534,0.06708389303038644,0.054197211423355485,[0.53988415 0.52545655],[0.55490768 0.52759045],[0.57054943 0.52717793],[0.58343607 0.52363282],[0.57008898 0.52884579],[0.55372506 0.52904058]
314,0.04119217002296147,0.052093651558053275,0.04664291079050738,[0.54637271 0.52552229],[0.56214112 0.52959836],[0.57901108 0.52944595],[0.59125453 0.52488828],[0.57760048 0.53064865],[0.56033707 0.52998108]
315,0.04266069500350252,0.04611886009181603,0.04438977754765928,[0.55120832 0.52761459],[0.56639069 0.53237402],[0.58261389 0.53217232],[0.59464133 0.52696049],[0.58108741 0.53326279],[0.56456047 0.53237385]
316,0.05200280308950909,0.045399427632604385,0.048701115361056736,[0.55265194 0.52882743],[0.56832975 0.5334363 ],[0.58483505 0.53345466],[0.59638947 0.52838099],[0.58297431 0.53477412],[0.56609499 0.53382379]
317,0.050485372845087535,0.05508120631919255,0.05278328958214004,[0.55363548 0.53049964],[0.56921333 0.53501284],[0.58558184 0.53520948],[0.59736913 0.53039628],[0.58380705 0.53640485],[0.56697059 0.53540063]
318,0.056505793150938045,0.05390014792436391,0.055202970537650976,[0.55446434 0.52990818],[0.57007086 0.53475869],[0.58643943 0.53467828],[0.59799933 0.52907133],[0.58426362 0.53547847],[0.56747413 0.53458434]
319,0.05684068843340508,0.05306721888773327,0.054953953660569176,[0.55513555 0.53037065],[0.57047325 0.53487682],[0.5864197  0.53534311],[0.59802341 0.53048509],[0.58442205 0.53666323],[0.56804872 0.53540373]
320,0.04920152808597302,0.05471111312176407,0.051956320603868546,[0.55572051 0.53094608],[0.57100946 0.53538394],[0.58727151 0.53546232],[0.59890771 0.53019965],[0.58537042 0.5361892 ],[0.56879538 0.53545052]
321,0.04701160326142789,0.04962950085363654,0.04832055205753222,[0.55552566 0.53261507],[0.57160211 0.53742498],[0.58845568 0.53716391],[0.600137   0.53165996],[0.58674699 0.53826791],[0.56944549 0.53756493]
322,0.05239273731957313,0.052449987641736105,0.05242136248065461,[0.55440682 0.5322516 ],[0.57047451 0.53770876],[0.58741254 0.53781283],[0.59891838 0.53243995],[0.58549088 0.53912431],[0.56814647 0.53792083]
323,0.04975591394024285,0.06442243734248448,0.05708917564136366,[0.55417234 0.53225255],[0.56974483 0.53708321],[0.58655924 0.53711176],[0.59835559 0.53220081],[0.58466792 0.53823274],[0.56754762 0.53714919]
324,0.051848649438109067,0.057870157756734444,0.05485940359742175,[0.55389875 0.53188473],[0.56960732 0.53682667],[0.58623552 0.53704482],[0.5979135  0.53171563],[0.58414978 0.53729701],[0.56720525 0.53628081]
325,0.054372903050890785,0.05412838884119605,0.05425064594604342,[0.554061   0.53386414],[0.56952369 0.53766054],[0.5858227  0.53801775],[0.59776551 0.53365672],[0.58420384 0.53988582],[0.56754339 0.53879213]
326,0.047830415396684506,0.05402160033486263,0.050926007865773566,[0.55395263 0.5338099 ],[0.56967789 0.53787655],[0.58629078 0.53777695],[0.59810662 0.53299379],[0.58480608 0.53937644],[0.56780601 0.53869295]
327,0.04632924933505933,0.06551035793154572,0.055919803633302526,[0.55467176 0.53288251],[0.57079053 0.53850508],[0.58817834 0.53800797],[0.6000188  0.53215736],[0.58635074 0.53894657],[0.56871253 0.53796196]
328,0.040291320578347306,0.05807489980689229,0.0491831101926198,[0.55534679 0.53343773],[0.57102513 0.5386095 ],[0.58809417 0.53861392],[0.60010719 0.53362769],[0.58654392 0.53960854],[0.56926179 0.5385319 ]
329,0.049530203886391656,0.06294483586022137,0.05623751987330651,[0.55628562 0.53465152],[0.572083   0.53922486],[0.58866835 0.53931785],[0.60050452 0.53441662],[0.58680397 0.5404464 ],[0.56988984 0.53941131]
330,0.05226300878071009,0.07345315525508517,0.06285808201789762,[0.55629283 0.53383815],[0.57229483 0.53874338],[0.58924121 0.53886908],[0.60097599 0.53379178],[0.5871976  0.54011089],[0.57002097 0.5388999 ]
331,0.05410743537261788,0.08858116556122661,0.07134430046692225,[0.55656892 0.53453308],[0.57215798 0.53878498],[0.58829838 0.53912431],[0.60013032 0.53407985],[0.58635741 0.54050887],[0.56989819 0.53935289]
332,0.050690155297933026,0.061985172641821636,0.05633766396987733,[0.55602974 0.53416765],[0.57163125 0.53800744],[0.58820134 0.53820044],[0.59995896 0.53380728],[0.58643103 0.53962743],[0.56958288 0.53875309]
333,0.04901989934453144,0.05993969338351719,0.054479796364024315,[0.55642557 0.53407359],[0.57228774 0.53886181],[0.5889467  0.53881359],[0.60088652 0.53349006],[0.58704001 0.53969783],[0.57003105 0.53879887]
334,0.0489428423208399,0.06607196339306876,0.057507402856954326,[0.55636179 0.53472   ],[0.57216156 0.53938997],[0.58869088 0.5393036 ],[0.60041523 0.53411257],[0.5869875  0.54063237],[0.57004267 0.5397675 ]
335,0.049900527040595465,0.05711550019068475,0.05350801361564011,[0.55621523 0.5334354 ],[0.57219279 0.53887355],[0.58907944 0.53854477],[0.60067654 0.5324474 ],[0.5870921  0.53913599],[0.56988961 0.53833652]
336,0.045707997186328155,0.06249977374354296,0.05410388546493555,[0.55685854 0.53436494],[0.57217908 0.53926003],[0.58842909 0.53909099],[0.60008138 0.53392756],[0.58679813 0.54018742],[0.57019341 0.53921342]
337,0.04916758341214684,0.061059075391116775,0.05511332940163181,[0.55674738 0.53435022],[0.57285869 0.53948683],[0.58985871 0.53930789],[0.60166478 0.53372365],[0.58791614 0.53985745],[0.57052845 0.53891838]
338,0.04913146357591642,0.0687397284588781,0.05893559601739726,[0.55603898 0.53459764],[0.57213789 0.53917241],[0.5891062  0.53904945],[0.60081118 0.53389448],[0.58727521 0.54015005],[0.56988472 0.53939015]
339,0.05066479325820291,0.0696602355116671,0.060162514384935,[0.55611879 0.53433788],[0.57147354 0.53928447],[0.58767796 0.53972757],[0.59941739 0.53457457],[0.58578223 0.5407939 ],[0.56927431 0.53952593]
340,0.04636046193348348,0.07230268828833494,0.05933157511090921,[0.55660594 0.53450817],[0.57184482 0.53934628],[0.5879612  0.53956872],[0.59974724 0.5344317 ],[0.586254   0.54051715],[0.56980121 0.53946674]
341,0.05106347533937829,0.07612574137363955,0.06359460835650892,[0.55705667 0.53428847],[0.57254171 0.53992945],[0.58904308 0.53978455],[0.6006695  0.53373796],[0.5870499  0.54056615],[0.57026553 0.53951585]
342,0.04864225283045574,0.06737185342064177,0.058007053125548755,[0.5563603  0.53504705],[0.57211959 0.54008484],[0.58897585 0.54006833],[0.60064089 0.53458714],[0.58713043 0.5412603 ],[0.57001913 0.54029691]
343,0.04901649437533626,0.07258596772194147,0.06080123104863887,[0.55607134 0.53400016],[0.57156491 0.5396471 ],[0.58820808 0.53969949],[0.59986627 0.53391999],[0.58621138 0.54035753],[0.56943071 0.53915137]
344,0.05456823782789819,0.06076941344402235,0.05766882563596027,[0.55618584 0.53430915],[0.57167441 0.53969181],[0.58823889 0.54005218],[0.59968525 0.53462154],[0.58608371 0.54118174],[0.56936139 0.53976691]
345,0.05481300970821191,0.0670661087351302,0.06093955922167106,[0.55617893 0.53431863],[0.57200831 0.53946948],[0.58907765 0.53956985],[0.60072196 0.53453493],[0.58690107 0.5408529 ],[0.5696522  0.53951377]
346,0.05612844122758453,0.06771069058961865,0.06191956590860159,[0.5566467  0.53413182],[0.57241833 0.53974944],[0.58943051 0.53988034],[0.60103768 0.53460407],[0.58712345 0.54073358],[0.56996524 0.53915668]
347,0.0517143928961789,0.06356071436678959,0.05763755363148425,[0.55619019 0.53401619],[0.57198912 0.53897572],[0.58866799 0.53907633],[0.60034764 0.53407264],[0.58659971 0.53985488],[0.5696491 0.5386917]
348,0.05054749822568105,0.06234349188381186,0.056445495054746456,[0.5558241  0.53499818],[0.57147592 0.53957015],[0.58795661 0.53962386],[0.59933263 0.53467822],[0.58605969 0.54063249],[0.56922919 0.53969514]
349,0.04087283712160413,0.05548477786078156,0.04817880749119285,[0.55707258 0.53542191],[0.57273984 0.53949177],[0.58911169 0.5393877 ],[0.60087222 0.53447908],[0.58758473 0.53998423],[0.57079995 0.53940296]
350,0.056641424335284137,0.04975825183616947,0.0531998380857268,[0.55618584 0.53381133],[0.57194346 0.53877556],[0.58824044 0.53889966],[0.59952646 0.53369683],[0.58605528 0.53944784],[0.56932199 0.53834319]
351,0.06006310330863151,0.05071090147653408,0.05538700239258279,[0.55589396 0.53368533],[0.57140416 0.53616184],[0.58756667 0.53668886],[0.59896469 0.53295088],[0.58542532 0.53797483],[0.56894505 0.53721935]
352,0.1179579263254129,0.21806023406811836,0.16800908019676564,[0.55606878 0.53287327],[0.57138258 0.53065127],[0.58690935 0.53089607],[0.59779567 0.53011227],[0.58542532 0.53523523],[0.5695467  0.53560144]
353,0.28674080312297534,0.33062192523674316,0.30868136417985925,[0.55637389 0.53165138],[0.57256007 0.52369988],[0.58768815 0.52388924],[0.597      0.52745676],[0.58603168 0.53531581],[0.57070035 0.53542954]
354,0.34304772629725855,0.36145416448534395,0.35225094539130125,[0.55625623 0.53151017],[0.57291996 0.52048528],[0.58844936 0.52061045],[0.59776843 0.52560067],[0.58592182 0.53470731],[0.57031971 0.53469616]
355,0.34872889879317875,0.36575493801680387,0.3572419184049913,[0.55633783 0.53135794],[0.57284528 0.52001995],[0.58833539 0.52011365],[0.5975911  0.52524239],[0.58561844 0.53438306],[0.57015765 0.53433084]
356,0.37044662967854086,0.3679970595989288,0.36922184463873486,[0.55631316 0.5305106 ],[0.57335943 0.51898706],[0.58929247 0.51942611],[0.59846693 0.52496195],[0.58655161 0.53493547],[0.57055229 0.53448606]
357,0.37076281161283053,0.3866735901973984,0.37871820090511443,[0.55677497 0.5310691 ],[0.57358289 0.51952231],[0.58936733 0.51992571],[0.59855723 0.52552432],[0.58659685 0.53531116],[0.57081342 0.53489619]
358,0.3780118077914074,0.3752962852037418,0.3766540464975746,[0.55644149 0.53023344],[0.57330459 0.5184164 ],[0.58934557 0.5184139 ],[0.59872216 0.52387476],[0.58681023 0.5344559 ],[0.57078892 0.534302  ]
359,0.39475873155737534,0.37307436113407305,0.3839165463457242,[0.55689675 0.52972645],[0.57372373 0.51728332],[0.58984452 0.51767057],[0.59907222 0.52369565],[0.58704233 0.5342384 ],[0.57103121 0.53390044]
360,0.4003931602995606,0.381620746189747,0.39100695324465384,[0.55707693 0.52910745],[0.5737924  0.51661825],[0.58991879 0.51708496],[0.59922659 0.52310669],[0.58713925 0.53389627],[0.57116532 0.53346837]
361,0.38919687818846177,0.40286981171014985,0.3960333449493058,[0.55633008 0.52903783],[0.57325411 0.51679492],[0.58928001 0.51709408],[0.59854925 0.5227955 ],[0.58656156 0.53350067],[0.57052851 0.53315961]
362,0.37715619606238937,0.39492799573400467,0.38604209589819705,[0.55651736 0.52970451],[0.57350546 0.5172509 ],[0.58955204 0.51731068],[0.59891045 0.5230304 ],[0.58681959 0.53331327],[0.57085711 0.53316939]
363,0.3916461561611419,0.3911358120627618,0.39139098411195183,[0.55683887 0.52913654],[0.57384998 0.5168643 ],[0.58983517 0.51726574],[0.59904903 0.5229913 ],[0.58692265 0.53372568],[0.57094646 0.5333057 ]
364,0.37840883587304674,0.3929094120291469,0.3856591239510968,[0.55634063 0.52814871],[0.57345104 0.51654184],[0.58954453 0.51689243],[0.5990392  0.52234572],[0.58706295 0.53302073],[0.57092011 0.53263807]
365,0.379372897855333,0.4052140282384653,0.39229346304689916,[0.55665046 0.52844948],[0.57359058 0.51663953],[0.58968413 0.51692873],[0.59890079 0.52235788],[0.58698517 0.5329302 ],[0.57092446 0.53257936]
366,0.3913641634697384,0.39190208183510467,0.39163312265242156,[0.5572893  0.52969933],[0.57399076 0.51709801],[0.59009981 0.51711851],[0.59930444 0.52286351],[0.58760011 0.53357887],[0.57167768 0.53360653]
367,0.3609859821164267,0.3678748752329654,0.36443042867469605,[0.5572328  0.52991462],[0.57424229 0.51788294],[0.59052515 0.51791567],[0.59975916 0.52339482],[0.58805341 0.5331437 ],[0.57196558 0.53335053]
368,0.3857410084007501,0.35389775603818757,0.36981938221946886,[0.55788493 0.53009945],[0.57467335 0.51743752],[0.59071565 0.51759529],[0.59978408 0.52355409],[0.58800679 0.53368896],[0.57211721 0.53363347]
369,0.373868171395672,0.3715785079068888,0.3727233396512804,[0.55818969 0.5298714 ],[0.57519495 0.51752967],[0.59141976 0.51759207],[0.60062993 0.5233168 ],[0.5886358  0.53346205],[0.57254755 0.53330714]
370,0.38950832794886553,0.3758549693627173,0.3826816486557914,[0.55829823 0.53015947],[0.57518667 0.51766658],[0.59149528 0.51799899],[0.60076249 0.523983  ],[0.58892047 0.53447235],[0.57276899 0.53424633]
371,0.40221573795518484,0.36899901449550015,0.38560737622534247,[0.55863798 0.53085494],[0.57539314 0.51751357],[0.59148026 0.51762283],[0.60067427 0.52383929],[0.58852625 0.53461266],[0.57265025 0.53432965]
372,0.40536244555684753,0.39391413426393546,0.3996382899103915,[0.55797654 0.52981228],[0.57521039 0.51655006],[0.59148407 0.5168336 ],[0.60071129 0.52316457],[0.58836144 0.53424817],[0.57217991 0.53365415]
373,0.38130487434170013,0.40236758735712075,0.39183623084941044,[0.55829871 0.52896458],[0.5753606  0.51666242],[0.59159774 0.51676261],[0.60098559 0.52282709],[0.58893514 0.53310424],[0.57282716 0.53279579]
374,0.3871987962758575,0.4180464055798721,0.40262260092786484,[0.55840075 0.52875656],[0.57517236 0.51614451],[0.5913614  0.51602733],[0.6006279 0.5218792],[0.58886755 0.53247893],[0.57289213 0.53247803]
375,0.36778316398166927,0.3810372891963248,0.37441022658899703,[0.55795944 0.52853483],[0.57505423 0.51641262],[0.59126842 0.51612782],[0.60039407 0.52154648],[0.58863819 0.53182983],[0.57252413 0.53192073]
376,0.1264938856276586,0.2507281101117116,0.1886109978696851,[0.55697209 0.53042829],[0.57331407 0.52865034],[0.59030151 0.528629  ],[0.60096967 0.52748781],[0.58854783 0.53379238],[0.57137412 0.53401285]
377,0.3010026451696436,0.3174425879651081,0.3092226165673758,[0.55834818 0.5275383 ],[0.5754301  0.51877499],[0.59136915 0.51908857],[0.60029548 0.52308863],[0.58896631 0.53155088],[0.57286406 0.53121543]
378,0.3500188612760907,0.3513789816611677,0.35069892146862924,[0.55957979 0.52713728],[0.57664514 0.51575506],[0.59284759 0.51601404],[0.60206932 0.52178383],[0.58978999 0.53087503],[0.57375175 0.53027678]
379,0.3804316015102271,0.3503467134539652,0.3653891574820961,[0.55986458 0.52791011],[0.57695931 0.5155198 ],[0.59308892 0.51589322],[0.60228515 0.5218873 ],[0.59013629 0.53197581],[0.57411957 0.53151828]
380,0.3870867435267965,0.3708273021749635,0.37895702285088,[0.56046253 0.52844608],[0.57726711 0.51551747],[0.59345442 0.51562124],[0.60265309 0.52177203],[0.59059948 0.53197658],[0.57465363 0.53177506]
381,0.37148345845321906,0.3827890612142386,0.37713625983372884,[0.56005245 0.52808857],[0.57691157 0.51611972],[0.59300262 0.51618958],[0.60238016 0.5218758 ],[0.59029406 0.53199154],[0.57432431 0.53165841]
382,0.39380958356626516,0.3652872988393769,0.37954844120282105,[0.55989218 0.52836454],[0.57717597 0.5151456 ],[0.59357983 0.51531881],[0.60268974 0.52168584],[0.59051603 0.53221089],[0.57433498 0.53185427]
383,0.39428916201032077,0.3655563105956711,0.37992273630299594,[0.56005472 0.52785355],[0.57738197 0.51501346],[0.59374034 0.5153963 ],[0.60274625 0.5216642 ],[0.59053558 0.53220779],[0.57431626 0.53163648]
384,0.3931615569084795,0.3737800642281844,0.38347081056833193,[0.55994141 0.52776659],[0.57713962 0.51530969],[0.59342474 0.51567018],[0.6027261  0.52196473],[0.59057254 0.53253156],[0.57438821 0.53193313]
385,0.3878895934892955,0.39269276078700976,0.39029117713815265,[0.55966824 0.52857494],[0.57666337 0.51623881],[0.59276772 0.51631957],[0.60182458 0.52227461],[0.59016019 0.53270274],[0.57411945 0.5325191 ]
386,0.3860036450434933,0.3853788639847844,0.3856912545141389,[0.55938721 0.52852154],[0.57652617 0.51583368],[0.59285378 0.51588655],[0.60193759 0.52180952],[0.59012079 0.53231156],[0.57394397 0.53223622]
387,0.3937604583109552,0.38461994631999624,0.38919020231547574,[0.5600785  0.52871132],[0.57716072 0.51582754],[0.59331638 0.51595956],[0.60247231 0.52207381],[0.59040761 0.53270787],[0.57434982 0.53238434]
388,0.3925186256677985,0.3864196392601094,0.389469132463954,[0.55987686 0.52823561],[0.57711291 0.51581293],[0.59330702 0.5162167 ],[0.60255688 0.52229893],[0.59029448 0.53298837],[0.57413971 0.53233546]
389,0.4116141975475412,0.3825391712899414,0.39707668441874133,[0.56014532 0.52886117],[0.57701772 0.51551038],[0.59321678 0.51571715],[0.60236263 0.52202678],[0.59031159 0.53315675],[0.57427275 0.53282112]
390,0.4043237632014474,0.3964867179378002,0.4004052405696238,[0.55953336 0.52850151],[0.57687891 0.51482236],[0.59345365 0.51480103],[0.60260975 0.52131903],[0.59059978 0.53229022],[0.57424343 0.53221786]
391,0.4124910765564071,0.39144549345225216,0.40196828500432963,[0.56061357 0.52945375],[0.57735813 0.51590723],[0.59341919 0.51598048],[0.60256356 0.52252096],[0.59071761 0.53339863],[0.5748741  0.53318053]
392,0.3823898963081192,0.40122901965757196,0.3918094579828456,[0.559865   0.52889585],[0.576882   0.51641715],[0.59323436 0.51646692],[0.60249531 0.52250004],[0.59071302 0.53278816],[0.57454288 0.53270286]
393,0.37880354162421853,0.38770676532890885,0.3832551534765637,[0.55949581 0.52853376],[0.57686979 0.51563615],[0.5937255  0.51545203],[0.60292423 0.5218541 ],[0.59121114 0.53197247],[0.57465029 0.5320648 ]
394,0.37847031389741703,0.38140750758341396,0.3799389107404155,[0.55966693 0.52877486],[0.57679993 0.5160684 ],[0.59322649 0.51571929],[0.60239899 0.52142972],[0.59081906 0.5319711 ],[0.57456785 0.53230655]
395,0.395307381646967,0.38214897871862163,0.3887281801827943,[0.56040061 0.52939242],[0.57708287 0.51605821],[0.59319651 0.51586199],[0.60234928 0.52205324],[0.59078491 0.53251302],[0.57494313 0.53276598]
396,0.2535472859006022,0.24902614703153367,0.2512867164660679,[0.55821669 0.530303  ],[0.5742625 0.5234797],[0.59000695 0.52356136],[0.59967387 0.5258984 ],[0.58838201 0.53364205],[0.57242864 0.53425497]
397,0.0639987051474734,0.12803756001547575,0.09601813258147457,[0.55974644 0.52866048],[0.57559299 0.5319857 ],[0.59219652 0.53281945],[0.60317248 0.52889693],[0.58971345 0.53407168],[0.57291061 0.5327065 ]
398,0.14802369885795244,0.23859043813241107,0.19330706849518176,[0.5598495  0.52920687],[0.57555467 0.52613258],[0.59128499 0.52661967],[0.60112631 0.52702278],[0.58931559 0.53221679],[0.57338822 0.5320521 ]
399,0.05989108505875513,0.06399967336149043,0.061945379210122775,[0.5591343  0.53133863],[0.57550222 0.53634501],[0.59251368 0.53664261],[0.60380334 0.53123963],[0.5900718  0.53693134],[0.57270378 0.53561664]
400,0.054452119332257444,0.06766661322017947,0.061059366276218455,[0.55917573 0.53214413],[0.57514113 0.537377  ],[0.59192437 0.53809935],[0.6031487  0.53311443],[0.5897426  0.53877842],[0.57265174 0.53709775]
401,0.06327893153075431,0.051843888254015355,0.057561409892384834,[0.55932862 0.53175765],[0.57537335 0.53706378],[0.59208363 0.53752977],[0.60327184 0.53198498],[0.58950138 0.53831518],[0.57253194 0.53671795]
402,0.06156095865442276,0.051190657494560816,0.05637580807449179,[0.55934393 0.53171641],[0.57528758 0.53690982],[0.59186584 0.53749532],[0.60314381 0.53212494],[0.58939463 0.53835142],[0.5725168  0.53671443]
403,0.05707971692621086,0.0550184805084865,0.05604909871734868,[0.55780518 0.53293663],[0.5740729  0.53814214],[0.59076595 0.53856027],[0.60192227 0.53332412],[0.58870971 0.539994  ],[0.57158041 0.53857529]
404,0.050057146096856554,0.05089296568849869,0.05047505589267762,[0.55848932 0.53403616],[0.57410049 0.53946865],[0.59045672 0.54003775],[0.60188985 0.53483659],[0.5886119 0.541179 ],[0.57193226 0.53965765]
405,0.06353983756505599,0.05047267065510711,0.05700625411008155,[0.55780268 0.53359282],[0.5737654  0.53869635],[0.59027308 0.53930604],[0.60142374 0.53428292],[0.5880453  0.54108739],[0.57116073 0.53937507]
406,0.05632987245214506,0.05198607045668751,0.05415797145441628,[0.55768019 0.53218853],[0.57383806 0.53722465],[0.59083468 0.53755867],[0.60210073 0.53198886],[0.58854425 0.53851265],[0.57131499 0.5372594 ]
407,0.062068011559787535,0.11038402274038936,0.08622601715008844,[0.55743802 0.53104252],[0.57317251 0.53317046],[0.58985782 0.53324515],[0.60104096 0.52932131],[0.58789575 0.53511286],[0.57095772 0.53472871]
408,0.28637626569469277,0.29914814137842133,0.292762203536557,[0.55846232 0.53012705],[0.5745098  0.52267075],[0.5894376  0.52308577],[0.59877688 0.52649611],[0.58745801 0.5344395 ],[0.57233173 0.5341242 ]
409,0.3081717454873857,0.33760673349544806,0.3228892394914169,[0.55731833 0.53065509],[0.57407796 0.52196103],[0.58958274 0.52247959],[0.59909934 0.52648312],[0.58757758 0.53513831],[0.571926   0.53484553]
410,0.3314762410504897,0.38219018517433584,0.3568332131124128,[0.55716127 0.53139704],[0.57355386 0.52188432],[0.58899677 0.52198726],[0.59874642 0.52616566],[0.58720869 0.53578788],[0.57166934 0.53562599]
411,0.3394748995832605,0.37817374383605656,0.3588243217096585,[0.55688548 0.53186059],[0.5736177  0.52193934],[0.5892275  0.52203304],[0.59867531 0.52636951],[0.58744347 0.53620392],[0.57167697 0.53614169]
412,0.35389341992205403,0.38467090906862,0.369282164495337,[0.5568074 0.5322333],[0.57361525 0.52156407],[0.58951604 0.52160889],[0.59888285 0.5264467 ],[0.58751404 0.53650165],[0.57154256 0.53645456]
413,0.34512875769946727,0.37717447503009405,0.36115161636478066,[0.55598915 0.53180206],[0.57261717 0.52193058],[0.5883221  0.52228498],[0.59777784 0.52699172],[0.58653772 0.5366146 ],[0.57071793 0.53640163]
414,0.38152627001284883,0.3661190433270647,0.37382265666995673,[0.55433303 0.53225839],[0.5708487  0.52107114],[0.58661038 0.52142537],[0.59601873 0.52653182],[0.58483577 0.53720826],[0.56899238 0.53718936]
415,0.35189626540105756,0.35816312266567346,0.3550296940333655,[0.54938835 0.53042656],[0.56672037 0.51963621],[0.58335078 0.51966977],[0.59290421 0.52485073],[0.58162618 0.53482294],[0.56486583 0.5351513 ]
416,0.35073068673068275,0.34290833733664694,0.34681951203366485,[0.54395956 0.52756578],[0.56149608 0.51726377],[0.5781219 0.5178082],[0.58742458 0.52311885],[0.57580686 0.53286886],[0.55907279 0.53248268]
417,0.3484351556162303,0.3419965017032467,0.3452158286597385,[0.53982532 0.52973878],[0.55609846 0.51920366],[0.57163066 0.51887435],[0.58133507 0.52328342],[0.57007074 0.53338552],[0.55447596 0.53379357]
418,0.3448795999440624,0.3263269630202413,0.33560328148215185,[0.53695685 0.53127211],[0.55291414 0.52150059],[0.56806403 0.52118266],[0.5777393  0.52506137],[0.56697446 0.53526592],[0.55163318 0.53577226]
419,0.31694795706662926,0.32754004161137434,0.32224399933900183,[0.53519881 0.53003633],[0.55123866 0.52148014],[0.56598198 0.52150083],[0.57557201 0.52531916],[0.56439424 0.53432745],[0.54931939 0.5341779 ]
420,0.32688853668702406,0.32206197822044796,0.324475257453736,[0.53488415 0.52858627],[0.55123532 0.51902544],[0.56690305 0.5187245 ],[0.57670587 0.52278775],[0.56535137 0.53253484],[0.54952884 0.5326252 ]
421,0.3491336666572452,0.3265746332989228,0.337854149978084,[0.5361588 0.5280003],[0.55212003 0.5170331 ],[0.5676474  0.51641411],[0.57743335 0.52062553],[0.56627929 0.53093517],[0.55068755 0.53165483]
422,0.3529661781271882,0.34427905438763395,0.3486226162574111,[0.53799093 0.52630293],[0.55395037 0.51609129],[0.56914771 0.51582181],[0.57883859 0.51996899],[0.56774718 0.53031278],[0.55238146 0.53062868]
423,0.34183160724555345,0.3346024040082275,0.3382170056268905,[0.54054415 0.52568191],[0.55670357 0.51587558],[0.57205522 0.51576257],[0.58190942 0.51968056],[0.57087189 0.5299347 ],[0.55528843 0.53016019]
424,0.3416288979479051,0.3398331821653879,0.34073104005664645,[0.54112351 0.525608  ],[0.55793083 0.51516289],[0.5741297  0.51491821],[0.58411348 0.51946491],[0.57260114 0.52969676],[0.55636501 0.52989411]
425,0.32503011255793174,0.326504608811721,0.32576736068482637,[0.54030192 0.5233295 ],[0.55720645 0.5137862 ],[0.57295483 0.51437259],[0.58248597 0.51904804],[0.57117814 0.52781838],[0.55533433 0.52766085]
426,0.3273714145754047,0.33736343517978734,0.332367424877596,[0.53841054 0.52256155],[0.55522722 0.51256746],[0.57113147 0.51303965],[0.5807488  0.51766998],[0.56957328 0.52659035],[0.55360359 0.52673984]
427,0.3364370018379113,0.34144617509923086,0.3389415884685711,[0.53517985 0.52537954],[0.5522452  0.51447374],[0.56854385 0.5143519 ],[0.57853949 0.51900023],[0.56710023 0.52880126],[0.55075997 0.52936822]
428,0.34937041382902306,0.3309315135362233,0.3401509636826232,[0.53252906 0.52782458],[0.54909891 0.51666886],[0.56496453 0.51636952],[0.57510167 0.52062649],[0.56372344 0.53114271],[0.54774714 0.53195339]
429,0.34689919057862173,0.32459858797648,0.33574888927755087,[0.53056753 0.53013122],[0.54734874 0.51880896],[0.56355917 0.51854521],[0.57370502 0.52287829],[0.56222457 0.53341687],[0.54595321 0.53416306]
430,0.34568131967727433,0.34998837283539347,0.3478348462563339,[0.53107905 0.53099471],[0.54759246 0.51982373],[0.56391734 0.51963758],[0.5741086  0.52403641],[0.56248403 0.53439111],[0.54619563 0.53507239]
431,0.33470975381746504,0.34991920627565715,0.34231448004656106,[0.53117287 0.53370851],[0.54805666 0.52279812],[0.56455398 0.52250469],[0.57458061 0.52673811],[0.56287837 0.53697503],[0.54632592 0.53756022]
432,0.3354748304722895,0.33670902171662237,0.33609192609445593,[0.53266692 0.53417706],[0.5499419 0.523103 ],[0.56682134 0.52289236],[0.57670033 0.52749956],[0.56512815 0.53754622],[0.5483073  0.53814507]
433,0.3365734542739169,0.3324050959461469,0.3344892751100319,[0.53554535 0.53606737],[0.55251968 0.52522081],[0.56890482 0.52497959],[0.57866818 0.52908427],[0.5672797  0.53937995],[0.55085289 0.54004174]
434,0.3116339444032961,0.32925221767836776,0.32044308104083197,[0.5394538  0.53443062],[0.55627847 0.52404696],[0.57263303 0.5233072 ],[0.58238786 0.52717865],[0.57099736 0.5367288 ],[0.55465078 0.5375669 ]
435,0.34610587820958666,0.33315616723221225,0.33963102272089946,[0.54377019 0.53428036],[0.56055516 0.52324933],[0.57673478 0.52300549],[0.58646303 0.52728909],[0.57474703 0.53772527],[0.5585103  0.53820288]
436,0.2641647962727715,0.29067497431259937,0.27741988529268546,[0.54780769 0.5327816 ],[0.56422263 0.52565604],[0.58014417 0.5261122 ],[0.58985364 0.52891064],[0.5786742  0.53672111],[0.56260002 0.53713977]
437,0.10221230654030519,0.06435309999757005,0.08328270326893762,[0.55422157 0.53622568],[0.56986922 0.53526753],[0.58586407 0.53614366],[0.59703749 0.53459406],[0.58443964 0.53987712],[0.56810868 0.53969324]
438,0.2756688604949309,0.2549500297402558,0.26530944511759336,[0.5571481  0.54037094],[0.57328767 0.5329895 ],[0.58878314 0.53323907],[0.59847999 0.53593338],[0.58717453 0.54435831],[0.5715372  0.54454142]
439,0.2893225540670429,0.3098535584127367,0.2995880562398898,[0.55658668 0.54075211],[0.57329547 0.53215677],[0.58930981 0.53223145],[0.59885859 0.53526181],[0.58746141 0.54417419],[0.57128805 0.54457653]
440,0.3132461800140867,0.29904993618468545,0.30614805809938606,[0.555022   0.53816891],[0.57168001 0.52939546],[0.58753955 0.52971452],[0.59722459 0.533261  ],[0.58574218 0.54274076],[0.56966794 0.54271245]
441,0.3219452142058153,0.26889840267387133,0.29542180843984334,[0.553482   0.53595024],[0.57004613 0.52657312],[0.58598757 0.52653122],[0.59547293 0.52999914],[0.58459032 0.53983706],[0.56846553 0.54041189]
442,0.32418736263978604,0.27506129313565547,0.29962432788772075,[0.552755   0.53517258],[0.56880188 0.52548724],[0.58431864 0.52498978],[0.59371954 0.52825648],[0.58297998 0.53820574],[0.56728464 0.53905535]
443,0.3217323099651117,0.29757260260621654,0.3096524562856641,[0.5513531  0.53277564],[0.56736618 0.52314758],[0.58262265 0.52297348],[0.59197628 0.52620184],[0.58140099 0.5358724 ],[0.56590569 0.53659147]
444,0.3281900214177455,0.31434590777518623,0.3212679645964659,[0.55173981 0.53245974],[0.56725061 0.52299744],[0.58228683 0.52251357],[0.59159362 0.5257805 ],[0.58142602 0.53553313],[0.56624907 0.53643626]
445,0.3401115720550233,0.31857453428766846,0.3293430531713459,[0.5490799  0.53190362],[0.5650776  0.52222818],[0.58070177 0.52204359],[0.59007686 0.52575105],[0.57961768 0.53589708],[0.56385344 0.53647923]
446,0.3268151583202052,0.3217376871062599,0.32427642271323254,[0.54661483 0.53524125],[0.5627507  0.52554435],[0.5784694  0.52519202],[0.58787811 0.52876908],[0.57707304 0.53860134],[0.56122142 0.53927833]
447,0.315519351539886,0.3193848516917891,0.31745210161583753,[0.54518831 0.53548533],[0.5612067  0.52614337],[0.5767526  0.52578944],[0.5859881  0.52880025],[0.57559931 0.53842527],[0.55993092 0.53948373]
448,0.34136140404046555,0.3215746476749811,0.33146802585772334,[0.54499888 0.53606379],[0.56090283 0.52611965],[0.57626188 0.52611697],[0.58544791 0.52985948],[0.57497436 0.53971034],[0.55948079 0.54033291]
